DATE TIME,VALUE,precip_in,precip_mm
10/1/16,0,0,0
10/2/16,0,0,0
10/3/16,0,0,0
10/4/16,0,0,0
10/5/16,0,0,0
10/6/16,0,0,0
10/7/16,0,0,0
10/8/16,0,0,0
10/9/16,0,0,0
10/10/16,0,0,0
10/11/16,0,0,0
10/12/16,0,0,0
10/13/16,0,0,0
10/14/16,0,0,0
10/15/16,0,0,0
10/16/16,0,0,0
10/17/16,0,0,0
10/18/16,0,0,0
10/19/16,0,0,0
10/20/16,0,0,0
10/21/16,0,0,0
10/22/16,0,0,0
10/23/16,0,0,0
10/24/16,0,0,0
10/25/16,0,0,0
10/26/16,0,0,0
10/27/16,0,0,0
10/28/16,0,0,0
10/29/16,0,0,0
10/30/16,0,0,0
10/31/16,0,0,0
11/1/16,0,0,0
11/2/16,0,0,0
11/3/16,0,0,0
11/4/16,0,0,0
11/5/16,0,0,0
11/6/16,0,0,0
11/7/16,0,0,0
11/8/16,0,0,0
11/9/16,0,0,0
11/10/16,0,0,0
11/11/16,0,0,0
11/12/16,0,0,0
11/13/16,0,0,0
11/14/16,0,0,0
11/15/16,0.3,0.3,7.62
11/16/16,0.4,0.1,2.54
11/17/16,0.4,0,0
11/18/16,0.4,0,0
11/19/16,1.4,1,25.4
11/20/16,3.1,1.7,43.18
11/21/16,3.3,0.2,5.08
11/22/16,3.3,0,0
11/23/16,4.1,0.8,20.32
11/24/16,4.1,0,0
11/25/16,4.1,0,0
11/26/16,4.6,0.5,12.7
11/27/16,5.8,1.2,30.48
11/28/16,6,0.2,5.08
11/29/16,6,0,0
11/30/16,6.1,0.1,2.54
12/1/16,6.1,0,0
12/2/16,6.1,0,0
12/3/16,6.1,0,0
12/4/16,6.1,0,0
12/5/16,6.1,0,0
12/6/16,6.1,0,0
12/7/16,6.5,0.4,10.16
12/8/16,7.2,0.7,17.78
12/9/16,7.7,0.5,12.7
12/10/16,12.2,4.5,114.3
12/11/16,12.2,0,0
12/12/16,12.2,0,0
12/13/16,12.7,0.5,12.7
12/14/16,12.8,0.1,2.54
12/15/16,16.2,3.4,86.36
12/16/16,17,0.8,20.32
12/17/16,17.1,0.1,2.54
12/18/16,17.1,0,0
12/19/16,17.1,0,0
12/20/16,17.1,0,0
12/21/16,17.3,0.2,5.08
12/22/16,17.3,0,0
12/23/16,18.4,1.1,27.94
12/24/16,19.1,0.7,17.78
12/25/16,19.4,0.3,7.62
12/26/16,19.4,0,0
12/27/16,19.4,0,0
12/28/16,19.4,0,0
12/29/16,19.4,0,0
12/30/16,19.4,0,0
12/31/16,19.4,0,0
1/1/17,19.4,0,0
1/2/17,19.9,0.5,12.7
1/3/17,20.2,0.3,7.62
1/4/17,26.7,6.5,165.1
1/5/17,28.3,1.6,40.64
1/6/17,28.3,0,0
1/7/17,30.4,2.1,53.34
1/8/17,30.4,0,0
1/9/17,30.4,0,0
1/10/17,30.4,0,0
1/11/17,30.4,0,0
1/12/17,30.4,0,0
1/13/17,30.4,0,0
1/14/17,30.4,0,0
1/15/17,30.4,0,0
1/16/17,30.4,0,0
1/17/17,193.9,0,0
1/18/17,194.1,0.2,5.08
1/19/17,195.1,1,25.4
1/20/17,195.1,0,0
1/21/17,195.2,0.1,2.54
1/22/17,195.2,0,0
1/23/17,196.1,0.9,22.86
1/24/17,196.1,0,0
1/25/17,196.1,0,0
1/26/17,196.1,0,0
1/27/17,197.1,1,25.4
1/28/17,198.1,1,25.4
1/29/17,198.8,0.7,17.78
1/30/17,199.6,0.8,20.32
1/31/17,200.1,0.5,12.7
2/1/17,200.5,0.4,10.16
2/2/17,201.2,0.7,17.78
2/3/17,201.2,0,0
2/4/17,201.6,0.4,10.16
2/5/17,201.6,0,0
2/6/17,201.9,0.3,7.62
2/7/17,209.5,7.6,193.04
2/8/17,215.6,6.1,154.94
2/9/17,218,2.4,60.96
2/10/17,218.7,0.7,17.78
2/11/17,220,1.3,33.02
2/12/17,220.3,0.3,7.62
2/13/17,220.3,0,0
2/14/17,220.3,0,0
2/15/17,220.3,0,0
2/16/17,221,0.7,17.78
2/17/17,221.1,0.1,2.54
2/18/17,222.2,1.1,27.94
2/19/17,222.2,0,0
2/20/17,222.5,0.3,7.62
2/21/17,222.5,0,0
2/22/17,222.5,0,0
2/23/17,222.5,0,0
2/24/17,222.5,0,0
2/25/17,222.5,0,0
2/26/17,222.5,0,0
2/27/17,222.5,0,0
2/28/17,222.7,0.2,5.08
3/1/17,223.2,0.5,12.7
3/2/17,225.9,2.7,68.58
3/3/17,231.4,5.5,139.7
3/4/17,232,0.6,15.24
3/5/17,233.7,1.7,43.18
3/6/17,233.8,0.1,2.54
3/7/17,233.8,0,0
3/8/17,235,1.2,30.48
3/9/17,235.3,0.3,7.62
3/10/17,235.3,0,0
3/11/17,235.3,0,0
3/12/17,235.3,0,0
3/13/17,235.4,0.1,2.54
3/14/17,235.4,0,0
3/15/17,235.4,0,0
3/16/17,235.4,0,0
3/17/17,235.5,0.1,2.54
3/18/17,235.6,0.1,2.54
3/19/17,235.6,0,0
3/20/17,235.7,0.1,2.54
3/21/17,237.3,1.6,40.64
3/22/17,237.7,0.4,10.16
3/23/17,237.8,0.1,2.54
3/24/17,238.8,1,25.4
3/25/17,239.1,0.3,7.62
3/26/17,239.6,0.5,12.7
3/27/17,240,0.4,10.16
3/28/17,240.1,0.1,2.54
3/29/17,240.1,0,0
3/30/17,240.9,0.8,20.32
3/31/17,240.9,0,0
4/1/17,240.9,0,0
4/2/17,241,0.1,2.54
4/3/17,241,0,0
4/4/17,241,0,0
4/5/17,241,0,0
4/6/17,242.3,1.3,33.02
4/7/17,244.3,2,50.8
4/8/17,245.4,1.1,27.94
4/9/17,245.4,0,0
4/10/17,245.5,0.1,2.54
4/11/17,245.6,0.1,2.54
4/12/17,246.9,1.3,33.02
4/13/17,249.1,2.2,55.88
4/14/17,249.6,0.5,12.7
4/15/17,249.6,0,0
4/16/17,250.3,0.7,17.78
4/17/17,251.1,0.8,20.32
4/18/17,251.7,0.6,15.24
4/19/17,251.7,0,0
4/20/17,252,0.3,7.62
4/21/17,252.1,0.1,2.54
4/22/17,252.1,0,0
4/23/17,252.1,0,0
4/24/17,252.8,0.7,17.78
4/25/17,252.9,0.1,2.54
4/26/17,253.4,0.5,12.7
4/27/17,253.7,0.3,7.62
4/28/17,253.7,0,0
4/29/17,253.7,0,0
4/30/17,253.7,0,0
5/1/17,253.7,0,0
5/2/17,253.7,0,0
5/3/17,253.7,0,0
5/4/17,253.7,0,0
5/5/17,253.7,0,0
5/6/17,254.5,0.8,20.32
5/7/17,254.5,0,0
5/8/17,254.6,0.1,2.54
5/9/17,254.6,0,0
5/10/17,254.7,0.1,2.54
5/11/17,254.7,0,0
5/12/17,254.7,0,0
5/13/17,254.7,0,0
5/14/17,254.7,0,0
5/15/17,254.8,0.1,2.54
5/16/17,255.1,0.3,7.62
5/17/17,255.3,0.2,5.08
5/18/17,255.4,0.1,2.54
5/19/17,255.4,0,0
5/20/17,255.4,0,0
5/21/17,255.4,0,0
5/22/17,255.4,0,0
5/23/17,255.4,0,0
5/24/17,255.4,0,0
5/25/17,255.5,0.1,2.54
5/26/17,255.5,0,0
5/27/17,255.6,0.1,2.54
5/28/17,255.6,0,0
5/29/17,255.7,0.1,2.54
5/30/17,255.7,0,0
5/31/17,255.7,0,0
6/1/17,255.7,0,0
6/2/17,255.7,0,0
6/3/17,255.7,0,0
6/4/17,255.7,0,0
6/5/17,255.7,0,0
6/6/17,255.7,0,0
6/7/17,255.8,0.1,2.54
6/8/17,255.8,0,0
6/9/17,256,0.2,5.08
6/10/17,256,0,0
6/11/17,256.1,0.1,2.54
6/12/17,256.6,0.5,12.7
6/13/17,256.7,0.1,2.54
6/14/17,256.7,0,0
6/15/17,256.7,0,0
6/16/17,256.7,0,0
6/17/17,256.7,0,0
6/18/17,256.7,0,0
6/19/17,256.7,0,0
6/20/17,256.7,0,0
6/21/17,256.8,0.1,2.54
6/22/17,256.8,0,0
6/23/17,256.8,0,0
6/24/17,256.8,0,0
6/25/17,256.8,0,0
6/26/17,256.8,0,0
6/27/17,256.8,0,0
6/28/17,256.8,0,0
6/29/17,256.8,0,0
6/30/17,256.8,0,0
7/1/17,256.8,0,0
7/2/17,256.8,0,0
7/3/17,256.8,0,0
7/4/17,256.8,0,0
7/5/17,256.8,0,0
7/6/17,256.8,0,0
7/7/17,256.8,0,0
7/8/17,256.8,0,0
7/9/17,256.8,0,0
7/10/17,256.8,0,0
7/11/17,256.8,0,0
7/12/17,256.8,0,0
7/13/17,256.8,0,0
7/14/17,256.8,0,0
7/15/17,256.8,0,0
7/16/17,256.8,0,0
7/17/17,256.8,0,0
7/18/17,256.8,0,0
7/19/17,256.8,0,0
7/20/17,256.8,0,0
7/21/17,256.8,0,0
7/22/17,256.9,0.1,2.54
7/23/17,256.9,0,0
7/24/17,256.9,0,0
7/25/17,256.9,0,0
7/26/17,256.9,0,0
7/27/17,256.9,0,0
7/28/17,257,0.1,2.54
7/29/17,257,0,0
7/30/17,257,0,0
7/31/17,257,0,0
8/1/17,257,0,0
8/2/17,257,0,0
8/3/17,257.1,0.1,2.54
8/4/17,257.1,0,0
8/5/17,257.2,0.1,2.54
8/6/17,257.2,0,0
8/7/17,257.2,0,0
8/8/17,257.3,0.1,2.54
8/9/17,257.3,0,0
8/10/17,257.4,0.1,2.54
8/11/17,257.4,0,0
8/12/17,257.4,0,0
8/13/17,257.4,0,0
8/14/17,257.5,0.1,2.54
8/15/17,257.5,0,0
8/16/17,257.6,0.1,2.54
8/17/17,257.6,0,0
8/18/17,257.6,0,0
8/19/17,257.6,0,0
8/20/17,257.7,0.1,2.54
8/21/17,257.7,0,0
8/22/17,257.8,0.1,2.54
8/23/17,257.9,0.1,2.54
8/24/17,257.9,0,0
8/25/17,257.9,0,0
8/26/17,257.9,0,0
8/27/17,257.9,0,0
8/28/17,257.9,0,0
8/29/17,257.9,0,0
8/30/17,257.9,0,0
8/31/17,257.9,0,0
9/1/17,369.3,0,0
9/2/17,369.3,0,0
9/3/17,369.3,0,0
9/4/17,369.3,0,0
9/5/17,385.2,0,0
9/6/17,385.3,0.1,2.54
9/7/17,385.3,0,0
9/8/17,385.3,0,0
9/9/17,385.4,0.1,2.54
9/10/17,385.4,0,0
9/11/17,385.7,0.3,7.62
9/12/17,385.7,0,0
9/13/17,385.8,0.1,2.54
9/14/17,385.9,0.1,2.54
9/15/17,385.9,0,0
9/16/17,385.9,0,0
9/17/17,385.9,0,0
9/18/17,385.9,0,0
9/19/17,385.9,0,0
9/20/17,386.3,0.4,10.16
9/21/17,386.9,0.6,15.24
9/22/17,387.2,0.3,7.62
9/23/17,387.2,0,0
9/24/17,387.3,0.1,2.54
9/25/17,387.3,0,0
9/26/17,387.3,0,0
9/27/17,387.3,0,0
9/28/17,387.4,0.1,2.54
9/29/17,387.4,0,0
9/30/17,387.4,0,0
10/1/17,,0,0
10/2/17,0.1,0.1,2.54
10/3/17,0.1,0,0
10/4/17,0.1,0,0
10/5/17,0.1,0,0
10/6/17,0.2,0.1,2.54
10/7/17,0.2,0,0
10/8/17,0.2,0,0
10/9/17,0.2,0,0
10/10/17,0.3,0.1,2.54
10/11/17,0.3,0,0
10/12/17,0.4,0.1,2.54
10/13/17,0.4,0,0
10/14/17,0.5,0.1,2.54
10/15/17,0.5,0,0
10/16/17,0.5,0,0
10/17/17,0.7,0.2,5.08
10/18/17,0.7,0,0
10/19/17,0.7,0,0
10/20/17,1.6,0.9,22.86
10/21/17,1.6,0,0
10/22/17,1.7,0.1,2.54
10/23/17,1.8,0.1,2.54
10/24/17,1.8,0,0
10/25/17,1.8,0,0
10/26/17,1.8,0,0
10/27/17,1.8,0,0
10/28/17,1.8,0,0
10/29/17,1.9,0.1,2.54
10/30/17,1.9,0,0
10/31/17,1.9,0,0
11/1/17,1.9,0,0
11/2/17,1.9,0,0
11/3/17,2.6,0.7,17.78
11/4/17,4.1,1.5,38.1
11/5/17,4.4,0.3,7.62
11/6/17,4.4,0,0
11/7/17,4.4,0,0
11/8/17,4.4,0,0
11/9/17,6.2,1.8,45.72
11/10/17,6.4,0.2,5.08
11/11/17,6.4,0,0
11/12/17,6.4,0,0
11/13/17,7.3,0.9,22.86
11/14/17,7.4,0.1,2.54
11/15/17,9.8,2.4,60.96
11/16/17,14.1,4.3,109.22
11/17/17,14.8,0.7,17.78
11/18/17,14.9,0.1,2.54
11/19/17,14.9,0,0
11/20/17,15.9,1,25.4
11/21/17,15.9,0,0
11/22/17,15.9,0,0
11/23/17,16,0.1,2.54
11/24/17,16,0,0
11/25/17,16.1,0.1,2.54
11/26/17,17.7,1.6,40.64
11/27/17,18.2,0.5,12.7
11/28/17,18.2,0,0
11/29/17,18.2,0,0
11/30/17,18.2,0,0
12/1/17,18.2,0,0
12/2/17,18.2,0,0
12/3/17,18.6,0.4,10.16
12/4/17,18.6,0,0
12/5/17,18.6,0,0
12/6/17,18.6,0,0
12/7/17,18.7,0.1,2.54
12/8/17,18.7,0,0
12/9/17,18.7,0,0
12/10/17,18.8,0.1,2.54
12/11/17,18.9,0.1,2.54
12/12/17,18.9,0,0
12/13/17,19,0.1,2.54
12/14/17,19,0,0
12/15/17,19,0,0
12/16/17,19,0,0
12/17/17,19,0,0
12/18/17,19.2,0.2,5.08
12/19/17,19.2,0,0
12/20/17,19.6,0.4,10.16
12/21/17,19.6,0,0
12/22/17,19.7,0.1,2.54
12/23/17,19.8,0.1,2.54
12/24/17,19.8,0,0
12/25/17,19.8,0,0
12/26/17,19.8,0,0
12/27/17,19.8,0,0
12/28/17,19.8,0,0
12/29/17,19.8,0,0
12/30/17,19.8,0,0
12/31/17,19.8,0,0
1/1/18,19.8,0,0
1/2/18,19.9,0.1,2.54
1/3/18,20,0.1,2.54
1/4/18,20.4,0.4,10.16
1/5/18,21.5,1.1,27.94
1/6/18,22.3,0.8,20.32
1/7/18,22.3,0,0
1/8/18,23.6,1.3,33.02
1/9/18,24.9,1.3,33.02
1/10/18,25.2,0.3,7.62
1/11/18,25.2,0,0
1/12/18,25.3,0.1,2.54
1/13/18,25.3,0,0
1/14/18,25.3,0,0
1/15/18,25.3,0,0
1/16/18,25.5,0.2,5.08
1/17/18,25.5,0,0
1/18/18,25.7,0.2,5.08
1/19/18,26.6,0.9,22.86
1/20/18,26.6,0,0
1/21/18,26.6,0,0
1/22/18,26.9,0.3,7.62
1/23/18,27,0.1,2.54
1/24/18,27.9,0.9,22.86
1/25/18,28.3,0.4,10.16
1/26/18,29.1,0.8,20.32
1/27/18,29.1,0,0
1/28/18,29.3,0.2,5.08
1/29/18,29.3,0,0
1/30/18,29.3,0,0
1/31/18,29.3,0,0
2/1/18,29.3,0,0
2/2/18,29.3,0,0
2/3/18,29.3,0,0
2/4/18,29.3,0,0
2/5/18,29.3,0,0
2/6/18,29.3,0,0
2/7/18,29.3,0,0
2/8/18,29.3,0,0
2/9/18,29.3,0,0
2/10/18,29.3,0,0
2/11/18,29.3,0,0
2/12/18,29.3,0,0
2/13/18,29.3,0,0
2/14/18,29.3,0,0
2/15/18,29.3,0,0
2/16/18,29.4,0.1,2.54
2/17/18,29.5,0.1,2.54
2/18/18,29.5,0,0
2/19/18,29.5,0,0
2/20/18,29.8,0.3,7.62
2/21/18,29.8,0,0
2/22/18,29.8,0,0
2/23/18,30.2,0.4,10.16
2/24/18,30.4,0.2,5.08
2/25/18,30.8,0.4,10.16
2/26/18,31,0.2,5.08
2/27/18,32.1,1.1,27.94
2/28/18,32.1,0,0
3/1/18,34.6,2.5,63.5
3/2/18,35.6,1,25.4
3/3/18,37.1,1.5,38.1
3/4/18,37.2,0.1,2.54
3/5/18,37.4,0.2,5.08
3/6/18,37.4,0,0
3/7/18,37.4,0,0
3/8/18,37.5,0.1,2.54
3/9/18,37.6,0.1,2.54
3/10/18,37.9,0.3,7.62
3/11/18,38,0.1,2.54
3/12/18,38,0,0
3/13/18,39.2,1.2,30.48
3/14/18,40.2,1,25.4
3/15/18,40.9,0.7,17.78
3/16/18,43.7,2.8,71.12
3/17/18,44.3,0.6,15.24
3/18/18,45.1,0.8,20.32
3/19/18,45.2,0.1,2.54
3/20/18,45.6,0.4,10.16
3/21/18,48,2.4,60.96
3/22/18,51.5,3.5,88.9
3/23/18,51.5,0,0
3/24/18,51.8,0.3,7.62
3/25/18,52.8,1,25.4
3/26/18,52.8,0,0
3/27/18,52.8,0,0
3/28/18,52.8,0,0
3/29/18,52.8,0,0
3/30/18,52.8,0,0
3/31/18,52.8,0,0
4/1/18,52.8,0,0
4/2/18,52.8,0,0
4/3/18,52.8,0,0
4/4/18,52.8,0,0
4/5/18,53,0.2,5.08
4/6/18,54.9,1.9,48.26
4/7/18,56.5,1.6,40.64
4/8/18,56.6,0.1,2.54
4/9/18,56.7,0.1,2.54
4/10/18,56.7,0,0
4/11/18,57.1,0.4,10.16
4/12/18,57.4,0.3,7.62
4/13/18,57.4,0,0
4/14/18,57.5,0.1,2.54
4/15/18,58.2,0.7,17.78
4/16/18,58.9,0.7,17.78
4/17/18,58.9,0,0
4/18/18,58.9,0,0
4/19/18,58.9,0,0
4/20/18,58.9,0,0
4/21/18,59,0.1,2.54
4/22/18,59,0,0
4/23/18,59.1,0.1,2.54
4/24/18,59.1,0,0
4/25/18,59.2,0.1,2.54
4/26/18,59.2,0,0
4/27/18,59.2,0,0
4/28/18,59.2,0,0
4/29/18,59.2,0,0
4/30/18,59.3,0.1,2.54
5/1/18,59.4,0.1,2.54
5/2/18,59.5,0.1,2.54
5/3/18,59.5,0,0
5/4/18,59.5,0,0
5/5/18,59.5,0,0
5/6/18,59.5,0,0
5/7/18,59.5,0,0
5/8/18,59.5,0,0
5/9/18,59.5,0,0
5/10/18,59.5,0,0
5/11/18,59.5,0,0
5/12/18,59.6,0.1,2.54
5/13/18,59.6,0,0
5/14/18,59.7,0.1,2.54
5/15/18,60.4,0.7,17.78
5/16/18,60.7,0.3,7.62
5/17/18,60.7,0,0
5/18/18,60.8,0.1,2.54
5/19/18,60.8,0,0
5/20/18,60.8,0,0
5/21/18,60.9,0.1,2.54
5/22/18,61.2,0.3,7.62
5/23/18,61.2,0,0
5/24/18,61.4,0.2,5.08
5/25/18,62,0.6,15.24
5/26/18,62,0,0
5/27/18,62.1,0.1,2.54
5/28/18,62.1,0,0
5/29/18,62.1,0,0
5/30/18,62.1,0,0
5/31/18,62.1,0,0
6/1/18,62.1,0,0
6/2/18,62.1,0,0
6/3/18,62.2,0.1,2.54
6/4/18,62.2,0,0
6/5/18,62.2,0,0
6/6/18,62.2,0,0
6/7/18,62.3,0.1,2.54
6/8/18,62.3,0,0
6/9/18,62.3,0,0
6/10/18,62.3,0,0
6/11/18,62.3,0,0
6/12/18,62.4,0.1,2.54
6/13/18,62.4,0,0
6/14/18,62.4,0,0
6/15/18,62.4,0,0
6/16/18,62.4,0,0
6/17/18,62.4,0,0
6/18/18,62.5,0.1,2.54
6/19/18,62.5,0,0
6/20/18,62.5,0,0
6/21/18,62.5,0,0
6/22/18,62.5,0,0
6/23/18,62.5,0,0
6/24/18,62.5,0,0
6/25/18,62.5,0,0
6/26/18,62.5,0,0
6/27/18,62.5,0,0
6/28/18,62.5,0,0
6/29/18,62.5,0,0
6/30/18,62.5,0,0
7/1/18,62.6,0.1,2.54
7/2/18,62.6,0,0
7/3/18,62.6,0,0
7/4/18,62.6,0,0
7/5/18,62.6,0,0
7/6/18,62.6,0,0
7/7/18,62.7,0.1,2.54
7/8/18,62.7,0,0
7/9/18,62.7,0,0
7/10/18,62.7,0,0
7/11/18,62.7,0,0
7/12/18,62.7,0,0
7/13/18,62.7,0,0
7/14/18,62.7,0,0
7/15/18,62.7,0,0
7/16/18,62.7,0,0
7/17/18,62.7,0,0
7/18/18,62.7,0,0
7/19/18,62.8,0.1,2.54
7/20/18,62.8,0,0
7/21/18,62.8,0,0
7/22/18,62.8,0,0
7/23/18,62.8,0,0
7/24/18,62.8,0,0
7/25/18,62.8,0,0
7/26/18,62.8,0,0
7/27/18,62.8,0,0
7/28/18,62.8,0,0
7/29/18,62.8,0,0
7/30/18,62.8,0,0
7/31/18,62.8,0,0
8/1/18,62.8,0,0
8/2/18,62.8,0,0
8/3/18,62.8,0,0
8/4/18,62.8,0,0
8/5/18,62.8,0,0
8/6/18,62.8,0,0
8/7/18,62.8,0,0
8/8/18,62.8,0,0
8/9/18,62.8,0,0
8/10/18,62.8,0,0
8/11/18,62.8,0,0
8/12/18,62.8,0,0
8/13/18,62.8,0,0
8/14/18,62.8,0,0
8/15/18,62.8,0,0
8/16/18,62.8,0,0
8/17/18,62.8,0,0
8/18/18,62.8,0,0
8/19/18,62.8,0,0
8/20/18,62.8,0,0
8/21/18,62.8,0,0
8/22/18,62.8,0,0
8/23/18,62.8,0,0
8/24/18,62.8,0,0
8/25/18,62.8,0,0
8/26/18,62.8,0,0
8/27/18,62.8,0,0
8/28/18,62.8,0,0
8/29/18,62.8,0,0
8/30/18,62.8,0,0
8/31/18,62.8,0,0
9/1/18,62.8,0,0
9/2/18,62.8,0,0
9/3/18,62.8,0,0
9/4/18,62.8,0,0
9/5/18,62.8,0,0
9/6/18,62.8,0,0
9/7/18,62.8,0,0
9/8/18,62.8,0,0
9/9/18,62.8,0,0
9/10/18,62.8,0,0
9/11/18,62.8,0,0
9/12/18,62.8,0,0
9/13/18,62.8,0,0
9/14/18,62.8,0,0
9/15/18,62.8,0,0
9/16/18,62.8,0,0
9/17/18,62.8,0,0
9/18/18,62.8,0,0
9/19/18,62.8,0,0
9/20/18,62.8,0,0
9/21/18,62.8,0,0
9/22/18,62.8,0,0
9/23/18,62.8,0,0
9/24/18,62.8,0,0
9/25/18,62.8,0,0
9/26/18,62.8,0,0
9/27/18,62.8,0,0
9/28/18,62.8,0,0
9/29/18,62.8,0,0
9/30/18,62.8,0,0
10/1/18,,0,0
10/2/18,,0,0
10/3/18,,0,0
10/4/18,,0,0
10/5/18,,0,0
10/6/18,,0,0
10/7/18,,0,0
10/8/18,,0,0
10/9/18,,0,0
10/10/18,,0,0
10/11/18,,0,0
10/12/18,,0,0
10/13/18,,0,0
10/14/18,,0,0
10/15/18,,0,0
10/16/18,,0,0
10/17/18,,0,0
10/18/18,,0,0
10/19/18,,0,0
10/20/18,,0,0
10/21/18,,0,0
10/22/18,,0,0
10/23/18,,0,0
10/24/18,,0,0
10/25/18,,0,0
10/26/18,,0,0
10/27/18,,0,0
10/28/18,,0,0
10/29/18,,0,0
10/30/18,,0,0
10/31/18,,0,0
11/1/18,,0,0
11/2/18,,0,0
11/3/18,,0,0
11/4/18,,0,0
11/5/18,,0,0
11/6/18,,0,0
11/7/18,,0,0
11/8/18,,0,0
11/9/18,,0,0
11/10/18,,0,0
11/11/18,,0,0
11/12/18,,0,0
11/13/18,,0,0
11/14/18,,0,0
11/15/18,,0,0
11/16/18,,0,0
11/17/18,,0,0
11/18/18,,0,0
11/19/18,,0,0
11/20/18,,0,0
11/21/18,,0,0
11/22/18,,0,0
11/23/18,,0,0
11/24/18,,0,0
11/25/18,,0,0
11/26/18,,0,0
11/27/18,,0,0
11/28/18,,0,0
11/29/18,1.3,1.3,33.02
11/30/18,1.6,0.3,7.62
12/1/18,2.7,1.1,27.94
12/2/18,2.8,0.1,2.54
12/3/18,2.9,0.1,2.54
12/4/18,3,0.1,2.54
12/5/18,3.2,0.2,5.08
12/6/18,3.2,0,0
12/7/18,3.3,0.1,2.54
12/8/18,3.3,0,0
12/9/18,3.3,0,0
12/10/18,3.4,0.1,2.54
12/11/18,3.4,0,0
12/12/18,3.4,0,0
12/13/18,3.4,0,0
12/14/18,3.5,0.1,2.54
12/15/18,3.5,0,0
12/16/18,3.7,0.2,5.08
12/17/18,4.1,0.4,10.16
12/18/18,4.2,0.1,2.54
12/19/18,4.2,0,0
12/20/18,4.5,0.3,7.62
12/21/18,4.9,0.4,10.16
12/22/18,4.9,0,0
12/23/18,4.9,0,0
12/24/18,6.4,1.5,38.1
12/25/18,6.5,0.1,2.54
12/26/18,6.5,0,0
12/27/18,6.5,0,0
12/28/18,6.5,0,0
12/29/18,6.7,0.2,5.08
12/30/18,6.7,0,0
12/31/18,6.7,0,0
1/1/19,6.7,0,0
1/2/19,6.7,0,0
1/3/19,6.7,0,0
1/4/19,6.7,0,0
1/5/19,7.8,1.1,27.94
1/6/19,7.8,0,0
1/7/19,8.3,0.5,12.7
1/8/19,8.3,0,0
1/9/19,9.5,1.2,30.48
1/10/19,9.8,0.3,7.62
1/11/19,9.8,0,0
1/12/19,9.8,0,0
1/13/19,9.8,0,0
1/14/19,9.8,0,0
1/15/19,10,0.2,5.08
1/16/19,10.1,0.1,2.54
1/17/19,10.1,0,0
1/18/19,11.3,1.2,30.48
1/19/19,11.3,0,0
1/20/19,12.5,1.2,30.48
1/21/19,12.6,0.1,2.54
1/22/19,12.6,0,0
1/23/19,12.6,0,0
1/24/19,12.6,0,0
1/25/19,12.7,0.1,2.54
1/26/19,13.2,0.5,12.7
1/27/19,13.7,0.5,12.7
1/28/19,13.8,0.1,2.54
1/29/19,13.9,0.1,2.54
1/30/19,14,0.1,2.54
1/31/19,14,0,0
2/1/19,14.1,0.1,2.54
2/2/19,15.4,1.3,33.02
2/3/19,15.5,0.1,2.54
2/4/19,15.5,0,0
2/5/19,15.6,0.1,2.54
2/6/19,15.7,0.1,2.54
2/7/19,15.7,0,0
2/8/19,15.9,0.2,5.08
2/9/19,16.1,0.2,5.08
2/10/19,19,2.9,73.66
2/11/19,19,0,0
2/12/19,19.1,0.1,2.54
2/13/19,23.6,4.5,114.3
2/14/19,25.1,1.5,38.1
2/15/19,25.1,0,0
2/16/19,25.2,0.1,2.54
2/17/19,25.2,0,0
2/18/19,25.2,0,0
2/19/19,25.2,0,0
2/20/19,25.2,0,0
2/21/19,25.2,0,0
2/22/19,25.2,0,0
2/23/19,25.2,0,0
2/24/19,25.2,0,0
2/25/19,25.2,0,0
2/26/19,25.2,0,0
2/27/19,25.2,0,0
2/28/19,25.2,0,0
3/1/19,25.2,0,0
3/2/19,25.3,0.1,2.54
3/3/19,25.9,0.6,15.24
3/4/19,26,0.1,2.54
3/5/19,26.1,0.1,2.54
3/6/19,28.7,2.6,66.04
3/7/19,29.5,0.8,20.32
3/8/19,29.5,0,0
3/9/19,29.5,0,0
3/10/19,29.5,0,0
3/11/19,29.5,0,0
3/12/19,29.5,0,0
3/13/19,29.5,0,0
3/14/19,29.5,0,0
3/15/19,29.5,0,0
3/16/19,29.5,0,0
3/17/19,29.5,0,0
3/18/19,29.5,0,0
3/19/19,32.8,3.3,83.82
3/20/19,33,0.2,5.08
3/21/19,33,0,0
3/22/19,33.2,0.2,5.08
3/23/19,33.2,0,0
3/24/19,33.2,0,0
3/25/19,33.2,0,0
3/26/19,33.4,0.2,5.08
3/27/19,35.3,1.9,48.26
3/28/19,35.5,0.2,5.08
3/29/19,35.7,0.2,5.08
3/30/19,35.7,0,0
3/31/19,35.8,0.1,2.54
4/1/19,36.1,0.3,7.62
4/2/19,36.4,0.3,7.62
4/3/19,36.9,0.5,12.7
4/4/19,37.1,0.2,5.08
4/5/19,37.2,0.1,2.54
4/6/19,37.7,0.5,12.7
4/7/19,38.1,0.4,10.16
4/8/19,38.8,0.7,17.78
4/9/19,39.4,0.6,15.24
4/10/19,39.4,0,0
4/11/19,39.4,0,0
4/12/19,39.4,0,0
4/13/19,39.4,0,0
4/14/19,39.4,0,0
4/15/19,39.7,0.3,7.62
4/16/19,40.1,0.4,10.16
4/17/19,40.1,0,0
4/18/19,40.1,0,0
4/19/19,40.2,0.1,2.54
4/20/19,40.2,0,0
4/21/19,40.2,0,0
4/22/19,40.2,0,0
4/23/19,40.3,0.1,2.54
4/24/19,40.3,0,0
4/25/19,40.3,0,0
4/26/19,40.3,0,0
4/27/19,40.3,0,0
4/28/19,40.3,0,0
4/29/19,40.3,0,0
4/30/19,40.3,0,0
5/1/19,40.3,0,0
5/2/19,40.4,0.1,2.54
5/3/19,40.4,0,0
5/4/19,40.4,0,0
5/5/19,40.4,0,0
5/6/19,40.4,0,0
5/7/19,40.4,0,0
5/8/19,40.4,0,0
5/9/19,40.4,0,0
5/10/19,40.5,0.1,2.54
5/11/19,40.5,0,0
5/12/19,40.5,0,0
5/13/19,40.5,0,0
5/14/19,40.6,0.1,2.54
5/15/19,41.4,0.8,20.32
5/16/19,42.9,1.5,38.1
5/17/19,43.5,0.6,15.24
5/18/19,43.5,0,0
5/19/19,44.4,0.9,22.86
5/20/19,44.4,0,0
5/21/19,45.3,0.9,22.86
5/22/19,45.5,0.2,5.08
5/23/19,45.5,0,0
5/24/19,45.7,0.2,5.08
5/25/19,46,0.3,7.62
5/26/19,46.5,0.5,12.7
5/27/19,46.6,0.1,2.54
5/28/19,46.6,0,0
5/29/19,46.8,0.2,5.08
5/30/19,46.8,0,0
5/31/19,46.9,0.1,2.54
6/1/19,46.9,0,0
6/2/19,47,0.1,2.54
6/3/19,47,0,0
6/4/19,47.1,0.1,2.54
6/5/19,47.2,0.1,2.54
6/6/19,47.2,0,0
6/7/19,47.2,0,0
6/8/19,47.2,0,0
6/9/19,47.3,0.1,2.54
6/10/19,47.3,0,0
6/11/19,47.3,0,0
6/12/19,47.3,0,0
6/13/19,47.3,0,0
6/14/19,47.3,0,0
6/15/19,47.3,0,0
6/16/19,47.3,0,0
6/17/19,47.3,0,0
6/18/19,47.3,0,0
6/19/19,47.3,0,0
6/20/19,47.3,0,0
6/21/19,47.3,0,0
6/22/19,47.3,0,0
6/23/19,47.3,0,0
6/24/19,47.3,0,0
6/25/19,47.3,0,0
6/26/19,47.3,0,0
6/27/19,47.3,0,0
6/28/19,47.3,0,0
6/29/19,47.3,0,0
6/30/19,47.4,0.1,2.54
7/1/19,47.4,0,0
7/2/19,47.4,0,0
7/3/19,47.4,0,0
7/4/19,47.4,0,0
7/5/19,47.4,0,0
7/6/19,47.4,0,0
7/7/19,47.5,0.1,2.54
7/8/19,47.5,0,0
7/9/19,47.5,0,0
7/10/19,47.5,0,0
7/11/19,47.6,0.1,2.54
7/12/19,47.6,0,0
7/13/19,47.6,0,0
7/14/19,47.6,0,0
7/15/19,47.7,0.1,2.54
7/16/19,47.7,0,0
7/17/19,47.7,0,0
7/18/19,47.8,0.1,2.54
7/19/19,47.8,0,0
7/20/19,47.8,0,0
7/21/19,47.8,0,0
7/22/19,47.8,0,0
7/23/19,47.8,0,0
7/24/19,47.8,0,0
7/25/19,47.8,0,0
7/26/19,47.8,0,0
7/27/19,47.8,0,0
7/28/19,47.8,0,0
7/29/19,47.8,0,0
7/30/19,47.8,0,0
7/31/19,47.8,0,0
8/1/19,47.8,0,0
8/2/19,47.8,0,0
8/3/19,47.8,0,0
8/4/19,47.8,0,0
8/5/19,47.8,0,0
8/6/19,47.8,0,0
8/7/19,47.8,0,0
8/8/19,128,0,0
8/9/19,128,0,0
8/10/19,128,0,0
8/11/19,128.1,0.1,2.54
8/12/19,128.1,0,0
8/13/19,128.1,0,0
8/14/19,128.1,0,0
8/15/19,128.1,0,0
8/16/19,128.2,0.1,2.54
8/17/19,128.2,0,0
8/18/19,128.2,0,0
8/19/19,128.2,0,0
8/20/19,128.2,0,0
8/21/19,128.2,0,0
8/22/19,128.3,0.1,2.54
8/23/19,128.3,0,0
8/24/19,128.4,0.1,2.54
8/25/19,128.4,0,0
8/26/19,128.4,0,0
8/27/19,128.5,0.1,2.54
8/28/19,128.5,0,0
8/29/19,128.5,0,0
8/30/19,128.5,0,0
8/31/19,128.5,0,0
9/1/19,128.5,0,0
9/2/19,128.6,0.1,2.54
9/3/19,128.6,0,0
9/4/19,128.6,0,0
9/5/19,128.6,0,0
9/6/19,128.6,0,0
9/7/19,128.6,0,0
9/8/19,128.6,0,0
9/9/19,128.6,0,0
9/10/19,128.6,0,0
9/11/19,128.6,0,0
9/12/19,128.6,0,0
9/13/19,128.7,0.1,2.54
9/14/19,128.7,0,0
9/15/19,128.7,0,0
9/16/19,129.3,0.6,15.24
9/17/19,129.3,0,0
9/18/19,129.9,0.6,15.24
9/19/19,130,0.1,2.54
9/20/19,130,0,0
9/21/19,130.1,0.1,2.54
9/22/19,130.1,0,0
9/23/19,130.1,0,0
9/24/19,130.1,0,0
9/25/19,130.1,0,0
9/26/19,130.1,0,0
9/27/19,130.1,0,0
9/28/19,130.4,0.3,7.62
9/29/19,130.4,0,0
9/30/19,130.6,0.2,5.08
10/1/19,0,0,0
10/2/19,0,0,0
10/3/19,0.1,0.1,2.54
10/4/19,0.1,0,0
10/5/19,0.1,0,0
10/6/19,0.1,0,0
10/7/19,0.1,0,0
10/8/19,0.1,0,0
10/9/19,0.1,0,0
10/10/19,0.1,0,0
10/11/19,0.1,0,0
10/12/19,0.1,0,0
10/13/19,0.1,0,0
10/14/19,0.1,0,0
10/15/19,0.1,0,0
10/16/19,0.1,0,0
10/17/19,0.1,0,0
10/18/19,0.2,0.1,2.54
10/19/19,0.2,0,0
10/20/19,0.3,0.1,2.54
10/21/19,0.3,0,0
10/22/19,0.3,0,0
10/23/19,0.3,0,0
10/24/19,0.3,0,0
10/25/19,0.3,0,0
10/26/19,0.3,0,0
10/27/19,0.3,0,0
10/28/19,0.4,0.1,2.54
10/29/19,0.4,0,0
10/30/19,0.5,0.1,2.54
10/31/19,0.6,0.1,2.54
11/1/19,0.6,0,0
11/2/19,0.6,0,0
11/3/19,0.6,0,0
11/4/19,0.7,0.1,2.54
11/5/19,0.7,0,0
11/6/19,0.7,0,0
11/7/19,0.7,0,0
11/8/19,0.7,0,0
11/9/19,0.7,0,0
11/10/19,0.7,0,0
11/11/19,0.7,0,0
11/12/19,0.7,0,0
11/13/19,0.7,0,0
11/14/19,0.7,0,0
11/15/19,0.7,0,0
11/16/19,0.7,0,0
11/17/19,0.7,0,0
11/18/19,0.7,0,0
11/19/19,0.7,0,0
11/20/19,0.7,0,0
11/21/19,0.8,0.1,2.54
11/22/19,0.8,0,0
11/23/19,0.8,0,0
11/24/19,0.8,0,0
11/25/19,0.8,0,0
11/26/19,1.9,1.1,27.94
11/27/19,3.1,1.2,30.48
11/28/19,3.3,0.2,5.08
11/29/19,3.4,0.1,2.54
11/30/19,4,0.6,15.24
12/1/19,6.2,2.2,55.88
12/2/19,7.5,1.3,33.02
12/3/19,7.5,0,0
12/4/19,7.8,0.3,7.62
12/5/19,8,0.2,5.08
12/6/19,8.2,0.2,5.08
12/7/19,10.3,2.1,53.34
12/8/19,11.8,1.5,38.1
12/9/19,11.8,0,0
12/10/19,11.9,0.1,2.54
12/11/19,12.6,0.7,17.78
12/12/19,13.8,1.2,30.48
12/13/19,15.1,1.3,33.02
12/14/19,15.7,0.6,15.24
12/15/19,15.8,0.1,2.54
12/16/19,15.8,0,0
12/17/19,15.8,0,0
12/18/19,15.8,0,0
12/19/19,16,0.2,5.08
12/20/19,16,0,0
12/21/19,16,0,0
12/22/19,16.6,0.6,15.24
12/23/19,16.8,0.2,5.08
12/24/19,16.8,0,0
12/25/19,16.9,0.1,2.54
12/26/19,16.9,0,0
12/27/19,16.9,0,0
12/28/19,17,0.1,2.54
12/29/19,17.1,0.1,2.54
12/30/19,17.2,0.1,2.54
12/31/19,17.2,0,0
1/1/20,17.3,0.1,2.54
1/2/20,17.3,0,0
1/3/20,17.3,0,0
1/4/20,17.4,0.1,2.54
1/5/20,17.4,0,0
1/6/20,17.5,0.1,2.54
1/7/20,17.5,0,0
1/8/20,17.6,0.1,2.54
1/9/20,17.8,0.2,5.08
1/10/20,17.9,0.1,2.54
1/11/20,18.2,0.3,7.62
1/12/20,18.2,0,0
1/13/20,18.6,0.4,10.16
1/14/20,19.1,0.5,12.7
1/15/20,19.2,0.1,2.54
1/16/20,19.2,0,0
1/17/20,19.6,0.4,10.16
1/18/20,19.7,0.1,2.54
1/19/20,19.7,0,0
1/20/20,19.7,0,0
1/21/20,20.1,0.4,10.16
1/22/20,20.3,0.2,5.08
1/23/20,20.4,0.1,2.54
1/24/20,20.6,0.2,5.08
1/25/20,20.7,0.1,2.54
1/26/20,20.7,0,0
1/27/20,20.7,0,0
1/28/20,20.7,0,0
1/29/20,20.8,0.1,2.54
1/30/20,20.8,0,0
1/31/20,20.8,0,0
2/1/20,20.8,0,0
2/2/20,20.8,0,0
2/3/20,20.8,0,0
2/4/20,20.9,0.1,2.54
2/5/20,21,0.1,2.54
2/6/20,21.1,0.1,2.54
2/7/20,21.2,0.1,2.54
2/8/20,21.2,0,0
2/9/20,21.2,0,0
2/10/20,21.3,0.1,2.54
2/11/20,21.3,0,0
2/12/20,21.3,0,0
2/13/20,21.4,0.1,2.54
2/14/20,21.4,0,0
2/15/20,21.4,0,0
2/16/20,21.4,0,0
2/17/20,21.4,0,0
2/18/20,21.5,0.1,2.54
2/19/20,21.5,0,0
2/20/20,21.5,0,0
2/21/20,21.5,0,0
2/22/20,21.5,0,0
2/23/20,21.5,0,0
2/24/20,21.5,0,0
2/25/20,21.5,0,0
2/26/20,21.5,0,0
2/27/20,21.6,0.1,2.54
2/28/20,21.6,0,0
2/29/20,21.7,0.1,2.54
3/1/20,22,0.3,7.62
3/2/20,22.1,0.1,2.54
3/3/20,22.2,0.1,2.54
3/4/20,22.2,0,0
3/5/20,22.2,0,0
3/6/20,22.2,0,0
3/7/20,22.4,0.2,5.08
3/8/20,22.6,0.2,5.08
3/9/20,22.7,0.1,2.54
3/10/20,22.8,0.1,2.54
3/11/20,22.8,0,0
3/12/20,22.9,0.1,2.54
3/13/20,23,0.1,2.54
3/14/20,25,2,50.8
3/15/20,27.8,2.8,71.12
3/16/20,29.3,1.5,38.1
3/17/20,29.3,0,0
3/18/20,29.3,0,0
3/19/20,29.3,0,0
3/20/20,31.2,1.9,48.26
3/21/20,31.2,0,0
3/22/20,31.2,0,0
3/23/20,31.3,0.1,2.54
3/24/20,32.1,0.8,20.32
3/25/20,32.3,0.2,5.08
3/26/20,32.3,0,0
3/27/20,32.3,0,0
3/28/20,32.4,0.1,2.54
3/29/20,32.7,0.3,7.62
3/30/20,32.7,0,0
3/31/20,32.8,0.1,2.54
4/1/20,32.8,0,0
4/2/20,32.8,0,0
4/3/20,32.8,0,0
4/4/20,33.5,0.7,17.78
4/5/20,35.3,1.8,45.72
4/6/20,36.7,1.4,35.56
4/7/20,37,0.3,7.62
4/8/20,37,0,0
4/9/20,37,0,0
4/10/20,37,0,0
4/11/20,37,0,0
4/12/20,37,0,0
4/13/20,37,0,0
4/14/20,37,0,0
4/15/20,37.1,0.1,2.54
4/16/20,37.1,0,0
4/17/20,37.4,0.3,7.62
4/18/20,37.4,0,0
4/19/20,37.4,0,0
4/20/20,37.4,0,0
4/21/20,37.4,0,0
4/22/20,37.5,0.1,2.54
4/23/20,37.5,0,0
4/24/20,37.6,0.1,2.54
4/25/20,37.6,0,0
4/26/20,37.6,0,0
4/27/20,37.6,0,0
4/28/20,37.7,0.1,2.54
4/29/20,37.7,0,0
4/30/20,37.7,0,0
5/1/20,37.7,0,0
5/2/20,37.7,0,0
5/3/20,37.8,0.1,2.54
5/4/20,37.8,0,0
5/5/20,37.9,0.1,2.54
5/6/20,37.9,0,0
5/7/20,37.9,0,0
5/8/20,37.9,0,0
5/9/20,37.9,0,0
5/10/20,37.9,0,0
5/11/20,37.9,0,0
5/12/20,38.2,0.3,7.62
5/13/20,38.4,0.2,5.08
5/14/20,38.6,0.2,5.08
5/15/20,38.6,0,0
5/16/20,38.6,0,0
5/17/20,40.5,1.9,48.26
5/18/20,41.5,1,25.4
5/19/20,41.7,0.2,5.08
5/20/20,41.9,0.2,5.08
5/21/20,41.9,0,0
5/22/20,41.9,0,0
5/23/20,41.9,0,0
5/24/20,42,0.1,2.54
5/25/20,42,0,0
5/26/20,42,0,0
5/27/20,42,0,0
5/28/20,42,0,0
5/29/20,42.1,0.1,2.54
5/30/20,42.4,0.3,7.62
5/31/20,42.5,0.1,2.54
6/1/20,42.7,0.2,5.08
6/2/20,42.7,0,0
6/3/20,42.7,0,0
6/4/20,42.7,0,0
6/5/20,42.7,0,0
6/6/20,42.8,0.1,2.54
6/7/20,42.9,0.1,2.54
6/8/20,43,0.1,2.54
6/9/20,43,0,0
6/10/20,43,0,0
6/11/20,43,0,0
6/12/20,43.2,0.2,5.08
6/13/20,43.3,0.1,2.54
6/14/20,43.3,0,0
6/15/20,43.3,0,0
6/16/20,43.3,0,0
6/17/20,43.3,0,0
6/18/20,43.3,0,0
6/19/20,43.3,0,0
6/20/20,43.4,0.1,2.54
6/21/20,43.4,0,0
6/22/20,43.4,0,0
6/23/20,43.4,0,0
6/24/20,88.2,0,0
6/25/20,88.2,0,0
6/26/20,88.3,0.1,2.54
6/27/20,88.3,0,0
6/28/20,88.3,0,0
6/29/20,88.3,0,0
6/30/20,88.3,0,0
7/1/20,88.3,0,0
7/2/20,88.3,0,0
7/3/20,88.3,0,0
7/4/20,88.3,0,0
7/5/20,88.3,0,0
7/6/20,88.3,0,0
7/7/20,88.3,0,0
7/8/20,88.3,0,0
7/9/20,88.3,0,0
7/10/20,88.3,0,0
7/11/20,88.3,0,0
7/12/20,88.3,0,0
7/13/20,88.3,0,0
7/14/20,88.3,0,0
7/15/20,88.4,0.1,2.54
7/16/20,88.4,0,0
7/17/20,88.4,0,0
7/18/20,88.4,0,0
7/19/20,88.4,0,0
7/20/20,88.5,0.1,2.54
7/21/20,88.5,0,0
7/22/20,88.5,0,0
7/23/20,88.5,0,0
7/24/20,88.5,0,0
7/25/20,88.6,0,0
7/26/20,88.6,0,0
7/27/20,88.8,0,0
7/28/20,88.8,0,0
7/29/20,88.8,0,0
7/30/20,88.8,0,0
7/31/20,88.8,0,0
8/1/20,88.8,0,0
8/2/20,88.8,0,0
8/3/20,88.8,0,0
8/4/20,88.8,0,0
8/5/20,88.9,0.1,2.54
8/6/20,88.9,0,0
8/7/20,88.9,0,0
8/8/20,88.9,0,0
8/9/20,89,0.1,2.54
8/10/20,89,0,0
8/11/20,89,0,0
8/12/20,89,0,0
8/13/20,89,0,0
8/14/20,89,0,0
8/15/20,89,0,0
8/16/20,89,0,0
8/17/20,89,0,0
8/18/20,89,0,0
8/19/20,89,0,0
8/20/20,89,0,0
8/21/20,89,0,0
8/22/20,89,0,0
8/23/20,89,0,0
8/24/20,89.1,0.1,2.54
8/25/20,89.2,0,0
8/26/20,89.2,0,0
8/27/20,89.2,0,0
8/28/20,89.2,0,0
8/29/20,89.2,0,0
8/30/20,89.2,0,0
8/31/20,89.2,0,0
9/1/20,89.2,0,0
9/2/20,89.2,0,0
9/3/20,89.2,0,0
9/4/20,89.2,0,0
9/5/20,89.2,0,0
9/6/20,89.2,0,0
9/7/20,89.2,0,0
9/8/20,89.2,0,0
9/9/20,89.2,0,0
9/10/20,89.4,0,0
9/11/20,89.4,0,0
9/12/20,89.4,0,0
9/13/20,89.4,0,0
9/14/20,89.4,0,0
9/15/20,89.4,0,0
9/16/20,89.4,0,0
9/17/20,89.4,0,0
9/18/20,89.4,0,0
9/19/20,89.4,0,0
9/20/20,89.4,0,0
9/21/20,89.4,0,0
9/22/20,89.4,0,0
9/23/20,89.4,0,0
9/24/20,89.4,0,0
9/25/20,89.4,0,0
9/26/20,89.4,0,0
9/27/20,89.4,0,0
9/28/20,89.4,0,0
9/29/20,89.4,0,0
9/30/20,89.4,0,0
10/1/20,0,0,0
10/2/20,0,0,0
10/3/20,0,0,0
10/4/20,0,0,0
10/5/20,0,0,0
10/6/20,0.1,0.1,2.54
10/7/20,0.1,0,0
10/8/20,0.1,0,0
10/9/20,0.2,0.1,2.54
10/10/20,0.2,0,0
10/11/20,0.2,0,0
10/12/20,0.2,0,0
10/13/20,0.2,0,0
10/14/20,0.3,0.1,2.54
10/15/20,0.3,0,0
10/16/20,0.3,0,0
10/17/20,0.3,0,0
10/18/20,0.3,0,0
10/19/20,0.3,0,0
10/20/20,0.4,0.1,2.54
10/21/20,0.4,0,0
10/22/20,0.5,0.1,2.54
10/23/20,0.5,0,0
10/24/20,0.5,0,0
10/25/20,0.5,0,0
10/26/20,0.6,0.1,2.54
10/27/20,0.7,0.1,2.54
10/28/20,0.7,0,0
10/29/20,0.7,0,0
10/30/20,0.7,0,0
10/31/20,0.7,0,0
11/1/20,0.7,0,0
11/2/20,0.7,0,0
11/3/20,0.7,0,0
11/4/20,0.7,0,0
11/5/20,0.7,0,0
11/6/20,0.7,0,0
11/7/20,0.9,0.2,5.08
11/8/20,1.4,0.5,12.7
11/9/20,1.4,0,0
11/10/20,1.4,0,0
11/11/20,1.4,0,0
11/12/20,1.5,0.1,2.54
11/13/20,2.4,0.9,22.86
11/14/20,2.6,0.2,5.08
11/15/20,2.6,0,0
11/16/20,2.7,0.1,2.54
11/17/20,3.2,0.5,12.7
11/18/20,5.9,2.7,68.58
11/19/20,6,0.1,2.54
11/20/20,6,0,0
11/21/20,6,0,0
11/22/20,6,0,0
11/23/20,6.1,0.1,2.54
11/24/20,6.1,0,0
11/25/20,6.1,0,0
11/26/20,6.2,0.1,2.54
11/27/20,6.2,0,0
11/28/20,6.3,0.1,2.54
11/29/20,6.3,0,0
11/30/20,6.3,0,0
12/1/20,6.4,0.1,2.54
12/2/20,6.4,0,0
12/3/20,6.4,0,0
12/4/20,6.4,0,0
12/5/20,6.4,0,0
12/6/20,6.4,0,0
12/7/20,6.4,0,0
12/8/20,6.4,0,0
12/9/20,6.4,0,0
12/10/20,6.5,0.1,2.54
12/11/20,6.7,0.2,5.08
12/12/20,7,0.3,7.62
12/13/20,8.1,1.1,27.94
12/14/20,8.4,0.3,7.62
12/15/20,8.5,0.1,2.54
12/16/20,8.6,0.1,2.54
12/17/20,9.4,0.8,20.32
12/18/20,9.4,0,0
12/19/20,9.4,0,0
12/20/20,9.4,0,0
12/21/20,9.4,0,0
12/22/20,9.4,0,0
12/23/20,9.4,0,0
12/24/20,9.4,0,0
12/25/20,10.1,0.7,17.78
12/26/20,11.3,1.2,30.48
12/27/20,11.4,0.1,2.54
12/28/20,11.4,0,0
12/29/20,11.5,0.1,2.54
12/30/20,11.7,0.2,5.08
12/31/20,11.9,0.2,5.08
1/1/21,11.9,0,0
1/2/21,12.1,0.2,5.08
1/3/21,12.2,0.1,2.54
1/4/21,13.6,1.4,35.56
1/5/21,13.6,0,0
1/6/21,13.7,0.1,2.54
1/7/21,13.7,0,0
1/8/21,13.9,0.2,5.08
1/9/21,13.9,0,0
1/10/21,13.9,0,0
1/11/21,14,0.1,2.54
1/12/21,14,0,0
1/13/21,14.1,0.1,2.54
1/14/21,14.1,0,0
1/15/21,14.1,0,0
1/16/21,14.1,0,0
1/17/21,14.2,0.1,2.54
1/18/21,14.2,0,0
1/19/21,14.2,0,0
1/20/21,14.2,0,0
1/21/21,14.3,0.1,2.54
1/22/21,14.5,0.2,5.08
1/23/21,14.5,0,0
1/24/21,14.8,0.3,7.62
1/25/21,14.9,0.1,2.54
1/26/21,15.3,0.4,10.16
1/27/21,18.6,3.3,83.82
1/28/21,21.1,2.5,63.5
1/29/21,21.4,0.3,7.62
1/30/21,21.4,0,0
1/31/21,21.4,0,0
2/1/21,21.5,0.1,2.54
2/2/21,21.8,0.3,7.62
2/3/21,21.9,0.1,2.54
2/4/21,22,0.1,2.54
2/5/21,22.8,0.8,20.32
2/6/21,22.9,0.1,2.54
2/7/21,22.9,0,0
2/8/21,22.9,0,0
2/9/21,23.1,0.2,5.08
2/10/21,23.1,0,0
2/11/21,24.2,1.1,27.94
2/12/21,24.8,0.6,15.24
2/13/21,25.8,1,25.4
2/14/21,25.9,0.1,2.54
2/15/21,26.5,0.6,15.24
2/16/21,26.6,0.1,2.54
2/17/21,26.6,0,0
2/18/21,26.6,0,0
2/19/21,26.9,0.3,7.62
2/20/21,27.2,0.3,7.62
2/21/21,27.8,0.6,15.24
2/22/21,27.9,0.1,2.54
2/23/21,27.9,0,0
2/24/21,27.9,0,0
2/25/21,27.9,0,0
2/26/21,27.9,0,0
2/27/21,27.9,0,0
2/28/21,28,0.1,2.54
3/1/21,28,0,0
3/2/21,28,0,0
3/3/21,28,0,0
3/4/21,28,0,0
3/5/21,28.1,0.1,2.54
3/6/21,28.6,0.5,12.7
3/7/21,28.6,0,0
3/8/21,28.7,0.1,2.54
3/9/21,29.2,0.5,12.7
3/10/21,29.9,0.7,17.78
3/11/21,30,0.1,2.54
3/12/21,30,0,0
3/13/21,30.1,0.1,2.54
3/14/21,30.3,0.2,5.08
3/15/21,30.9,0.6,15.24
3/16/21,30.9,0,0
3/17/21,30.9,0,0
3/18/21,31.5,0.6,15.24
3/19/21,32.5,1,25.4
3/20/21,32.6,0.1,2.54
3/21/21,32.8,0.2,5.08
3/22/21,32.9,0.1,2.54
3/23/21,32.9,0,0
3/24/21,33,0.1,2.54
3/25/21,33.1,0.1,2.54
3/26/21,33.1,0,0
3/27/21,33.1,0,0
3/28/21,33.1,0,0
3/29/21,33.1,0,0
3/30/21,33.1,0,0
3/31/21,33.1,0,0
4/1/21,33.2,0.1,2.54
4/2/21,33.2,0,0
4/3/21,33.2,0,0
4/4/21,33.2,0,0
4/5/21,33.2,0,0
4/6/21,33.2,0,0
4/7/21,33.2,0,0
4/8/21,33.2,0,0
4/9/21,33.2,0,0
4/10/21,33.3,0.1,2.54
4/11/21,33.3,0,0
4/12/21,33.3,0,0
4/13/21,33.4,0.1,2.54
4/14/21,33.4,0,0
4/15/21,33.4,0,0
4/16/21,33.5,0.1,2.54
4/17/21,33.5,0,0
4/18/21,33.5,0,0
4/19/21,33.5,0,0
4/20/21,33.5,0,0
4/21/21,33.6,0.1,2.54
4/22/21,33.6,0,0
4/23/21,33.6,0,0
4/24/21,33.6,0,0
4/25/21,34,0.4,10.16
4/26/21,34,0,0
4/27/21,34,0,0
4/28/21,34.1,0.1,2.54
4/29/21,34.2,0.1,2.54
4/30/21,34.2,0,0
5/1/21,34.2,0,0
5/2/21,34.2,0,0
5/3/21,34.2,0,0
5/4/21,34.2,0,0
5/5/21,34.2,0,0
5/6/21,34.2,0,0
5/7/21,34.2,0,0
5/8/21,34.2,0,0
5/9/21,34.3,0.1,2.54
5/10/21,34.3,0,0
5/11/21,34.3,0,0
5/12/21,34.3,0,0
5/13/21,34.3,0,0
5/14/21,34.3,0,0
5/15/21,34.5,0.2,5.08
5/16/21,34.5,0,0
5/17/21,34.5,0,0
5/18/21,34.5,0,0
5/19/21,34.5,0,0
5/20/21,35,0.5,12.7
5/21/21,35.1,0.1,2.54
5/22/21,35.2,0.1,2.54
5/23/21,35.3,0.1,2.54
5/24/21,35.3,0,0
5/25/21,35.3,0,0
5/26/21,35.3,0,0
5/27/21,35.3,0,0
5/28/21,35.3,0,0
5/29/21,35.3,0,0
5/30/21,35.3,0,0
5/31/21,35.3,0,0
6/1/21,35.3,0,0
6/2/21,35.3,0,0
6/3/21,35.3,0,0
6/4/21,35.3,0,0
6/5/21,35.3,0,0
6/6/21,35.3,0,0
6/7/21,35.3,0,0
6/8/21,35.3,0,0
6/9/21,35.3,0,0
6/10/21,71.7,0,0
6/11/21,71.7,0,0
6/12/21,71.7,0,0
6/13/21,71.7,0,0
6/14/21,71.8,0.1,2.54
6/15/21,71.8,0,0
6/16/21,71.8,0,0
6/17/21,71.8,0,0
6/18/21,71.9,0.1,2.54
6/19/21,71.9,0,0
6/20/21,71.9,0,0
6/21/21,71.9,0,0
6/22/21,71.9,0,0
6/23/21,71.9,0,0
6/24/21,72.1,0.2,5.08
6/25/21,72.1,0,0
6/26/21,72.1,0,0
6/27/21,72.1,0,0
6/28/21,72.1,0,0
6/29/21,72.1,0,0
6/30/21,72.1,0,0
7/1/21,72.1,0,0
7/2/21,72.2,0.1,2.54
7/3/21,72.2,0,0
7/4/21,72.2,0,0
7/5/21,72.2,0,0
7/6/21,72.2,0,0
7/7/21,72.2,0,0
7/8/21,72.2,0,0
7/9/21,72.2,0,0
7/10/21,72.2,0,0
7/11/21,72.2,0,0
7/12/21,72.2,0,0
7/13/21,72.3,0.1,2.54
7/14/21,72.3,0,0
7/15/21,72.3,0,0
7/16/21,72.3,0,0
7/17/21,72.3,0,0
7/18/21,72.3,0,0
7/19/21,72.3,0,0
7/20/21,72.4,0.1,2.54
7/21/21,72.4,0,0
7/22/21,72.4,0,0
7/23/21,72.4,0,0
7/24/21,72.5,0.1,2.54
7/25/21,72.6,0.1,2.54
7/26/21,72.7,0.1,2.54
7/27/21,72.7,0,0
7/28/21,72.7,0,0
7/29/21,73.5,0.8,20.32
7/30/21,73.5,0,0
7/31/21,73.5,0,0
8/1/21,73.6,0.1,2.54
8/2/21,73.6,0,0
8/3/21,73.6,0,0
8/4/21,73.6,0,0
8/5/21,73.6,0,0
8/6/21,73.7,0.1,2.54
8/7/21,73.7,0,0
8/8/21,73.7,0,0
8/9/21,73.7,0,0
8/10/21,73.8,0.1,2.54
8/11/21,73.8,0,0
8/12/21,73.8,0,0
8/13/21,73.8,0,0
8/14/21,73.8,0,0
8/15/21,73.8,0,0
8/16/21,73.8,0,0
8/17/21,73.8,0,0
8/18/21,73.8,0,0
8/19/21,73.8,0,0
8/20/21,73.9,0.1,2.54
8/21/21,73.9,0,0
8/22/21,73.9,0,0
8/23/21,73.9,0,0
8/24/21,73.9,0,0
8/25/21,73.9,0,0
8/26/21,73.9,0,0
8/27/21,73.9,0,0
8/28/21,73.9,0,0
8/29/21,73.9,0,0
8/30/21,73.9,0,0
8/31/21,73.9,0,0
9/1/21,73.9,0,0
9/2/21,73.9,0,0
9/3/21,73.9,0,0
9/4/21,73.9,0,0
9/5/21,73.9,0,0
9/6/21,73.9,0,0
9/7/21,74,0.1,2.54
9/8/21,74,0,0
9/9/21,74,0,0
9/10/21,74.4,0.4,10.16
9/11/21,74.4,0,0
9/12/21,74.4,0,0
9/13/21,74.4,0,0
9/14/21,74.4,0,0
9/15/21,74.4,0,0
9/16/21,74.4,0,0
9/17/21,74.5,0.1,2.54
9/18/21,74.5,0,0
9/19/21,74.7,0.2,5.08
9/20/21,74.7,0,0
9/21/21,74.7,0,0
9/22/21,74.7,0,0
9/23/21,74.7,0,0
9/24/21,74.7,0,0
9/25/21,74.7,0,0
9/26/21,74.8,0.1,2.54
9/27/21,74.8,0,0
9/28/21,75,0.2,5.08
9/29/21,75,0,0
9/30/21,75,0,0
10/1/21,,0,0
10/2/21,0,0,0
10/3/21,0,0,0
10/4/21,0,0,0
10/5/21,0,0,0
10/6/21,0,0,0
10/7/21,0.2,0.2,5.08
10/8/21,0.7,0.5,12.7
10/9/21,0.7,0,0
10/10/21,0.7,0,0
10/11/21,0.8,0.1,2.54
10/12/21,0.9,0.1,2.54
10/13/21,0.9,0,0
10/14/21,0.9,0,0
10/15/21,1,0.1,2.54
10/16/21,1,0,0
10/17/21,1.6,0.6,15.24
10/18/21,1.9,0.3,7.62
10/19/21,2,0.1,2.54
10/20/21,2.2,0.2,5.08
10/21/21,3.9,1.7,43.18
10/22/21,4.8,0.9,22.86
10/23/21,5.6,0.8,20.32
10/24/21,13,7.4,187.96
10/25/21,16,3,76.2
10/26/21,16.1,0.1,2.54
10/27/21,16.1,0,0
10/28/21,16.1,0,0
10/29/21,16.1,0,0
10/30/21,16.1,0,0
10/31/21,16.1,0,0
11/1/21,16.2,0.1,2.54
11/2/21,16.2,0,0
11/3/21,16.2,0,0
11/4/21,16.4,0.2,5.08
11/5/21,16.4,0,0
11/6/21,16.6,0.2,5.08
11/7/21,16.6,0,0
11/8/21,16.9,0.3,7.62
11/9/21,18.4,1.5,38.1
11/10/21,18.4,0,0
11/11/21,18.5,0.1,2.54
11/12/21,18.5,0,0
11/13/21,18.5,0,0
11/14/21,18.5,0,0
11/15/21,18.5,0,0
11/16/21,18.5,0,0
11/17/21,18.5,0,0
11/18/21,18.5,0,0
11/19/21,18.8,0.3,7.62
11/20/21,18.8,0,0
11/21/21,18.8,0,0
11/22/21,18.8,0,0
11/23/21,18.8,0,0
11/24/21,18.8,0,0
11/25/21,18.9,0.1,2.54
11/26/21,18.9,0,0
11/27/21,18.9,0,0
11/28/21,18.9,0,0
11/29/21,18.9,0,0
11/30/21,18.9,0,0
12/1/21,18.9,0,0
12/2/21,18.9,0,0
12/3/21,18.9,0,0
12/4/21,18.9,0,0
12/5/21,18.9,0,0
12/6/21,19,0.1,2.54
12/7/21,19,0,0
12/8/21,19.1,0.1,2.54
12/9/21,19.5,0.4,10.16
12/10/21,19.5,0,0
12/11/21,19.5,0,0
12/12/21,20.6,1.1,27.94
12/13/21,23.3,2.7,68.58
12/14/21,25.9,2.6,66.04
12/15/21,25.9,0,0
12/16/21,27.1,1.2,30.48
12/17/21,27.2,0.1,2.54
12/18/21,27.3,0.1,2.54
12/19/21,27.3,0,0
12/20/21,27.3,0,0
12/21/21,27.3,0,0
12/22/21,28.8,1.5,38.1
12/23/21,31,2.2,55.88
12/24/21,32.1,1.1,27.94
12/25/21,32.2,0.1,2.54
12/26/21,32.3,0.1,2.54
12/27/21,32.3,0,0
12/28/21,32.3,0,0
12/29/21,32.7,0.4,10.16
12/30/21,32.7,0,0
12/31/21,32.7,0,0
1/1/22,32.7,0,0
1/2/22,32.8,0.1,2.54
1/3/22,32.8,0,0
1/4/22,32.8,0,0
1/5/22,32.8,0,0
1/6/22,32.8,0,0
1/7/22,32.8,0,0
1/8/22,32.8,0,0
1/9/22,32.8,0,0
1/10/22,32.8,0,0
1/11/22,32.8,0,0
1/12/22,34.3,1.5,38.1
1/13/22,34.3,0,0
1/14/22,34.3,0,0
1/15/22,34.3,0,0
1/16/22,34.4,0.1,2.54
1/17/22,34.4,0,0
1/18/22,34.4,0,0
1/19/22,34.4,0,0
1/20/22,34.4,0,0
1/21/22,34.4,0,0
1/22/22,34.4,0,0
1/23/22,34.4,0,0
1/24/22,34.4,0,0
1/25/22,34.4,0,0
1/26/22,34.4,0,0
1/27/22,34.4,0,0
1/28/22,34.4,0,0
1/29/22,34.4,0,0
1/30/22,34.4,0,0
1/31/22,34.4,0,0
2/1/22,34.4,0,0
2/2/22,34.5,0.1,2.54
2/3/22,34.5,0,0
2/4/22,34.5,0,0
2/5/22,34.5,0,0
2/6/22,34.5,0,0
2/7/22,34.5,0,0
2/8/22,34.5,0,0
2/9/22,34.5,0,0
2/10/22,34.5,0,0
2/11/22,34.5,0,0
2/12/22,34.5,0,0
2/13/22,34.5,0,0
2/14/22,34.5,0,0
2/15/22,34.6,0.1,2.54
2/16/22,34.6,0,0
2/17/22,34.7,0.1,2.54
2/18/22,34.7,0,0
2/19/22,34.7,0,0
2/20/22,34.7,0,0
2/21/22,35,0.3,7.62
2/22/22,35.6,0.6,15.24
2/23/22,35.8,0.2,5.08
2/24/22,36,0.2,5.08
2/25/22,36,0,0
2/26/22,36,0,0
2/27/22,36,0,0
2/28/22,36,0,0
3/1/22,36,0,0
3/2/22,36,0,0
3/3/22,36,0,0
3/4/22,36.4,0.4,10.16
3/5/22,36.6,0.2,5.08
3/6/22,36.6,0,0
3/7/22,36.6,0,0
3/8/22,36.6,0,0
3/9/22,36.7,0.1,2.54
3/10/22,36.7,0,0
3/11/22,36.7,0,0
3/12/22,36.7,0,0
3/13/22,36.8,0.1,2.54
3/14/22,36.9,0.1,2.54
3/15/22,37.6,0.7,17.78
3/16/22,37.6,0,0
3/17/22,37.6,0,0
3/18/22,37.7,0.1,2.54
3/19/22,37.9,0.2,5.08
3/20/22,38,0.1,2.54
3/21/22,38.1,0.1,2.54
3/22/22,38.2,0.1,2.54
3/23/22,38.2,0,0
3/24/22,38.2,0,0
3/25/22,38.2,0,0
3/26/22,38.2,0,0
3/27/22,38.2,0,0
3/28/22,38.2,0,0
3/29/22,38.3,0.1,2.54
3/30/22,38.3,0,0
3/31/22,38.3,0,0
4/1/22,38.4,0.1,2.54
4/2/22,38.4,0,0
4/3/22,38.4,0,0
4/4/22,38.4,0,0
4/5/22,38.4,0,0
4/6/22,38.4,0,0
4/7/22,38.4,0,0
4/8/22,38.5,0.1,2.54
4/9/22,38.5,0,0
4/10/22,38.5,0,0
4/11/22,39.4,0.9,22.86
4/12/22,39.4,0,0
4/13/22,39.6,0.2,5.08
4/14/22,40.8,1.2,30.48
4/15/22,42.1,1.3,33.02
4/16/22,43.5,1.4,35.56
4/17/22,43.5,0,0
4/18/22,43.5,0,0
4/19/22,44.3,0.8,20.32
4/20/22,44.5,0.2,5.08
4/21/22,47.2,2.7,68.58
4/22/22,47.6,0.4,10.16
4/23/22,47.6,0,0
4/24/22,47.6,0,0
4/25/22,47.6,0,0
4/26/22,47.6,0,0
4/27/22,47.6,0,0
4/28/22,47.6,0,0
4/29/22,47.6,0,0
4/30/22,47.7,0.1,2.54
5/1/22,47.7,0,0
5/2/22,47.7,0,0
5/3/22,47.8,0.1,2.54
5/4/22,47.8,0,0
5/5/22,47.8,0,0
5/6/22,47.8,0,0
5/7/22,47.8,0,0
5/8/22,48.2,0.4,10.16
5/9/22,48.8,0.6,15.24
5/10/22,48.9,0.1,2.54
5/11/22,48.9,0,0
5/12/22,49,0.1,2.54
5/13/22,49,0,0
5/14/22,49,0,0
5/15/22,49,0,0
5/16/22,49,0,0
5/17/22,49,0,0
5/18/22,49,0,0
5/19/22,49,0,0
5/20/22,49,0,0
5/21/22,49,0,0
5/22/22,49,0,0
5/23/22,49,0,0
5/24/22,49.1,0.1,2.54
5/25/22,49.1,0,0
5/26/22,49.1,0,0
5/27/22,49.1,0,0
5/28/22,49.5,0.4,10.16
5/29/22,49.5,0,0
5/30/22,49.5,0,0
5/31/22,49.5,0,0
6/1/22,49.6,0.1,2.54
6/2/22,49.6,0,0
6/3/22,49.6,0,0
6/4/22,49.7,0.1,2.54
6/5/22,50.5,0.8,20.32
6/6/22,50.5,0,0
6/7/22,50.5,0,0
6/8/22,50.5,0,0
6/9/22,50.5,0,0
6/10/22,50.5,0,0
6/11/22,50.5,0,0
6/12/22,51.4,0.9,22.86
6/13/22,51.4,0,0
6/14/22,51.4,0,0
6/15/22,51.5,0.1,2.54
6/16/22,51.5,0,0
6/17/22,51.5,0,0
6/18/22,51.5,0,0
6/19/22,51.5,0,0
6/20/22,51.6,0.1,2.54
6/21/22,51.6,0,0
6/22/22,51.6,0,0
6/23/22,51.8,0.2,5.08
6/24/22,51.8,0,0
6/25/22,52.1,0.3,7.62
6/26/22,52.1,0,0
6/27/22,52.1,0,0
6/28/22,52.1,0,0
6/29/22,52.1,0,0
6/30/22,52.1,0,0
7/1/22,52.1,0,0
7/2/22,52.1,0,0
7/3/22,52.1,0,0
7/4/22,52.2,0.1,2.54
7/5/22,52.2,0,0
7/6/22,52.2,0,0
7/7/22,52.2,0,0
7/8/22,52.2,0,0
7/9/22,52.2,0,0
7/10/22,52.2,0,0
7/11/22,52.2,0,0
7/12/22,52.2,0,0
7/13/22,52.2,0,0
7/14/22,52.2,0,0
7/15/22,52.2,0,0
7/16/22,52.2,0,0
7/17/22,52.2,0,0
7/18/22,52.2,0,0
7/19/22,52.2,0,0
7/20/22,52.2,0,0
7/21/22,52.2,0,0
7/22/22,52.2,0,0
7/23/22,52.2,0,0
7/24/22,52.2,0,0
7/25/22,52.3,0.1,2.54
7/26/22,52.3,0,0
7/27/22,52.3,0,0
7/28/22,52.3,0,0
7/29/22,52.3,0,0
7/30/22,52.3,0,0
7/31/22,52.4,0.1,2.54
8/1/22,52.4,0,0
8/2/22,52.4,0,0
8/3/22,52.4,0,0
8/4/22,52.4,0,0
8/5/22,52.4,0,0
8/6/22,52.4,0,0
8/7/22,52.4,0,0
8/8/22,52.4,0,0
8/9/22,52.4,0,0
8/10/22,52.4,0,0
8/11/22,52.4,0,0
8/12/22,52.4,0,0
8/13/22,52.4,0,0
8/14/22,52.4,0,0
8/15/22,52.4,0,0
8/16/22,52.4,0,0
8/17/22,52.4,0,0
8/18/22,52.4,0,0
8/19/22,52.4,0,0
8/20/22,52.4,0,0
8/21/22,52.4,0,0
8/22/22,52.4,0,0
8/23/22,52.4,0,0
8/24/22,52.4,0,0
8/25/22,52.4,0,0
8/26/22,52.4,0,0
8/27/22,52.4,0,0
8/28/22,52.4,0,0
8/29/22,52.4,0,0
8/30/22,52.4,0,0
8/31/22,52.4,0,0
9/1/22,52.4,0,0
9/2/22,52.4,0,0
9/3/22,52.4,0,0
9/4/22,52.4,0,0
9/5/22,52.4,0,0
9/6/22,52.4,0,0
9/7/22,52.4,0,0
9/8/22,52.4,0,0
9/9/22,52.4,0,0
9/10/22,52.4,0,0
9/11/22,52.4,0,0
9/12/22,52.4,0,0
9/13/22,52.4,0,0
9/14/22,52.4,0,0
9/15/22,52.4,0,0
9/16/22,52.4,0,0
9/17/22,52.4,0,0
9/18/22,52.4,0,0
9/19/22,52.4,0,0
9/20/22,52.4,0,0
9/21/22,52.4,0,0
9/22/22,52.4,0,0
9/23/22,52.4,0,0
9/24/22,52.4,0,0
9/25/22,52.4,0,0
9/26/22,52.4,0,0
9/27/22,52.4,0,0
9/28/22,52.4,0,0
9/29/22,52.4,0,0
9/30/22,52.4,0,0
