Year,Month,MeanTemp,Prcp
1901,1,-3.16,45.81
1901,2,-4.14,47.09
1901,3,2.05,51.7
1901,4,6.85,57.21
1901,5,13.72,59.72
1901,6,18.27,62.42
1901,7,22.22,58.91
1901,8,20.54,70.94
1901,9,15.3,62.07
1901,10,10.5,39.46
1901,11,2.6,35.14
1901,12,-2.68,60.18
1902,1,-3.73,36.63
1902,2,-2.67,55.83
1902,3,1.78,62.96
1902,4,7.62,42.29
1902,5,14.35,68.51
1902,6,18.21,68.2
1902,7,20.51,72.69
1902,8,19.81,60.69
1902,9,14.97,67.53
1902,10,9.93,48.86
1902,11,3.2,63.97
1902,12,-4.02,64.88
1903,1,-3.93,53.18
1903,2,-4.39,67.83
1903,3,2.44,64.34
1903,4,7.18,45.16
1903,5,13.07,64.42
1903,6,17.22,65.61
1903,7,20.25,70.89
1903,8,19.67,74.59
1903,9,15,52.79
1903,10,9.35,44.68
1903,11,1.52,39.22
1903,12,-2.84,36.24
1904,1,-5.49,44.34
1904,2,-3.92,50.84
1904,3,1.83,64.32
1904,4,7.22,47.36
1904,5,13.46,56.56
1904,6,17.78,69.2
1904,7,20.22,70.48
1904,8,19.25,68.67
1904,9,15.87,56.32
1904,10,9.6,40.83
1904,11,3.2,26.32
1904,12,-2.31,49.63
1905,1,-4.89,50.63
1905,2,-4.4,52.01
1905,3,4.54,61.42
1905,4,8.01,61.31
1905,5,13.2,82.89
1905,6,18.24,75.48
1905,7,20.25,84.01
1905,8,20.21,67.29
1905,9,16.15,61.17
1905,10,8.42,51.83
1905,11,3.47,49.61
1905,12,-3.28,53.36
1906,1,-3.93,58.98
1906,2,-1.71,39.09
1906,3,0.18,69.22
1906,4,8.58,46.79
1906,5,13.23,68.11
1906,6,17.82,71.6
1906,7,20.45,80.35
1906,8,19.97,82.09
1906,9,16.69,66.42
1906,10,9.15,50.03
1906,11,2.04,55.28
1906,12,-1.78,64.48
1907,1,-3.34,61.45
1907,2,-2.29,42.25
1907,3,3.77,50.6
1907,4,6.34,51.34
1907,5,11.68,72.43
1907,6,17.01,71.84
1907,7,20.53,72.76
1907,8,19.6,66.23
1907,9,15.72,64.63
1907,10,9.35,49.46
1907,11,2.03,50.75
1907,12,-1.32,60.47
1908,1,-2.72,44.27
1908,2,-2.05,63.05
1908,3,3.17,50.12
1908,4,8.38,59.84
1908,5,12.89,89.45
1908,6,17.65,68.68
1908,7,20.85,71.33
1908,8,19.35,71.44
1908,9,15.93,48.13
1908,10,8.28,48.65
1908,11,2.9,39.47
1908,12,-1.58,42.14
1909,1,-3.73,58.61
1909,2,-1.91,63.64
1909,3,1.38,51.38
1909,4,6.59,52.66
1909,5,12.47,68.01
1909,6,18.38,75.95
1909,7,20.67,72.88
1909,8,20.47,61.05
1909,9,15.5,56.09
1909,10,8.85,39.04
1909,11,3.6,59.82
1909,12,-5.89,59.15
1910,1,-4.49,52.41
1910,2,-4.48,46.89
1910,3,5.79,24.52
1910,4,8.56,48.05
1910,5,12.98,58.88
1910,6,18.03,59.21
1910,7,21.14,62.47
1910,8,19.55,58.21
1910,9,16.51,53.41
1910,10,10.27,49.71
1910,11,2.32,38.45
1910,12,-3.07,40.97
1911,1,-3.12,55.06
1911,2,-1.65,49.46
1911,3,2.98,40.05
1911,4,6.94,63.84
1911,5,13.86,47.02
1911,6,19.31,51.55
1911,7,20.6,68.92
1911,8,19.62,74.16
1911,9,16.71,63.11
1911,10,9.57,57.89
1911,11,0.39,47.27
1911,12,-2.68,67.85
1912,1,-5.7,45.41
1912,2,-2.52,44.82
1912,3,0.25,74.96
1912,4,8.13,72.66
1912,5,13.99,67.77
1912,6,17.32,64.08
1912,7,20.5,72.61
1912,8,19.19,77.42
1912,9,15.09,63.61
1912,10,9.43,52.66
1912,11,3.1,35.1
1912,12,-2.27,50.9
1913,1,-4.39,64.3
1913,2,-3.24,44.94
1913,3,1.27,64.67
1913,4,8.05,46.87
1913,5,13.58,57.34
1913,6,18.56,60.48
1913,7,20.8,64.23
1913,8,20.59,51.52
1913,9,15.25,70.6
1913,10,8.46,61.06
1913,11,4.26,53.38
1913,12,-2.03,53.48
1914,1,-1.75,54.75
1914,2,-3.34,47.79
1914,3,1.95,43.42
1914,4,7.9,61.77
1914,5,14.07,55.8
1914,6,18.89,68.1
1914,7,21.37,61.35
1914,8,20.07,78.36
1914,9,15.6,52.67
1914,10,10.71,57.75
1914,11,3.59,36.42
1914,12,-3.93,59.47
1915,1,-3.92,64.23
1915,2,-1.07,61.91
1915,3,0.87,36.31
1915,4,10.05,52.5
1915,5,12.9,83.28
1915,6,17.47,74.08
1915,7,20.15,81.01
1915,8,19.28,80.98
1915,9,15.96,68.65
1915,10,9.95,45.88
1915,11,3.31,49.4
1915,12,-2.11,60.9
1916,1,-4.57,80.63
1916,2,-2.44,41.48
1916,3,2.01,46
1916,4,7.8,47.63
1916,5,12.98,66.17
1916,6,17.29,76.09
1916,7,21.38,72.05
1916,8,20.04,66.09
1916,9,15.48,52.02
1916,10,9.18,53.33
1916,11,1.85,37
1916,12,-4.72,50.25
1917,1,-5.3,52.25
1917,2,-3.22,41.88
1917,3,1.16,53.79
1917,4,6.82,57.81
1917,5,11.14,58.68
1917,6,17.52,58.62
1917,7,21.29,66.77
1917,8,19.7,62.1
1917,9,15.68,53.94
1917,10,7.98,36.99
1917,11,2.72,26.6
1917,12,-4.76,34.42
1918,1,-6.71,55.95
1918,2,-2.11,41.42
1918,3,3.56,42.71
1918,4,6.58,65.34
1918,5,13.53,59.35
1918,6,19.34,53.88
1918,7,20.63,57.08
1918,8,20.26,66.08
1918,9,14.82,60.19
1918,10,10.64,66.96
1918,11,1.59,52.98
1918,12,-1.68,63.66
1919,1,-3.37,45.5
1919,2,-2.41,56.76
1919,3,1.82,57.03
1919,4,8.02,53.68
1919,5,13.4,72.08
1919,6,18.42,68.04
1919,7,21.44,75.74
1919,8,20.23,63.42
1919,9,16.48,57.74
1919,10,8.99,78.71
1919,11,1.28,62.62
1919,12,-4.24,44.95
1920,1,-4.87,51.66
1920,2,-1.27,39.77
1920,3,1.16,60.76
1920,4,5.32,71.56
1920,5,12.7,61.3
1920,6,17.71,66.49
1920,7,20.47,65.24
1920,8,19.3,83.06
1920,9,16.04,57.52
1920,10,9.69,51.64
1920,11,1.7,51.26
1920,12,-2.26,61.25
1921,1,-2.43,50.23
1921,2,-0.86,42.54
1921,3,4.71,56.53
1921,4,7.72,61.41
1921,5,13.32,58.55
1921,6,19.21,64.89
1921,7,21.5,69.63
1921,8,20.23,66.08
1921,9,16.59,60.54
1921,10,10.28,39.79
1921,11,3.21,51.55
1921,12,-0.92,52.79
1922,1,-4.97,49.31
1922,2,-2.81,54.12
1922,3,1.33,74.92
1922,4,7.56,68.51
1922,5,13.61,68.37
1922,6,18.91,61.41
1922,7,20.51,76.16
1922,8,20.31,58.08
1922,9,16.94,39.7
1922,10,10.43,45.4
1922,11,2.65,50.24
1922,12,-1.82,58.41
1923,1,-2.04,57.42
1923,2,-3.4,45.5
1923,3,0.63,56.15
1923,4,7.43,63.5
1923,5,13.2,68.92
1923,6,18.18,74.77
1923,7,21.31,65.28
1923,8,20.11,69.08
1923,9,16.17,71.84
1923,10,9.04,58.12
1923,11,3.55,45.41
1923,12,-1.34,64.68
1924,1,-5.57,49.07
1924,2,-1.51,43.84
1924,3,0.91,51.03
1924,4,6.6,54.04
1924,5,12.36,55.26
1924,6,18.36,64.51
1924,7,20.04,60.99
1924,8,20.03,59.48
1924,9,14.91,70.74
1924,10,9.73,39.29
1924,11,3.44,32.78
1924,12,-4.85,58.98
1925,1,-5.28,50.56
1925,2,-0.51,39.9
1925,3,3.54,37.83
1925,4,9.63,47.35
1925,5,13.5,44.09
1925,6,18.95,67.92
1925,7,21.27,65.28
1925,8,19.97,54.92
1925,9,16.97,72.81
1925,10,8.11,68.79
1925,11,2.41,52.47
1925,12,-2.45,39.97
1926,1,-2.47,57.45
1926,2,-0.14,46.7
1926,3,2.24,52.38
1926,4,7.93,50.81
1926,5,14,50.84
1926,6,18.46,56.59
1926,7,21.04,70.49
1926,8,20.41,75.9
1926,9,15.96,75.88
1926,10,10.53,61.17
1926,11,2.81,60.35
1926,12,-3.16,63.39
1927,1,-2.84,43.49
1927,2,0.16,60.43
1927,3,2.18,58.84
1927,4,7.44,67.42
1927,5,13.24,64.12
1927,6,17.82,71.76
1927,7,20.77,69.07
1927,8,18.92,69.56
1927,9,15.86,59.27
1927,10,10.28,55.98
1927,11,3.12,56.44
1927,12,-4.55,61.41
1928,1,-2.34,33.15
1928,2,-0.91,46.08
1928,3,2.45,53.38
1928,4,6.48,63.45
1928,5,14.1,53.71
1928,6,17.19,93.67
1928,7,20.92,76.87
1928,8,19.92,79.45
1928,9,15.13,57.18
1928,10,10.17,53.24
1928,11,3.03,51.09
1928,12,-1.75,43.87
1929,1,-4.7,58.36
1929,2,-4.37,49.71
1929,3,2.66,63
1929,4,7.88,66.38
1929,5,12.91,77.62
1929,6,17.97,62.35
1929,7,20.96,66.69
1929,8,20.32,49.44
1929,9,15.8,67.5
1929,10,9.83,63.58
1929,11,1.68,49.84
1929,12,-1.81,49.17
1930,1,-6.14,59.54
1930,2,0.11,40.61
1930,3,1.36,48.16
1930,4,9.33,42.21
1930,5,13.03,70.22
1930,6,18.28,56.87
1930,7,21.73,49.5
1930,8,20.62,58.15
1930,9,16.39,60.02
1930,10,8.69,53.41
1930,11,2,53.43
1930,12,-2.49,35.69
1931,1,-1.93,38.15
1931,2,0.49,43.35
1931,3,1.32,50.75
1931,4,7.91,46.66
1931,5,13.01,53.89
1931,6,19.35,52.04
1931,7,21.91,68.01
1931,8,20.11,69
1931,9,17.49,51.89
1931,10,10.74,49.54
1931,11,3.65,58.59
1931,12,-1.19,75.75
1932,1,-3.73,76.12
1932,2,-1.43,52.22
1932,3,0.71,50.22
1932,4,8.45,46.46
1932,5,13.59,55.08
1932,6,18.58,72.3
1932,7,21.28,65.02
1932,8,20.27,75.38
1932,9,15.83,56.91
1932,10,9.14,60.24
1932,11,1.53,45
1932,12,-3.76,64.63
1933,1,-2.67,53.83
1933,2,-3.95,45.42
1933,3,2.3,55.42
1933,4,7.54,57.56
1933,5,13.33,75.56
1933,6,19.52,37.73
1933,7,21.74,64.62
1933,8,20.02,72.1
1933,9,17.18,57.25
1933,10,9.95,40.72
1933,11,3.14,31.02
1933,12,-1.53,54.12
1934,1,-2.54,43.61
1934,2,-0.86,39.64
1934,3,2.81,52.36
1934,4,9.32,42.87
1934,5,15.49,42.29
1934,6,19.35,60.24
1934,7,22.18,52.85
1934,8,20.84,61.16
1934,9,15.7,66.59
1934,10,11.21,44.39
1934,11,4.35,63.65
1934,12,-1.81,47.97
1935,1,-3.2,57.99
1935,2,-0.26,43.23
1935,3,3.32,61.63
1935,4,7.33,60.22
1935,5,11.91,81.81
1935,6,17.89,70.82
1935,7,21.88,65.03
1935,8,20.45,64.58
1935,9,15.99,60.96
1935,10,9.59,43.56
1935,11,1.56,50.49
1935,12,-3.42,42.1
1936,1,-4.88,64.12
1936,2,-5.44,57.94
1936,3,2.99,48.73
1936,4,7.67,45.45
1936,5,15.13,51.27
1936,6,19.72,44.76
1936,7,22.56,59.13
1936,8,21.55,58.2
1936,9,16.67,68.82
1936,10,9.73,54.69
1936,11,2.12,35.84
1936,12,-1.88,65.76
1937,1,-4.84,77.73
1937,2,-3.17,49.88
1937,3,0.85,48.19
1937,4,7.3,61.49
1937,5,14.12,52.85
1937,6,18.61,72.02
1937,7,21.59,64.31
1937,8,21.29,68.05
1937,9,16.64,49.7
1937,10,10.14,62.94
1937,11,2.77,48.55
1937,12,-2.26,53.92
1938,1,-3.2,50.95
1938,2,-1.11,54.59
1938,3,4,70.01
1938,4,8.64,61.03
1938,5,13.38,72.02
1938,6,18.43,73.03
1938,7,21.14,78.43
1938,8,21,55.87
1938,9,17.1,62.06
1938,10,11.47,34.89
1938,11,2.2,48.44
1938,12,-1.35,41.68
1939,1,-2.29,58.54
1939,2,-3.53,66.43
1939,3,2.34,47.68
1939,4,8.37,50.09
1939,5,14.54,50.53
1939,6,18.55,77.18
1939,7,21.7,60.44
1939,8,20.31,70.94
1939,9,17.16,44.75
1939,10,9.83,42.62
1939,11,2.55,26.39
1939,12,0.45,44.26
1940,1,-6.06,47.65
1940,2,-1.49,63
1940,3,2.45,51.41
1940,4,8.36,67.8
1940,5,14.11,51.94
1940,6,18.95,69.26
1940,7,21.48,60.93
1940,8,20.3,75.31
1940,9,16.44,52.42
1940,10,11.01,45.1
1940,11,1.77,63.92
1940,12,-0.31,65.65
1941,1,-2.77,49.64
1941,2,-1.21,41.78
1941,3,1.54,47.81
1941,4,8.91,68.23
1941,5,14.6,60.01
1941,6,18.26,86.48
1941,7,21.21,77.11
1941,8,20.44,65.98
1941,9,16.01,70.45
1941,10,10.29,84.22
1941,11,3.08,41.18
1941,12,-0.6,62.56
1942,1,-2.87,38.7
1942,2,-2.33,47.53
1942,3,2.14,55.86
1942,4,9.24,62.53
1942,5,13.32,70.26
1942,6,18.23,81.48
1942,7,21.34,63.15
1942,8,20.16,81.28
1942,9,15.84,69.2
1942,10,10.22,52.72
1942,11,2.87,50.72
1942,12,-3.25,64.88
1943,1,-4.79,50.37
1943,2,-0.26,32.49
1943,3,0.93,64.31
1943,4,8.89,46.81
1943,5,13.49,74.39
1943,6,18.77,75.32
1943,7,21.44,64.3
1943,8,20.75,60.05
1943,9,15.76,50.45
1943,10,9.9,46.72
1943,11,3,36.72
1943,12,-1.83,45
1944,1,-2.57,45.36
1944,2,-0.72,60.94
1944,3,0.75,70.46
1944,4,6.77,70.54
1944,5,14.44,69.4
1944,6,18.4,67.69
1944,7,20.8,59.92
1944,8,20.13,77.13
1944,9,16.17,58.89
1944,10,10.64,38.32
1944,11,2.71,57.9
1944,12,-2.8,49.79
1945,1,-2.62,42.67
1945,2,-0.75,63.61
1945,3,4,68.14
1945,4,7.29,66.86
1945,5,12.31,63.69
1945,6,16.98,79.54
1945,7,20.76,75.19
1945,8,20.11,70.5
1945,9,16.08,82.92
1945,10,9.82,52.4
1945,11,2.09,50.29
1945,12,-3.87,58.81
1946,1,-2.71,58.73
1946,2,-1.34,47.52
1946,3,4.01,59.42
1946,4,9.33,38.35
1946,5,12.86,83.34
1946,6,18.45,65.99
1946,7,21.34,63.11
1946,8,19.59,69.66
1946,9,15.84,62.73
1946,10,9.77,64.56
1946,11,2.35,65.78
1946,12,-1.63,45.84
1947,1,-4.06,59.21
1947,2,-2.76,25.54
1947,3,1.16,51.53
1947,4,7.96,68.15
1947,5,13.6,71.29
1947,6,17.5,86.71
1947,7,20.85,52.31
1947,8,20.91,61.46
1947,9,16.7,56.52
1947,10,11.96,52.56
1947,11,1.62,64
1947,12,-1.55,47.22
1948,1,-4.45,49.09
1948,2,-3.16,56.34
1948,3,0.69,68.25
1948,4,8.84,55.31
1948,5,13.5,60.62
1948,6,18.59,73.28
1948,7,20.84,77.2
1948,8,19.91,60.12
1948,9,16.37,48.84
1948,10,9.33,40.84
1948,11,2.12,72.6
1948,12,-3.03,57.47
1949,1,-5.27,74.09
1949,2,-3.33,53.2
1949,3,2.69,55.51
1949,4,7.97,47.87
1949,5,14,66.39
1949,6,18.39,77.33
1949,7,21.34,74.81
1949,8,20.25,65.56
1949,9,15.84,55.28
1949,10,9.99,65.18
1949,11,5.1,30.05
1949,12,-2.38,50.41
1950,1,-3.39,71.69
1950,2,-1.96,48.97
1950,3,1.57,52.58
1950,4,6.92,47.83
1950,5,13.2,65
1950,6,18.14,66.55
1950,7,20.12,90.7
1950,8,19.46,63.74
1950,9,15.6,64.19
1950,10,11.45,42.88
1950,11,1.84,46.75
1950,12,-2.03,44.72
1951,1,-4.44,54.06
1951,2,-1.79,51.97
1951,3,0.14,56.86
1951,4,7.65,53.61
1951,5,14.01,53.37
1951,6,17.52,80.2
1951,7,21.23,68.79
1951,8,20.23,69.93
1951,9,15.79,64.25
1951,10,9.57,53.73
1951,11,1.52,55.62
1951,12,-3.13,69.36
1952,1,-3.43,59.07
1952,2,-1.06,45.29
1952,3,0.45,65.42
1952,4,8,55.27
1952,5,13.33,60.24
1952,6,19.34,53.6
1952,7,21.32,63.3
1952,8,20.46,68.49
1952,9,16.41,41.76
1952,10,9.57,22.05
1952,11,2.84,51.57
1952,12,-1.66,54.82
1953,1,-1.42,56.5
1953,2,-0.7,49.23
1953,3,3.02,57.13
1953,4,7.26,65.43
1953,5,13.31,71.13
1953,6,19.4,61.68
1953,7,21.52,64.18
1953,8,20.24,64.57
1953,9,16.69,40.93
1953,10,10.7,38.85
1953,11,3.76,40.06
1953,12,-1.63,56.62
1954,1,-3.76,57.16
1954,2,0.71,35.44
1954,3,1.41,50.09
1954,4,9.22,51.84
1954,5,13,59.56
1954,6,18.59,57.53
1954,7,21.89,53.88
1954,8,20.35,65.56
1954,9,16.84,51.64
1954,10,10.42,54.21
1954,11,4.36,37.86
1954,12,-2.66,48.45
1955,1,-3.47,43.26
1955,2,-3.72,54.12
1955,3,1.53,47.01
1955,4,8.37,55.6
1955,5,13.96,66.97
1955,6,17.27,61.56
1955,7,21.58,71.56
1955,8,20.85,72.12
1955,9,16.5,52.48
1955,10,9.96,48.2
1955,11,0.08,42.05
1955,12,-3.22,49.69
1956,1,-4.01,51.68
1956,2,-3.24,60.94
1956,3,1.67,41.41
1956,4,7.18,47.53
1956,5,14.36,59.35
1956,6,19.18,52.98
1956,7,20.91,68.67
1956,8,19.98,61.15
1956,9,16.07,40.57
1956,10,10.21,47.91
1956,11,1.34,36.47
1956,12,-1.71,44.59
1957,1,-4.53,53.89
1957,2,-0.07,48.6
1957,3,2.53,54.31
1957,4,8.15,77.77
1957,5,13.48,91.02
1957,6,18.84,79.84
1957,7,21.5,55.36
1957,8,20.35,56.92
1957,9,15.83,70.44
1957,10,9.02,63.75
1957,11,2.76,70.15
1957,12,-0.94,54.12
1958,1,-2.74,54.03
1958,2,-2.49,52.89
1958,3,1.04,58.49
1958,4,8.02,67.01
1958,5,14.67,57.65
1958,6,18.46,74.98
1958,7,20.85,91.28
1958,8,20.89,63.41
1958,9,16.35,64.8
1958,10,9.66,40.9
1958,11,3.2,49.42
1958,12,-2.48,31.5
1959,1,-4.44,49.03
1959,2,-1.75,54.66
1959,3,1.24,47.98
1959,4,7.95,49.48
1959,5,13.96,71.74
1959,6,19.26,59.89
1959,7,20.88,76.52
1959,8,20.72,70.93
1959,9,15.99,65.62
1959,10,9.3,79.35
1959,11,1.39,42.25
1959,12,-1.12,51.59
1960,1,-3.91,55.33
1960,2,-2.77,57.65
1960,3,-0.44,46.09
1960,4,8.31,48.68
1960,5,13.47,64.88
1960,6,18.58,63.12
1960,7,21.3,70.52
1960,8,20.22,72.37
1960,9,16.63,59.99
1960,10,10.15,57.62
1960,11,2.9,45.3
1960,12,-2.47,46.56
1961,1,-3.39,35.2
1961,2,-0.55,61.53
1961,3,2.5,67.43
1961,4,6.57,54.38
1961,5,13.16,64.1
1961,6,18.85,68.88
1961,7,20.87,78.61
1961,8,20.44,68.64
1961,9,15.45,73.63
1961,10,9.31,46.78
1961,11,1.78,58.8
1961,12,-4.17,60.75
1962,1,-5.14,54.77
1962,2,-0.75,57.6
1962,3,0.47,49.91
1962,4,8.33,47.53
1962,5,14.34,60.99
1962,6,18.12,76.07
1962,7,20.6,72.18
1962,8,20.39,54.89
1962,9,15.56,66.1
1962,10,10.9,54.28
1962,11,3.44,44.72
1962,12,-2,38.43
1963,1,-5.74,42.81
1963,2,-1.39,40.47
1963,3,3.19,60.67
1963,4,8.26,53.47
1963,5,14.14,53.83
1963,6,18.28,70.34
1963,7,21.13,69.15
1963,8,20.17,65.43
1963,9,16.96,52.93
1963,10,12.14,28.11
1963,11,2.87,55.92
1963,12,-3.9,37.23
1964,1,-3.34,53.7
1964,2,-2.95,41.08
1964,3,0.25,62.68
1964,4,7.69,74.59
1964,5,13.69,52.23
1964,6,18.25,65.49
1964,7,21.63,63.04
1964,8,19.58,72.03
1964,9,15.6,59.52
1964,10,9.77,36.46
1964,11,2.9,54.08
1964,12,-3.86,70.24
1965,1,-3.4,54.21
1965,2,-3.4,50.07
1965,3,0.46,51.27
1965,4,8.52,58.2
1965,5,13.56,62.55
1965,6,17.43,75.73
1965,7,20.6,68.05
1965,8,19.6,72.82
1965,9,14.94,86.16
1965,10,9.55,39.27
1965,11,4.18,46.04
1965,12,-1.34,50.95
1966,1,-6.18,52.2
1966,2,-3.19,54.83
1966,3,2.15,36.7
1966,4,7.21,55.59
1966,5,13.29,51.64
1966,6,18.27,53.33
1966,7,21.81,61.55
1966,8,19.55,77.28
1966,9,16.08,58.44
1966,10,9.04,42.29
1966,11,3.27,47.29
1966,12,-2.77,55.28
1967,1,-2.6,48.3
1967,2,-2.46,34.37
1967,3,3.53,46.34
1967,4,8.21,62.21
1967,5,12.43,66.36
1967,6,18.13,81.84
1967,7,20.63,74.32
1967,8,19.92,67.96
1967,9,15.81,58.02
1967,10,9.59,52.14
1967,11,2.85,42.76
1967,12,-2.5,69.62
1968,1,-4.41,52.83
1968,2,-2.48,35.67
1968,3,3.56,47.74
1968,4,7.6,55.66
1968,5,12.71,75.27
1968,6,18.42,70.91
1968,7,21.07,66.14
1968,8,19.76,70.11
1968,9,15.48,55.02
1968,10,9.85,49.03
1968,11,2.37,61.61
1968,12,-4.36,61.99
1969,1,-4.89,65.67
1969,2,-2.57,49.53
1969,3,-0.1,42.67
1969,4,9.13,57.41
1969,5,14.44,60.61
1969,6,17.93,73.98
1969,7,21.32,76.66
1969,8,20.35,60.36
1969,9,16.58,52.37
1969,10,8.85,61.61
1969,11,2.25,38.75
1969,12,-1.12,67.12
1970,1,-5.78,46.24
1970,2,-0.46,38.64
1970,3,1.45,58.75
1970,4,7.26,62.25
1970,5,14.15,59
1970,6,18.5,65.17
1970,7,21.29,61.09
1970,8,20.76,61.43
1970,9,15.64,70.69
1970,10,8.38,68.12
1970,11,2.78,49.81
1970,12,-2.18,52.57
1971,1,-5.45,44.98
1971,2,-2.47,55.17
1971,3,0.64,44.82
1971,4,7.32,41.77
1971,5,12.53,65.49
1971,6,19.04,59.55
1971,7,20.62,74.72
1971,8,20.18,70.4
1971,9,15.82,68.44
1971,10,10.11,65.91
1971,11,2.3,46.15
1971,12,-1.79,73.37
1972,1,-4.57,52.88
1972,2,-2.61,39.04
1972,3,2.46,47.79
1972,4,7.18,50.92
1972,5,13.68,66.56
1972,6,18.25,71.02
1972,7,20.72,69.14
1972,8,20.29,65.71
1972,9,15.72,66.18
1972,10,9.03,68.21
1972,11,1.44,67.66
1972,12,-3.64,66.46
1973,1,-4.81,58.82
1973,2,-2.04,44.74
1973,3,3.43,87.47
1973,4,7.11,73.8
1973,5,13.22,66.66
1973,6,18.6,69.96
1973,7,20.96,72.96
1973,8,20.33,57.68
1973,9,15.95,78.52
1973,10,10.52,56.42
1973,11,2.71,67.11
1973,12,-1.73,67.15
1974,1,-3.88,68.59
1974,2,-2.43,40.28
1974,3,3.4,55.87
1974,4,8.3,56.35
1974,5,13.84,66.9
1974,6,18.34,62.61
1974,7,21.42,56.04
1974,8,19.59,82.95
1974,9,15.18,64.76
1974,10,9.38,52.97
1974,11,2.64,51.18
1974,12,-2.48,55.95
1975,1,-3.46,60.93
1975,2,-2.74,58.74
1975,3,0.97,72.88
1975,4,5.83,61.32
1975,5,13.76,73.07
1975,6,17.9,76.97
1975,7,21.26,73.91
1975,8,19.99,68.35
1975,9,15.08,67.28
1975,10,9.81,53.44
1975,11,2.17,50.11
1975,12,-2.4,47.98
1976,1,-4.12,42.87
1976,2,-0.15,43.4
1976,3,2.48,58.53
1976,4,8.39,51.96
1976,5,13.01,66.33
1976,6,18.08,62.54
1976,7,20.88,65.56
1976,8,19.8,51.18
1976,9,15.91,59.98
1976,10,7.77,57.34
1976,11,1.71,32.11
1976,12,-3.17,35.49
1977,1,-5.82,39.82
1977,2,0.05,30.94
1977,3,2.57,68.22
1977,4,9.09,55.16
1977,5,14.32,61.51
1977,6,19.38,59.47
1977,7,21.77,60.02
1977,8,20.59,82.72
1977,9,16.77,79.75
1977,10,9.81,53.34
1977,11,2.44,60.4
1977,12,-2.5,58.62
1978,1,-4.97,71.46
1978,2,-4.16,41.04
1978,3,2.47,49.72
1978,4,8.57,56.83
1978,5,13.59,80.36
1978,6,18.51,63.44
1978,7,21.42,65.97
1978,8,20.34,66.77
1978,9,16.8,57.23
1978,10,9.74,33.61
1978,11,2.9,60.39
1978,12,-3.28,61.06
1979,1,-7.01,75.97
1979,2,-5.66,55.82
1979,3,2.81,63.93
1979,4,7.8,70.28
1979,5,13.44,70.47
1979,6,18.15,61.52
1979,7,21.13,81.22
1979,8,20.07,72.58
1979,9,16.9,60.67
1979,10,10.76,54.32
1979,11,2.75,60.13
1979,12,-1.47,45.17
1980,1,-3.71,62.42
1980,2,-1.56,45.21
1980,3,1.68,74
1980,4,8.47,54.63
1980,5,13.9,69.01
1980,6,18.58,58.85
1980,7,22.23,54.45
1980,8,20.49,65.76
1980,9,16.54,65.74
1980,10,9.35,48.03
1980,11,3.22,41.54
1980,12,-2.46,36.11
1981,1,-1.15,28.59
1981,2,-0.19,52.04
1981,3,3.88,49.38
1981,4,9.98,48.8
1981,5,13.53,77.26
1981,6,19.07,78.58
1981,7,21.23,81.27
1981,8,20.15,73.81
1981,9,15.97,50.59
1981,10,9,71.58
1981,11,4.16,48.74
1981,12,-2.03,53.8
1982,1,-6.19,65.75
1982,2,-2.51,50.54
1982,3,2.62,58.25
1982,4,6.58,56.65
1982,5,13.72,76.91
1982,6,17.42,77.92
1982,7,21.04,75.37
1982,8,20.22,64.28
1982,9,15.82,65.09
1982,10,8.72,57.28
1982,11,2.17,66.37
1982,12,-0.59,82.3
1983,1,-2.79,48.34
1983,2,-0.27,58.87
1983,3,2.86,77.36
1983,4,6.45,74.81
1983,5,12.71,77.03
1983,6,17.95,67.9
1983,7,21.48,53.02
1983,8,21.49,65.21
1983,9,16.09,57.26
1983,10,9.82,63.21
1983,11,3.52,83.71
1983,12,-5.34,74.26
1984,1,-4.46,35.38
1984,2,-1.17,49.09
1984,3,2.2,59.29
1984,4,7.08,65.52
1984,5,13.5,68.8
1984,6,18.68,68.75
1984,7,20.93,71.25
1984,8,20.56,64.99
1984,9,15.38,45.03
1984,10,9.49,79.54
1984,11,2.19,61.15
1984,12,-1.46,59.23
1985,1,-4.29,38.88
1985,2,-3.8,49.46
1985,3,3.28,58.06
1985,4,8.57,44.19
1985,5,14.37,58.92
1985,6,18.05,64.99
1985,7,21.42,64.68
1985,8,19.69,74.06
1985,9,15.02,75.83
1985,10,9.35,74.66
1985,11,1.32,76.66
1985,12,-3.27,37.82
1986,1,-1.42,36.56
1986,2,-0.55,60.82
1986,3,4.12,45.23
1986,4,8.24,50.07
1986,5,13.96,64.67
1986,6,19.43,69.25
1986,7,21.22,70.39
1986,8,19.87,73.68
1986,9,15.68,85.24
1986,10,9.68,68.9
1986,11,2.24,67.4
1986,12,-0.72,50.13
1987,1,-2.76,54.36
1987,2,0.01,54.85
1987,3,2.92,58.11
1987,4,9.08,33.89
1987,5,15.04,73.22
1987,6,19.28,66.9
1987,7,21.16,67.72
1987,8,20.23,66.6
1987,9,16.1,58.59
1987,10,9.5,33.27
1987,11,3.67,60.23
1987,12,-1.52,67.09
1988,1,-4.58,46.18
1988,2,-1.72,37.8
1988,3,2.97,47.12
1988,4,8.58,53.65
1988,5,14.38,50.31
1988,6,19.64,41.68
1988,7,21.91,65.81
1988,8,20.99,68.76
1988,9,15.88,66.64
1988,10,9.1,38.35
1988,11,2.79,69.16
1988,12,-1.6,43.31
1989,1,-3.22,50.33
1989,2,-3.55,48.29
1989,3,2.64,62.05
1989,4,9.21,42.97
1989,5,13.76,75.66
1989,6,18.34,87.78
1989,7,21.65,72.7
1989,8,20.19,71.72
1989,9,15.96,69.96
1989,10,9.83,48.26
1989,11,2.38,42.06
1989,12,-4.21,36.99
1990,1,-1.15,65.52
1990,2,-1.96,62.92
1990,3,4.14,62.51
1990,4,9.23,55.71
1990,5,13.48,84.29
1990,6,19.44,59.09
1990,7,21.32,73.28
1990,8,20.56,69.54
1990,9,17.23,56.82
1990,10,9.55,65.37
1990,11,3.3,49.06
1990,12,-3.56,65.23
1991,1,-4.06,53.23
1991,2,0.85,39.4
1991,3,3.19,74.59
1991,4,9.05,72.02
1991,5,14.82,81.78
1991,6,18.96,66.35
1991,7,21.33,68.3
1991,8,20.62,66.29
1991,9,16.36,63.27
1991,10,9.99,52.03
1991,11,1.38,57.61
1991,12,-0.99,63.17
1992,1,-1.93,51.22
1992,2,0.5,53.7
1992,3,3.9,57.34
1992,4,8.6,46.92
1992,5,13.8,53.1
1992,6,18.12,80.01
1992,7,20.3,88.45
1992,8,19.2,75.3
1992,9,15.48,57.87
1992,10,9.42,41.28
1992,11,2.03,75.99
1992,12,-3.06,64.94
1993,1,-3.67,78.06
1993,2,-2.77,51.27
1993,3,2.73,62.51
1993,4,8.11,62.94
1993,5,14.41,66.13
1993,6,18.16,81.5
1993,7,21,70.73
1993,8,20.27,73.35
1993,9,15.31,69.92
1993,10,9.54,55.66
1993,11,1.64,53.72
1993,12,-1.11,47.02
1994,1,-3.76,54
1994,2,-2.92,48.21
1994,3,3.54,56.91
1994,4,9.11,62.3
1994,5,14.27,55.6
1994,6,19.75,68.19
1994,7,21.44,75.02
1994,8,20.66,68.43
1994,9,16.49,54.07
1994,10,9.69,66.54
1994,11,2.6,67.74
1994,12,-0.9,51.78
1995,1,-2.27,69.64
1995,2,-0.08,37.22
1995,3,2.72,63.11
1995,4,8.01,62.5
1995,5,13.54,89.71
1995,6,18.3,75.56
1995,7,21.4,68.54
1995,8,21.42,67.84
1995,9,16.58,55.14
1995,10,10.04,59.43
1995,11,2.46,48.99
1995,12,-1.88,49.48
1996,1,-4.52,62.99
1996,2,-1.21,47.14
1996,3,1.58,51.32
1996,4,8,56.51
1996,5,14.32,71.76
1996,6,19.23,67.81
1996,7,21.36,75.7
1996,8,20.35,67.41
1996,9,15.37,79
1996,10,8.91,57.39
1996,11,1.43,66.19
1996,12,-2.22,67.91
1997,1,-4.27,64.19
1997,2,-0.18,55
1997,3,2.77,50.96
1997,4,6.49,64.54
1997,5,13.31,63.39
1997,6,18.45,78.04
1997,7,21.06,66.11
1997,8,20.16,71.42
1997,9,17.05,60.18
1997,10,9.05,58.69
1997,11,2.47,53.19
1997,12,-2.03,53.61
1998,1,-1.72,74.48
1998,2,0.76,70.41
1998,3,2.69,71.08
1998,4,8.51,58.45
1998,5,14.9,58.45
1998,6,18.3,77.96
1998,7,21.95,72.83
1998,8,20.84,67.28
1998,9,17.95,60.37
1998,10,10.12,68.63
1998,11,4.12,56.02
1998,12,-1.42,46.16
1999,1,-2.76,72.24
1999,2,-0.13,42.46
1999,3,2.4,48.52
1999,4,8.05,63.62
1999,5,13.45,66.11
1999,6,18.38,79.49
1999,7,21.44,66.36
1999,8,20.64,62.07
1999,9,15.68,62.18
1999,10,9.53,41.53
1999,11,4.83,33.45
1999,12,-1.42,42.82
2000,1,-2.54,53.38
2000,2,1.63,49.11
2000,3,4.55,54.72
2000,4,8.51,52.79
2000,5,14.64,59.39
2000,6,18.61,79.62
2000,7,21.09,62.77
2000,8,20.72,55.72
2000,9,16.04,58.77
2000,10,9.93,54.19
2000,11,1.04,62.31
2000,12,-4.05,39.73
2001,1,-2.36,47.68
2001,2,-1.31,54.6
2001,3,2.02,57.91
2001,4,9.02,47.96
2001,5,14.29,62.35
2001,6,18.86,69.9
2001,7,21.52,71.19
2001,8,21.11,65.36
2001,9,16.44,60.37
2001,10,9.29,51.55
2001,11,4.83,51.51
2001,12,-1.35,52.87
2002,1,-1.35,50.21
2002,2,-0.72,31.6
2002,3,1.47,56.19
2002,4,8.73,51.8
2002,5,13.38,60.09
2002,6,19.45,58.81
2002,7,22.16,64.81
2002,8,20.38,63.82
2002,9,17.1,68.8
2002,10,8.91,70.76
2002,11,3.49,44.47
2002,12,-0.42,67.07
2003,1,-2.3,31.92
2003,2,-1.76,60.36
2003,3,2.97,53.67
2003,4,8.78,57.65
2003,5,13.95,73.66
2003,6,18.36,79.98
2003,7,22.05,66.3
2003,8,21.41,68.53
2003,9,15.87,65.87
2003,10,11.11,44.64
2003,11,3.07,59.79
2003,12,-1.23,56.33
2004,1,-4.31,46.65
2004,2,-1.67,55.28
2004,3,4.54,45.71
2004,4,9.1,56.11
2004,5,14.95,74.3
2004,6,18.69,78.84
2004,7,21.26,74.68
2004,8,19.77,70.81
2004,9,16.34,71.52
2004,10,10.63,70.1
2004,11,3.84,72.36
2004,12,-1.02,52.91
2005,1,-2.38,64.19
2005,2,-0.01,49.26
2005,3,3.17,52.34
2005,4,8.64,56.68
2005,5,13.89,62.41
2005,6,19.2,74.53
2005,7,22.11,65.94
2005,8,20.99,74.82
2005,9,17.55,55.66
2005,10,10.48,54.55
2005,11,3.44,51.74
2005,12,-1.83,53.62
2006,1,-0.12,58.51
2006,2,-0.84,36.91
2006,3,2.59,51.4
2006,4,9.77,59.15
2006,5,14.8,52.32
2006,6,19.55,63.24
2006,7,22.58,61.23
2006,8,20.77,74.95
2006,9,15.68,68.19
2006,10,9.45,67.86
2006,11,3.08,52.91
2006,12,-0.33,58.01
2007,1,-3.4,53.93
2007,2,-2.56,39.29
2007,3,4.07,50.15
2007,4,8.21,55.11
2007,5,14.79,60.98
2007,6,19.29,66.91
2007,7,21.95,69.79
2007,8,21.71,63.39
2007,9,17.23,57.3
2007,10,11.05,64.46
2007,11,4.04,34.82
2007,12,-1.74,65.96
2008,1,-3.87,52.75
2008,2,-1.77,55.96
2008,3,2.5,55.97
2008,4,7.81,59.06
2008,5,13.58,66.33
2008,6,19.01,70.33
2008,7,21.4,72.53
2008,8,20.35,70.6
2008,9,16.35,64.22
2008,10,9.22,52.3
2008,11,3.25,44.85
2008,12,-2.75,62.98
2009,1,-3.76,41.79
2009,2,-0.65,38.49
2009,3,2.56,60.96
2009,4,8.03,63.46
2009,5,14.52,71.77
2009,6,18.71,68.91
2009,7,21.03,73.25
2009,8,20.17,68.51
2009,9,16.88,60.85
2009,10,8.47,92.77
2009,11,4.1,38.69
2009,12,-3.5,66.12
2010,1,-3.69,59.1
2010,2,-2.35,46.28
2010,3,3.25,50.93
2010,4,9.3,52.75
2010,5,13.9,71.1
2010,6,19.41,81.79
2010,7,21.71,82.13
2010,8,21.44,63.59
2010,9,17.06,65.58
2010,10,10.93,46.57
2010,11,3.3,53.29
2010,12,-2.9,52.69
2011,1,-3.83,43.35
2011,2,-2.21,53.68
2011,3,3.01,62.15
2011,4,8.58,67.53
2011,5,13.57,74.24
2011,6,19.19,63.32
2011,7,22.42,66.22
2011,8,21.53,65.16
2011,9,16.8,61.86
2011,10,10.5,53.03
2011,11,2.85,59.79
2011,12,-0.84,56.45
2012,1,-2.37,52.12
2012,2,0.44,48.16
2012,3,5.61,60.86
2012,4,9.97,53.77
2012,5,15.1,58.77
2012,6,19.65,54.79
2012,7,22.69,66.93
2012,8,21.08,64.42
2012,9,16.69,66.61
2012,10,9.65,54.25
2012,11,3.11,33.5
2012,12,-1.19,63.6
2013,1,-2.37,58.83
2013,2,-1.28,49.34
2013,3,1.88,41.66
2013,4,6.83,67.42
2013,5,13.85,84.98
2013,6,19.76,80.71
2013,7,21.79,79.29
2013,8,20.98,66.43
2013,9,17.28,72.46
2013,10,10.14,59.63
2013,11,2.52,49.14
2013,12,-3.19,55.53
2014,1,-2.41,40.89
2014,2,-2.67,50.79
2014,3,2.19,51.92
2014,4,8.77,66.89
2014,5,14.71,63.31
2014,6,18.97,87.74
2014,7,21.17,68.02
2014,8,20.75,77.16
2014,9,17.04,65.1
2014,10,11.05,55.25
2014,11,2.14,48.72
2014,12,0.48,62.91
2015,1,-2.25,48.55
2015,2,-1.84,44.08
2015,3,4.43,48.03
2015,4,9.44,69.04
2015,5,14.68,85.65
2015,6,20.1,81.01
2015,7,21.72,83.56
2015,8,20.75,71.13
2015,9,17.73,63.23
2015,10,11.75,69.49
2015,11,4.39,78.78
2015,12,0.77,84.15
2016,1,-1.52,51.32
2016,2,1.71,45.27
2016,3,5.73,63.05
2016,4,9.86,70.01
2016,5,14.44,69.12
2016,6,20.33,60.99
2016,7,22.39,77.63
2016,8,21.34,81.29
2016,9,17.5,66.92
2016,10,11.93,52.69
2016,11,5.62,44.85
2016,12,-2.05,63.68
2017,1,-2.07,72.65
2017,2,1.77,51.9
2017,3,3.84,56.41
2017,4,10.02,79.97
2017,5,14.21,76.85
2017,6,19.69,75.07
2017,7,22.57,70.45
2017,8,20.38,85.6
2017,9,17.15,59.37
2017,10,10.85,65.92
2017,11,4.4,39
2017,12,-0.77,44.04
2018,1,-2.36,47.44
2018,2,-0.56,63.45
2018,3,3.39,55.08
2018,4,7.49,58.68
2018,5,16.39,69.03
2018,6,20.09,73.82
2018,7,22.39,70.92
2018,8,21.01,77.5
2018,9,17.57,80.11
2018,10,10.37,81.38
2018,11,2.48,64.11
2018,12,-0.57,80.64
2019,1,-2.38,60.88
2019,2,-1.85,72.68
2019,3,2.93,52.94
2019,4,9.53,71.54
2019,5,14.1,98.76
2019,6,19.21,77.79
2019,7,22.38,68.06
2019,8,21.31,73.04
2019,9,18.41,63.2
2019,10,9.37,81.8
2019,11,3,53.26
2019,12,-0.08,60.51
2020,1,-1.85,62.73
2020,2,-0.98,54.98
2020,3,4.5,65.78
2020,4,8.34,63.92
2020,5,14.61,68.39
2020,6,19.66,69.04
2020,7,22.42,74.5
2020,8,21.69,63.26
2020,9,16.75,56.36
2020,10,9.99,56.77
2020,11,4.92,51.3
2020,12,-0.38,50.52
2021,1,-0.98,49.05
2021,2,-3.86,48.78
2021,3,3.94,62.51
2021,4,8.41,51.94
2021,5,14.06,67.55
2021,6,20.63,74.8
2021,7,22.22,83.83
2021,8,21.23,78.39
2021,9,17.48,59.79
2021,10,11.47,80.21
2021,11,3.54,31.1
2021,12,0.88,58.88