Date,precip,Dry_PET,Dry_runoff,Elder_PET,Elder_runoff
12/1/15,0,0.986122841,0,1.007335458,0.13024986
12/2/15,14.48993734,0.693439879,0,0.867885691,0.20068833
12/3/15,54.64202177,0.653734284,5.131024034,0.881782782,0.812350997
12/4/15,1.804167035,0.799972945,3.743524507,0.850944872,1.285104701
12/5/15,7.691062969,0.765682084,0.701266332,0.829879001,0.517199728
12/6/15,31.1385648,0.864077542,28.68504826,0.883246257,2.333340555
12/7/15,4.698114821,0.615390722,3.403483015,0.66811448,1.055199468
12/8/15,5.674020058,0.697128108,5.013475466,0.787405351,0.909569104
12/9/15,63.38142232,0.641329364,27.22450825,0.681314425,2.854400547
12/10/15,82.67550208,1.043920697,75.64420434,1.062607474,16.87631871
12/11/15,8.746682911,0.590839305,17.66670717,0.680520527,7.811812545
12/12/15,7.642358373,0.740532877,6.492816993,0.768168367,4.779612765
12/13/15,56.06141467,0.882912795,45.70788425,0.980741193,15.64224519
12/14/15,0,0.657220229,7.302874362,0.816565674,9.044523619
12/15/15,0,0.862273704,2.233196508,0.859106245,5.416480687
12/16/15,0,0.871764936,1.065815532,0.811343152,3.774430211
12/17/15,19.6342474,0.662294707,4.882320312,0.776407475,3.314528916
12/18/15,40.99576206,0.604068587,46.06742447,0.630390438,10.44451281
12/19/15,1.330970368,0.649335901,18.25547264,0.771313907,11.35644349
12/20/15,36.42426198,0.644554335,24.62205265,0.662006247,10.51096991
12/21/15,142.151925,0.756834916,86.80669813,0.852892809,35.59890345
12/22/15,72.78128567,0.927344888,81.99031679,0.984283843,54.63258007
12/23/15,1.837867917,0.658327519,11.89903373,0.743405725,28.09818279
12/24/15,22.87521931,0.522342889,20.6676369,0.551131778,17.07735522
12/25/15,0,0.597421957,7.540418702,0.729235972,12.02767534
12/26/15,0,0.813798621,3.191741204,0.534858023,9.269327248
12/27/15,3.469466056,0.59704382,2.249831726,0.570498608,7.566572223
12/28/15,0,0.605624604,3.170292381,0.807075619,6.386693787
12/29/15,0,0.804146065,1.804524585,0.622727866,5.496562248
12/30/15,2.001021203,0.700509668,3.098784343,0.840557926,4.80418287
12/31/15,0,0.850399974,1.92521453,0.520109074,4.290191801
1/1/16,0,0.850144529,1.154405182,0.533099791,3.86889315
1/2/16,0,0.818620839,0.856695598,0.899998812,3.507844898
1/3/16,3.551244171,0.479506965,1.716600712,0.742814683,3.250796709
1/4/16,27.26713738,0.466784147,4.39687735,0.756134615,3.583687739
1/5/16,28.25817436,0.625120017,30.44766485,0.684503634,8.331812857
1/6/16,38.68207763,0.540879547,30.30024533,0.655534005,11.50570705
1/7/16,0,0.814093447,11.07278946,0.797414428,13.17939655
1/8/16,2.313851016,0.513917797,7.371714152,0.623320145,10.48826248
1/9/16,9.594102455,0.572298196,11.6340534,0.728337899,9.705158659
1/10/16,0,0.876458341,5.460165001,1.035014823,8.901769531
1/11/16,0.462975514,0.617572796,4.110253497,0.807103928,7.590036575
1/12/16,23.75361804,0.639770144,4.902422896,1.002808106,6.589546892
1/13/16,35.51202628,0.907240906,66.01303065,0.975569215,
1/14/16,23.37740083,0.687379015,34.49956312,0.809448123,19.77515014
1/15/16,6.610515431,0.899774004,21.97592231,1.012280257,17.21072357
1/16/16,14.09294575,0.98138208,33.04966272,1.155010109,16.18283358
1/17/16,124.0968472,0.845988417,94.7664654,0.893671246,43.25615403
1/18/16,7.220471639,0.894549506,34.97863311,0.852733804,37.7594404
1/19/16,28.3340805,0.963259978,48.81134403,1.063540372,27.23378635
1/20/16,0,0.983046181,15.85979825,1.041584457,24.03657919
1/21/16,2.557506778,0.894189395,7.728290213,1.263174503,16.96548325
1/22/16,29.04549161,0.963274598,29.12340217,1.144025098,13.69470399
1/23/16,40.69681897,0.596785434,54.49814454,0.716924653,20.83467916
1/24/16,7.350957256,0.965583118,19.71057545,1.0043398,21.11186128
1/25/16,0,0.860466214,22.64495328,1.006781996,16.14831827
1/26/16,0,1.361183781,9.66450025,1.349219936,12.17058081
1/27/16,0,1.441891173,5.22070639,1.370669082,9.596314343
1/28/16,16.70317888,0.708268843,10.40482761,0.990182393,8.504086614
1/29/16,75.33211776,1.168194377,60.09303408,1.131486445,20.22248665
1/30/16,0,0.963674706,19.38277154,1.023944409,22.62871808
1/31/16,0,0.964058019,8.017400185,1.03474211,16.57885128
2/1/16,0,0.959875249,4.148795303,1.217738795,12.38085168
2/2/16,0,1.054214102,3.470428623,1.187674793,9.680029095
2/3/16,12.25306064,0.746596609,3.615146027,0.996856328,7.981512793
2/4/16,0,1.187384837,4.952072336,1.37567639,6.856586354
2/5/16,0,1.529793861,2.816156831,1.543904294,6.118140496
2/6/16,0,1.781636824,2.075423631,1.903677157,5.527898512
2/7/16,0,2.535799168,1.560443516,1.943943701,5.035601273
2/8/16,0,2.242633054,1.131203746,1.989986469,4.596893587
2/9/16,0,2.043369258,0.884756289,2.159756775,4.365883259
2/10/16,0,1.970786674,0.695083391,2.03933402,3.995903415
2/11/16,0,1.895686836,0.600781351,2.156686644,3.637882822
2/12/16,0,1.694301237,0.470150077,1.915582475,3.461975875
2/13/16,0,1.8956921,0.38875106,1.940703814,3.263210108
2/14/16,0,2.045133074,0.307216459,2.401036808,3.072770402
2/15/16,0,2.240655167,0.276849379,2.42550385,3.012520002
2/16/16,0,2.403634402,0.278698076,2.462711327,2.976490868
2/17/16,24.69962929,1.846057503,3.439114352,1.798450137,3.043553499
2/18/16,27.43944007,1.082344709,37.05603766,1.127046235,3.959005051
2/19/16,13.93525944,0.945846014,32.5293266,1.278252544,4.589627207
2/20/16,0,1.676783843,11.37305819,1.741012431,4.850459969
2/21/16,0,1.840403989,4.927989722,1.954652735,4.450506308
2/22/16,0,2.230066604,2.909423626,2.167718264,4.184980676
2/23/16,0,2.297413045,2.061125788,2.456698716,4.000142137
2/24/16,0,2.070271143,1.414961585,2.316378279,3.764893088
2/25/16,0,2.347418499,1.075117639,2.664658525,3.5494752
2/26/16,7.596988002,1.726215007,1.256964884,2.166514644,3.359035493
2/27/16,0,1.761729292,1.392613759,1.674129348,3.170260999
2/28/16,0.857928704,1.778815847,1.168685406,2.035532435,3.037498183
2/29/16,0,2.370241338,0.945400244,2.349125048,2.811332108
3/1/16,7.091771509,1.454666562,1.05018596,1.839450331,2.595460072
3/2/16,18.49715299,1.663934606,4.351566848,1.906144483,2.55640328
3/3/16,1.452651595,1.897122288,15.775346,2.322472407,3.864503045
3/4/16,0,1.671433796,4.974337869,2.198459109,3.655291857
3/5/16,134.2176143,1.529513981,70.20435286,1.635442197,11.48466482
3/6/16,47.31025963,1.056185573,71.01804368,1.252847061,27.53352452
3/7/16,4.205324163,1.73828269,44.11438184,2.031688339,28.65224426
3/8/16,1.304526615,1.096617197,12.9065476,1.338107303,21.3465048
3/9/16,19.16674667,1.558521255,15.22174708,1.918674253,14.14340295
3/10/16,56.41256487,1.084651544,71.03155428,1.465586897,23.48751336
3/11/16,20.03844774,1.459709916,42.03778409,1.804065054,22.64688403
3/12/16,58.67294583,1.152843344,81.98407888,1.124541604,24.15465786
3/13/16,118.3543802,1.246356353,102.2202865,1.343929502,49.64043228
3/14/16,2.437553877,1.597051173,50.72313976,1.838697312,47.85516698
3/15/16,0,2.188671925,21.56533313,2.450362214,28.11029342
3/16/16,0,3.199559986,11.95662263,3.503800375,19.46027368
3/17/16,0,2.578370587,7.085600318,3.603130455,13.62506785
3/18/16,0,2.881294727,5.332003705,3.441526482,10.45934834
3/19/16,0,1.951955074,6.234178273,2.352363963,8.492732895
3/20/16,33.50926502,1.625728382,21.28454298,1.968549954,8.799131915
3/21/16,56.39287247,1.353395391,48.17326091,1.536981229,12.64501486
3/22/16,6.018282159,1.763118854,30.33441054,1.961551606,15.36082435
3/23/16,0,2.654289666,11.82848051,3.013528851,13.42857283
3/24/16,0,2.517733047,8.7491786,2.82017099,11.17871995
3/25/16,0,2.68657956,6.995582585,3.047522522,9.400122086
3/26/16,0,2.875436118,6.420781705,3.157575047,7.975003327
3/27/16,0,2.208323908,5.081524694,2.571783861,6.797395634
3/28/16,0,2.375209781,2.869449122,2.557959385,5.984772148
3/29/16,0,2.833692628,2.006525876,3.161070449,5.353656777
3/30/16,0,2.973053063,1.709023153,3.431636461,4.820637534
3/31/16,0,3.134599833,1.396806699,3.778492406,4.37163581
4/1/16,0,3.411028215,1.164816331,3.825962531,4.016340109
4/2/16,0,3.39969469,0.927634819,3.916474789,3.723868318
4/3/16,0,3.037675676,0.749027304,3.63948984,3.467728426
4/4/16,0,3.002326448,0.897493611,3.508986549,3.231268313
4/5/16,0,4.534405038,0.694134274,5.025419957,3.009492343
4/6/16,0,4.734951666,0.561778701,5.697479953,2.7901385
4/7/16,0,3.972615922,0.432907569,4.299026994,2.600758474
4/8/16,0,3.281366845,0.589383619,3.218736431,2.471931613
4/9/16,0,2.192657563,0.589783746,2.250996915,2.353247408
4/10/16,0,1.978163418,0.650535091,2.564392512,2.255605428
4/11/16,0,3.080104508,0.578961575,3.431278247,2.147820793
4/12/16,0,2.284154959,0.328349512,2.746977064,2.045485943
4/13/16,20.71581218,2.809089744,0.372433022,3.160920278,2.004915322
4/14/16,0,1.908930117,0.954455766,2.335211808,2.133288033
4/15/16,0,3.397680219,0.685658424,3.626160311,1.865188892
4/16/16,0,4.861846937,0.589941852,5.153606095,1.7295498
4/17/16,0,4.87031589,0.39053088,5.321069123,1.656583235
4/18/16,0,4.49261578,0.369021979,5.314972399,1.576804439
4/19/16,0,4.218962349,0.742466672,4.977996009,1.52230659
4/20/16,0,3.361669845,0.46473433,4.040688454,1.470927229
4/21/16,16.84688402,2.551267488,0.266246873,3.045424632,1.44255807
4/22/16,36.05149992,1.763939016,13.62841875,1.788740368,2.472385762
4/23/16,0,2.709278337,5.186291716,2.829471283,2.000222451
4/24/16,0,2.585856754,4.587943046,2.88512402,1.783290735
4/25/16,0,3.0210078,2.852134708,3.486261323,1.656734618
4/26/16,0,3.095831709,1.460379103,3.785089438,1.52230659
4/27/16,0.49479018,2.659323958,2.673031754,2.980051355,1.519884463
4/28/16,0,3.79739746,2.755570855,4.425162689,1.426980768
4/29/16,0,3.354831015,1.811575994,3.834524304,1.371241579
4/30/16,0,4.612338649,1.200556091,4.960222657,1.316531794
5/1/16,0,4.436549226,0.954408795,5.385491975,1.27562813
5/2/16,0,3.756133669,0.82990181,4.64861981,1.222871185
5/3/16,0,3.838276177,0.852004527,4.719495047,1.182179457
5/4/16,0,3.981905929,1.104560158,4.471040989,1.163952954
5/5/16,3.078159742,2.411207061,0.826995643,2.500182706,1.176199832
5/6/16,0,3.826694788,0.968009813,3.967680564,1.110090913
5/7/16,0,3.21717354,0.801367437,3.208285634,1.061163955
5/8/16,0,2.856323301,0.897866954,3.791551937,1.048568897
5/9/16,0,4.061157097,0.713758095,4.565394954,0.991633782
5/10/16,0,4.726407816,0.486166149,5.37061987,0.941783389
5/11/16,0,4.682358396,0.473009953,5.682241787,0.905754255
5/12/16,0,4.497256173,0.477695082,5.688245822,0.87204128
5/13/16,0,3.570798482,0.456161962,4.017926194,0.860899497
5/14/16,0,3.189822437,0.349697842,3.095134835,0.853935883
5/15/16,0,3.424815043,0.394199884,3.936164987,0.8456401
5/16/16,0,4.498684149,0.362239173,5.422324043,0.806416786
5/17/16,0,5.958133982,0.443187536,6.315909345,0.77554981
5/18/16,0,5.845241458,0.549134812,6.893174086,0.752024905
5/19/16,0,3.477926651,0.463934395,3.780554972,0.747892152
5/20/16,0,2.493225715,0.251925058,2.729912577,0.749481672
5/21/16,8.371545362,2.031939492,0.239290823,2.294958095,0.814682294
5/22/16,0,3.097012465,0.412760687,3.480359816,0.765058974
5/23/16,0,3.676407357,0.623670235,3.893292433,0.73771922
5/24/16,0,3.428357376,0.717226634,3.782347531,0.723731438
5/25/16,0,3.993705922,0.610417699,4.651070758,0.704959957
5/26/16,0,4.482642712,0.379327865,5.306797515,0.681041456
5/27/16,0,5.145006596,0.222350617,5.665897596,0.656683946
5/28/16,0,5.255557852,0.314660625,6.310627084,0.632583785
5/29/16,0,5.319342125,0.287094498,6.240107775,0.625181161
5/30/16,0,6.083471437,0.127041301,6.839219874,0.603775617
5/31/16,0,6.282714907,0.093321527,7.413926597,0.583565998
6/1/16,0,5.831837205,0.136764206,7.38098195,0.572636151
6/2/16,0,6.173480622,0.104810608,7.472304845,0.550246618
6/3/16,0,7.05862248,0.092670209,7.76090056,0.527342383
6/4/16,0,5.523576783,0.117014892,6.446550022,0.525026225
6/5/16,0,6.408975613,0.108837732,7.640257184,0.5066332
6/6/16,0,6.269795445,0.074915876,7.281554899,0.500895788
6/7/16,0,5.666757621,0.060370885,5.701755541,0.489284718
6/8/16,0,3.930106184,0.058691196,3.961690988,0.493871621
6/9/16,0,4.754297737,0.054557337,4.857457613,0.501864639
6/10/16,0,3.839341105,0.040522978,4.551651794,0.483214264
6/11/16,0,5.629032717,0.036292645,6.542660896,0.478612223
6/12/16,0,5.505866691,0.030023677,6.654391385,0.459931571
6/13/16,0,4.982656494,0.020967602,5.356183719,0.459280625
6/14/16,0,3.370778548,0.019170972,3.883852252,0.463595038
6/15/16,0,3.057233383,0.027373641,3.591829618,0.47110363
6/16/16,1.832018663,3.362422081,0.044392446,3.554631331,0.504226212
6/17/16,12.27471781,2.91217039,0.096618658,3.015288134,0.597508364
6/18/16,0,4.345724592,0.06612238,4.815777701,0.501016894
6/19/16,0,5.316786877,0.061372396,5.902259039,0.457267232
6/20/16,0,5.473212227,0.038939839,6.389214111,0.436346113
6/21/16,0,6.15977107,0.047615295,6.849352689,0.421964736
6/22/16,0,5.488689997,0.044421916,6.571917457,0.40855221
6/23/16,0,4.533322624,0.036163763,5.482998336,0.396259917
6/24/16,0,5.752630776,0.033165205,6.33583976,0.392233132
6/25/16,0,6.348564481,0.026964779,7.248945768,0.384330944
6/26/16,0,6.385692975,0.019295746,7.595902167,0.367209536
6/27/16,0,6.225478006,0.011396992,7.936394263,0.349815639
6/28/16,0,6.749531506,0.005084543,7.505302802,0.340217962
6/29/16,0,6.564423405,0.003231649,7.423585223,0.330241828
6/30/16,0,6.794931721,0.000775794,7.847864643,0.323808054
7/1/16,0,6.665416246,0.000169389,7.67650007,0.304673254
7/2/16,0,6.299567794,5.86E-05,7.194103002,0.299374852
7/3/16,0,5.723005849,5.72E-06,6.546518611,0.288354176
7/4/16,0,5.264598589,0,6.304780142,0.285023752
7/5/16,0,5.846197861,0,7.065058656,0.275713702
7/6/16,0,5.169566678,0,6.525212012,0.273942522
7/7/16,0,5.075226907,0,5.752760662,0.271898853
7/8/16,0,4.334167716,0,5.070450131,0.270536407
7/9/16,0,3.775365149,0,4.714162836,0.27848401
7/10/16,0,3.918234623,0,4.723439989,0.286885762
7/11/16,0,5.046976062,0,5.845878829,0.282843838
7/12/16,0,5.079349075,0,5.887854304,0.275168724
7/13/16,0,6.3319865,0,7.114149959,0.255958232
7/14/16,0,6.755413319,0,7.878063811,0.235430709
7/15/16,0,6.327256446,0,7.733052264,0.221170438
7/16/16,0,6.208383802,0,6.983590411,0.215720653
7/17/16,0,4.76238377,0,5.765921443,0.211527347
7/18/16,0,3.906993532,0,4.385256053,0.212178293
7/19/16,0,4.221815522,0,4.593442432,0.216719781
7/20/16,0,5.21664971,0,5.92399127,0.215266505
7/21/16,0,4.94420648,0,5.784135013,0.207697359
7/22/16,0,5.852144697,0,6.622108577,0.204336658
7/23/16,0,6.293139589,0,7.26955548,0.196934034
7/24/16,0,6.397411134,0,7.440826333,0.189728207
7/25/16,0,6.984812063,0,7.929666336,0.180705785
7/26/16,0,6.884078224,0,7.906696181,0.169367205
7/27/16,0,6.633175843,0,8.033413561,0.15957273
7/28/16,0,6.683146575,0,8.047828876,0.152745361
7/29/16,0,6.238432312,0,8.043333846,0.147658895
7/30/16,0,6.24413286,0,7.346851598,0.143813769
7/31/16,0,5.187726297,0,6.206497486,0.142178833
8/1/16,0,5.688738076,0,6.235823158,0.143117408
8/2/16,0,6.084832251,0,7.272641975,0.139786983
8/3/16,0,6.127862761,0,7.186271679,0.137395133
8/4/16,0,5.175740554,0,6.025548211,0.137758452
8/5/16,0,4.701153557,0,5.581032519,0.139847537
8/6/16,0,5.141796603,0,6.014665427,0.142708674
8/7/16,0,5.501970442,0,6.022199007,0.141936621
8/8/16,0,4.81061744,0,5.76701637,0.14211828
8/9/16,0,5.37719024,0,6.019074418,0.143193099
8/10/16,0,5.376114474,0,6.26807224,0.14052876
8/11/16,0,5.373062206,0,6.506004679,0.128584648
8/12/16,0,5.110631371,0,6.371672492,0.125890032
8/13/16,0,5.735449453,0,6.865520224,0.125708372
8/14/16,0,5.492447433,0,6.805339329,0.122438501
8/15/16,0,5.900759315,0,6.89242369,0.122256842
8/16/16,0,5.821607835,0,7.133955462,
8/17/16,0,6.295185333,0,7.043124974,
8/18/16,0,5.660736072,0,6.640026171,0.124709245
8/19/16,0,5.059543849,0,6.144724134,0.121711863
8/20/16,0,5.102636081,0,6.182357711,0.118896141
8/21/16,0,5.408040781,0,5.734893643,0.118078673
8/22/16,0,5.017038557,0,6.000577495,0.115777653
8/23/16,0,5.504695883,0,5.934832963,0.110721464
8/24/16,0,5.41679049,0,5.955191636,0.108586965
8/25/16,0,5.036468503,0,6.057338815,0.109480124
8/26/16,0,4.57460239,0,5.221544543,0.110237038
8/27/16,0,4.735268148,0,4.391220469,0.112280708
8/28/16,0,4.887331844,0,4.989356759,0.115172121
8/29/16,0,3.706799055,0,3.891128911,0.117352035
8/30/16,0,4.2432873,0,4.811658323,0.120803566
8/31/16,0,3.989416404,0,4.796114564,0.116807057
9/1/16,0,4.24446677,0,4.949156383,0.10021549
9/2/16,0,3.958838961,0,4.755201542,0.080293498
9/3/16,0,3.788216179,0,4.72261331,0.073935416
9/4/16,0,3.371900793,0,4.435246917,0.072542693
9/5/16,0,4.377277915,0,4.845603251,0.071816055
9/6/16,0,4.499825631,0,5.31745643,0.069878353
9/7/16,0,4.733483257,0,5.335530777,0.070665545
9/8/16,0,4.159261681,0,4.812517241,0.070060013
9/9/16,0,4.836630505,0,5.460829892,0.070120566
9/10/16,0,4.790107548,0,5.410205981,0.06751678
9/11/16,0,4.498924169,0,5.02056032,0.064973547
9/12/16,0,3.473186124,0,4.058054586,0.066002951
9/13/16,0,3.274529806,0,3.868337416,0.069636141
9/14/16,0,3.571350227,0,3.931259625,0.078476903
9/15/16,0,3.875562824,0,4.808758484,0.082942699
9/16/16,0,4.527873984,0,5.417441646,0.090027419
9/17/16,0,4.78108647,0,5.453519988,0.088014027
9/18/16,0,4.211850318,0,5.067146358,0.086878655
9/19/16,0,4.233419716,0,4.770821038,0.085894666
9/20/16,0,3.72871361,0,4.329997253,0.08625024
9/21/16,0,2.518274753,0,3.174327593,0.083699614
9/22/16,0,2.663712896,0,3.088943005,0.092252748
9/23/16,0,3.075508746,0,3.283047248,0.098005299
9/24/16,0,4.450969079,0,4.821459755,0.099988415
9/25/16,0,4.990168032,0,5.78213262,0.100533394
9/26/16,0,4.277938498,0,5.25668913,0.096461193
9/27/16,0,4.387864038,0,5.257205667,0.093706024
9/28/16,0,4.228542447,0,4.705896074,0.102259159
9/29/16,0,3.180988355,0,3.66939747,0.105059743
9/30/16,0,2.238537985,0,2.595239713,0.111584346
10/1/16,0,2.493657813,0,2.8639404,0.120712736
10/2/16,14.64161202,1.618577431,0,2.168755779,0.193906375
10/3/16,9.787013717,1.19347337,0,1.62434283,0.188426314
10/4/16,0,2.15248415,0,2.346452875,0.224440309
10/5/16,0,2.378403976,0,2.600886135,0.195617002
10/6/16,0,2.738350416,0,2.97895031,0.171743917
10/7/16,0,3.563198053,0,3.595912415,0.166021643
10/8/16,0,3.566964951,0,3.788266378,0.161359049
10/9/16,0,3.177290527,0,3.661363671,0.153941286
10/10/16,0,2.602270551,0,3.066151335,0.151821925
10/11/16,0,2.806016795,0,2.925339621,0.14885482
10/12/16,0,2.575594711,0,2.963365803,0.149172724
10/13/16,48.80838944,1.252263714,0,1.734609149,0.173530235
10/14/16,58.45875616,1.530854714,0.531795302,1.409043688,1.791026402
10/15/16,34.34566308,0.911495051,3.289483786,1.046347819,1.089517975
10/16/16,43.64219345,0.905027245,7.721134433,1.085897273,1.92359242
10/17/16,21.06272506,1.363543175,1.487718176,1.298541274,2.462697256
10/18/16,0,1.79278997,0.421092502,1.962828178,1.25879435
10/19/16,0,2.440864725,0.144790888,2.234168244,0.849697162
10/20/16,0,2.526676867,0.066992571,2.579487538,0.639956133
10/21/16,0,2.353809323,0.046644461,2.338039336,0.521679197
10/22/16,0,2.063710386,0.04368672,2.2442895,0.440312346
10/23/16,0,1.875133001,0.03800571,2.06840645,0.384315805
10/24/16,60.16982372,0.915793006,15.81994621,1.218021319,1.589051317
10/25/16,8.216270084,1.433268414,5.341133832,1.684846898,2.17416142
10/26/16,0,1.388258304,3.896344197,1.725451708,1.676535503
10/27/16,50.94781783,0.960159377,28.72764511,1.11719191,4.503535743
10/28/16,0,1.253178411,6.456166967,1.50852799,4.318046258
10/29/16,27.34987901,1.011053861,24.62543205,1.311106761,3.67466887
10/30/16,80.62218005,0.819982482,57.62838961,0.890256879,10.44330175
10/31/16,41.18590296,0.578524136,21.59878983,0.936122654,11.7320245
11/1/16,8.439035509,1.420615216,20.38736481,1.546596112,12.62775721
11/2/16,0,1.776358345,4.528912661,1.63773803,8.769460863
11/3/16,0,2.028572229,1.701201378,1.783809824,6.002483949
11/4/16,0,1.946526909,0.855191728,1.838392277,4.574640298
11/5/16,22.80471416,1.500495387,0.825553076,1.79499171,3.819088171
11/6/16,0,1.220717376,4.541784551,1.3565138,4.389079779
11/7/16,0,1.494237672,1.208974625,1.701088451,3.531157867
11/8/16,0,1.777090349,0.740254445,1.796994079,3.127419634
11/9/16,0,1.945883057,0.529634614,1.752425311,2.809666896
11/10/16,0,2.058898992,0.399420735,1.755179554,2.543838498
11/11/16,6.661467203,1.405351002,0.353253059,1.552388291,2.319337635
11/12/16,3.751194521,1.427882539,2.7132415,1.491451795,2.441655031
11/13/16,0,1.65856354,0.943471275,1.62789379,2.093928476
11/14/16,0,1.632486957,0.638565763,1.52053855,1.940123434
11/15/16,12.75128551,1.090373331,2.997846397,1.100084884,2.084542735
11/16/16,0,0.991110787,1.787000211,1.147500382,1.971611081
11/17/16,0,1.291380896,1.078306446,1.200425247,1.873514952
11/18/16,7.301835452,1.207906552,0.803560349,1.450644124,1.804938491
11/19/16,30.49597252,0.944712895,29.7421853,0.950323138,3.241410969
11/20/16,15.07032876,0.913852168,23.49947999,1.051274614,5.490809698
11/21/16,0,1.006093015,7.366421237,1.177831608,5.755124267
11/22/16,20.85231013,0.918550247,14.67044955,0.95800153,5.164125368
11/23/16,0,0.914548671,19.97743926,0.999001762,5.18970908
11/24/16,0,1.00236127,5.845200408,0.986124325,4.717091621
11/25/16,9.278622278,0.654983548,5.2708255,0.838476827,4.633982401
11/26/16,73.84421318,0.673604875,50.5103253,0.842431341,8.161507078
11/27/16,5.125043779,0.794215031,28.42810636,0.817559463,13.75086705
11/28/16,0,0.927763754,15.55248668,0.963299125,11.12558455
11/29/16,0,1.170915204,5.71184481,0.972095875,8.722380777
11/30/16,0,0.839465864,3.820153093,0.955245839,7.169948987
12/1/16,0,1.048350377,2.239810439,1.010611899,5.991584379
12/2/16,0,1.214556623,1.446373776,1.087293927,5.108870604
12/3/16,0,1.274463534,1.021838559,1.00540661,4.466855663
12/4/16,0,0.973395586,0.772016937,1.028556729,3.945341522
12/5/16,0,-0.796351678,0.724483339,0.765066554,3.597160818
12/6/16,0,0.778921609,0.574473181,0.866121708,3.266994681
12/7/16,11.28158903,0.496029948,6.148995812,0.69392084,3.125451656
12/8/16,23.85228237,0.730258341,22.37363454,0.639625238,4.217376619
12/9/16,56.36795397,0.578719644,25.99211,0.709222129,5.939205891
12/10/16,89.9838503,0.999747156,113.0266111,1.022681706,38.18845958
12/11/16,0,0.636735848,13.15294591,0.716994482,23.83221225
12/12/16,0,0.916207368,5.041737194,0.900247223,14.42300719
12/13/16,12.84520283,0.615063469,4.060754013,0.665148297,10.04395362
12/14/16,61.64481188,0.651985954,42.84499889,0.781616658,12.52254608
12/15/16,114.9681653,0.963911427,108.4099795,1.050142591,52.40422357
12/16/16,0,0.638253544,17.85766791,0.797788149,31.6980685
12/17/16,0,0.743515601,5.970700828,0.787861541,21.52059515
12/18/16,0,0.991337404,3.028813679,0.608090408,13.87863423
12/19/16,0,0.956055174,1.946522185,0.672604247,10.20744717
12/20/16,0,1.169204406,1.388535578,0.864647233,8.161809844
12/21/16,0,1.184939023,1.001591447,0.811256146,6.71822237
12/22/16,0,1.170273057,0.760205631,0.739837447,5.755578415
12/23/16,45.02831498,0.593758853,25.90299367,0.664493392,6.806932758
12/24/16,0,0.636378577,7.920349389,0.618606289,6.602111674
12/25/16,0,0.706708048,3.44071804,0.63083896,5.999153525
12/26/16,0,0.893938486,2.070089351,0.543428166,5.462198327
12/27/16,0,1.010464964,1.529767032,0.657089847,4.942349398
12/28/16,0,1.125890024,1.155180735,0.680311894,4.521959044
12/29/16,0,1.350274271,0.881846569,0.795419575,4.149102925
12/30/16,0,1.12259746,0.692396161,0.887333309,3.831804336
12/31/16,0,1.062086074,0.599721885,0.961683986,3.557044346
1/1/17,0,0.645916363,0.533254201,0.713315299,3.308927749
1/2/17,11.22438958,0.378051478,0.84922278,0.469192319,3.213707895
1/3/17,71.17875546,0.956365502,35.78588055,1.043436498,4.848794757
1/4/17,1.263437987,0.818439194,31.59687887,0.834446771,11.59820201
1/5/17,0,0.786566797,7.258482919,0.771828479,9.116279121
1/6/17,0,0.71176357,3.481290537,0.629263244,7.644383042
1/7/17,41.23001699,0.917184426,36.0204056,0.934726544,8.865286248
1/8/17,131.8288354,0.929872824,98.05488438,0.99739316,29.1781485
1/9/17,42.01401008,0.659478705,44.91630232,0.506493152,33.63728364
1/10/17,190.1538852,0.873232567,117.8947046,0.836736368,85.5843308
1/11/17,17.54882891,0.662905148,37.99904411,0.806031289,54.98832992
1/12/17,0,0.770643716,14.47441135,0.868154886,30.0464809
1/13/17,0,1.148167939,6.214027173,0.961921885,23.54004323
1/14/17,0,1.125581131,3.514366763,1.057304951,17.12443531
1/15/17,0,1.178362926,2.296776664,1.030680405,13.26038641
1/16/17,0,1.528267088,1.602368307,0.936434536,10.82963095
1/17/17,0,1.031686734,1.211707494,0.968370097,9.136564431
1/18/17,84.2600572,0.719602761,47.32344629,0.806209516,10.921369
1/19/17,36.5147408,0.586992999,46.82604316,0.649964805,20.34586373
1/20/17,67.97674773,0.563553777,70.69987659,0.592915547,27.92863393
1/21/17,39.48636344,0.641257727,57.95829045,0.583491837,31.57544834
1/22/17,29.92165431,0.648364337,42.98740803,0.80302966,30.34924673
1/23/17,9.935426888,0.571173444,20.70355784,0.82713181,26.12869107
1/24/17,0,1.025834419,11.00552506,1.051504645,20.51692642
1/25/17,0,1.050258835,5.766813485,1.099243491,15.65965422
1/26/17,0,1.246526186,3.5766942,1.186644318,12.58506723
1/27/17,0,1.412180981,2.335675523,1.175916501,10.72744748
1/28/17,0,1.515947719,1.69079466,1.209870806,9.289612558
1/29/17,0,1.59657311,1.262281923,1.207962266,8.273984584
1/30/17,0,1.793879385,0.971787384,1.272833841,7.601238911
1/31/17,0,1.391860715,0.751940845,1.295466894,6.946053656
2/1/17,0,1.107739494,0.62698466,1.551380985,6.322658814
2/2/17,20.15827899,0.885110101,1.870302394,1.165138476,6.117686347
2/3/17,98.19439345,0.705097174,48.73757434,0.681777732,18.23709973
2/4/17,24.69468709,0.605448075,35.49968863,0.66815023,28.4312252
2/5/17,38.4928354,0.694959966,31.78073373,1.153462287,26.17107829
2/6/17,42.94713774,0.710811329,60.67555409,0.810946874,30.0828128
2/7/17,107.1245654,1.089577976,95.95066634,1.241834169,73.62053906
2/8/17,57.44795073,1.068789693,53.68040628,1.331424418,36.51961433
2/9/17,103.2828629,0.979546528,81.53073065,1.171142486,48.66809323
2/10/17,1.171815673,1.148615745,23.89578891,1.148526429,38.66925172
2/11/17,0,1.665735821,8.441149116,1.611151873,26.51774516
2/12/17,0,1.870678287,4.056872232,1.852818808,19.78120546
2/13/17,0,1.704231591,2.391361856,1.836080403,14.34534776
2/14/17,0,2.001205545,1.605196873,2.168329007,11.73898812
2/15/17,6.627180886,1.358909681,1.115497304,1.719526599,9.468547163
2/16/17,74.75933592,1.238813214,43.19995465,1.339149834,16.78367237
2/17/17,41.06017572,0.952892375,18.57653412,0.876000086,17.23948632
2/18/17,0.644321575,0.915844282,13.99790916,0.912105351,16.05869959
2/19/17,15.23173238,1.052463518,23.34196058,1.348352601,15.54702534
2/20/17,79.13899293,0.967386033,72.59659405,0.868238729,24.92822456
2/21/17,39.8034914,1.169845155,58.22166496,1.199251885,37.02826093
2/22/17,3.44365239,1.136238543,19.14329038,1.202849417,27.73334997
2/23/17,0,1.248923186,10.03587434,1.318784098,21.11791659
2/24/17,0,1.212632845,5.992430886,1.513383866,15.23290579
2/25/17,0,1.441331992,3.856225138,1.454980761,11.56353532
2/26/17,3.981638116,1.137036507,4.123137631,1.183395862,9.659441019
2/27/17,0,1.342829695,3.777390089,1.569997666,8.204802592
2/28/17,0,1.542723659,2.638721086,1.734250398,6.963311309
3/1/17,0,2.104952473,1.765329017,2.29123172,6.09755242
3/2/17,0,2.295265548,1.180977117,2.574143447,5.388928996
3/3/17,0,1.871475248,0.932897443,1.917480203,4.731927146
3/4/17,48.0806551,1.361937269,13.77680632,1.557251902,4.724055235
3/5/17,18.44511177,0.792103022,23.96337558,0.871252015,5.900451865
3/6/17,21.85034455,0.977779949,28.36035943,1.166845597,5.844440186
3/7/17,5.416472848,1.250631377,32.38206997,1.452127787,6.893675168
3/8/17,0,2.281317663,17.26711138,2.422226528,7.833914451
3/9/17,0,2.044083816,7.929901799,2.539061774,7.89673836
3/10/17,0,2.595626673,3.894830415,3.034958436,7.720225882
3/11/17,0,2.410828777,2.341061288,2.796638857,7.168132392
3/12/17,0,2.800365343,1.531698403,3.194973103,6.39425635
3/13/17,0,3.191455021,1.065113273,3.679603307,5.765569688
3/14/17,0,2.956979747,0.810118733,3.430713265,5.169272387
3/15/17,3.081330005,1.7804161,0.707353424,1.796690166,4.775979575
3/16/17,0,1.798847237,0.790630218,2.260191082,4.439001207
3/17/17,0,3.017638418,0.4936054,3.38304827,4.130028678
3/18/17,2.82014368,1.724514576,0.489053794,1.962026035,3.932928123
3/19/17,0,2.152111806,0.524957413,2.304426394,3.689050247
3/20/17,27.1954056,1.326414238,0.959679132,1.99757413,3.665131747
3/21/17,45.04875573,1.447623876,17.7063999,1.671344298,5.22240779
3/22/17,7.486818532,1.529883909,18.70040017,1.83069243,6.818437859
3/23/17,3.241049107,1.985067964,5.698675443,2.369074268,6.634659001
3/24/17,45.22805987,1.938126446,47.83265528,2.003147537,11.34720913
3/25/17,0,2.123361965,10.07131585,2.364482663,12.16679623
3/26/17,36.1569666,1.553123552,10.80195995,1.730099874,10.28646905
3/27/17,0,1.913754173,7.480027805,2.244580355,8.958386741
3/28/17,0,3.071205471,3.552345578,3.462029806,7.768214266
3/29/17,0,2.98673064,2.122814918,3.450008723,6.87354124
3/30/17,0,2.37608628,2.516777377,2.634874858,6.26846373
3/31/17,0,3.256465352,1.361511853,3.56203778,5.578763171
4/1/17,0,4.200711833,0.940260489,4.670305646,4.98503938
4/2/17,0,3.940346275,0.690628167,4.398515351,4.520293832
4/3/17,0,3.22770653,0.528523291,3.750788848,4.179833657
4/4/17,0,3.11522105,0.420388926,3.685055814,3.849818903
4/5/17,0,2.531242572,0.328904366,3.106086007,3.567489767
4/6/17,32.98038502,2.086762422,12.35604135,2.168680849,3.716299172
4/7/17,27.19265094,1.851728868,33.39656954,2.089674373,4.522715958
4/8/17,7.248251417,1.886988708,18.53278394,2.295735547,5.446757269
4/9/17,10.22003425,2.471242277,6.492227293,2.734348061,5.604346884
4/10/17,0,2.460189628,3.796416642,2.725137349,5.904690586
4/11/17,10.20810188,1.523068435,4.726226053,2.094010324,5.717127155
4/12/17,32.72308962,1.686739843,20.81336115,1.957045729,7.022804794
4/13/17,4.707716164,1.735243619,21.86055912,1.988470138,10.86142136
4/14/17,0,2.537442691,7.404191735,2.803675097,10.1353889
4/15/17,0,3.298835286,3.708036085,3.545978693,8.828651583
4/16/17,4.247498195,1.894607492,5.535212612,2.278109325,7.767305968
4/17/17,24.26157054,2.312405075,7.9853433,2.728127157,6.958769821
4/18/17,5.171568185,2.679355885,15.3563072,3.082061829,9.671703035
4/19/17,19.0157391,2.618293347,12.32923322,2.933222915,9.323068182
4/20/17,0,2.891036762,8.246716941,3.196249506,8.934619623
4/21/17,0,4.040658029,3.616253246,4.686251893,8.138648258
4/22/17,0,2.708767087,2.738446884,3.056985135,7.499358209
4/23/17,0,2.784095328,1.784183097,3.218310359,6.618763795
4/24/17,11.68716749,2.16857805,5.313995102,2.094347814,6.29026287
4/25/17,0,2.228526894,2.901414972,2.274243795,5.631444425
4/26/17,0.044876231,2.279346492,4.275811466,2.530314155,5.238605762
4/27/17,0,3.100335202,2.666325639,3.652753647,4.87180496
4/28/17,0,3.690434685,1.642796615,4.358459049,4.547239991
4/29/17,0,4.244467985,1.073229921,5.226888844,4.239327142
4/30/17,0,4.242341728,0.730597417,5.180298106,3.951245456
5/1/17,0,4.882586509,0.533238368,5.731653478,3.706762048
5/2/17,0,4.698285182,0.400430767,5.880973109,3.49179831
5/3/17,0,5.151059503,0.297189912,6.185591564,3.277591485
5/4/17,0,4.931989886,0.241167397,5.564823083,3.094115393
5/5/17,0,2.762940928,0.219048614,3.009268328,2.934255035
5/6/17,0,3.108568038,0.185975673,3.340624337,2.785597013
5/7/17,0,4.361740042,0.14339277,5.197899846,2.625433889
5/8/17,0,4.970793024,0.116044076,5.864668194,2.492368307
5/9/17,0,4.90105515,0.100171677,6.093253923,2.367174637
5/10/17,0,4.454768936,0.089666189,4.960087666,2.264082872
5/11/17,0.607389857,2.59978135,0.101358315,2.604175993,2.228962035
5/12/17,0,2.515546425,0.110274902,2.808130169,2.135104628
5/13/17,0,2.889798346,0.096406709,3.173231156,2.035646053
5/14/17,0,3.312328176,0.080269191,4.129888169,1.950568855
5/15/17,0,3.293080668,0.073542633,4.065268551,1.878813354
5/16/17,0.816845769,2.38326423,0.073295805,2.62084453,1.83188465
5/17/17,0,3.534600054,0.089728537,4.087031885,1.767092763
5/18/17,0,4.757358797,0.058585309,5.818996068,1.666877273
5/19/17,0,5.386927061,0.051128015,6.098017037,1.591639965
5/20/17,0,5.558495971,0.04404211,6.709727861,1.522094654
5/21/17,0,5.564259582,0.039421455,6.474006167,1.457878021
5/22/17,0,5.606833887,0.033121245,7.000336611,1.405544948
5/23/17,0,5.668390889,0.028005094,6.924138379,1.351637492
5/24/17,0,5.309994327,0.025850321,5.71055089,1.307055223
5/25/17,0,0,0.028087961,3.647565827,1.280987086
5/26/17,0,,0.026243631,3.15724309,1.238100306
5/27/17,0,,0.022019695,4.168980269,1.207293883
5/28/17,0,,0.021248895,5.619653551,1.173232727
5/29/17,0,,0.020868665,5.399128309,1.139035326
5/30/17,0,,0.021522305,4.307646683,1.101537779
5/31/17,0,,0.019362686,4.669569969,1.067718835
6/1/17,0,,0.018771845,4.744560407,1.051626832
6/2/17,0,,0.017141032,5.958125018,1.014931613
6/3/17,0,,0.017114176,5.531115016,0.978614852
6/4/17,0,,0.015907362,5.30801134,0.954756904
6/5/17,0,,0.014804701,6.195319785,0.929264022
6/6/17,0,,0.014514781,5.869009502,0.89667128
6/7/17,1.354603569,,0.013659778,5.244678353,0.875962097
6/8/17,10.6610717,,0.029342723,2.969407868,1.035822455
6/9/17,0,,0.018831538,3.776657865,0.901303597
6/10/17,0,,0.02090203,3.559536347,0.871102706
6/11/17,0,,0.024308575,3.812055057,0.847698907
6/12/17,0,,0.022519064,4.237775176,0.820071525
6/13/17,0,,0.020408723,5.248569074,0.785707604
6/14/17,0,,0.021353289,5.906920381,0.757822871
6/15/17,0,,0.020498722,5.703628773,0.734464487
6/16/17,0,,0.017977545,5.943723986,0.712922698
6/17/17,0,,0.014603997,6.870013536,0.69013957
6/18/17,0,,0.010314542,8.636503682,0.668945962
6/19/17,0,,0.007955428,7.915260449,0.642802132
6/20/17,0,,0.006003524,7.257710192,0.614039378
6/21/17,0,,0.004836958,8.497400707,0.599718555
6/22/17,0,,0.003280636,9.206582144,0.573468757
6/23/17,0,,0.002284526,7.595562786,0.553047202
6/24/17,0,,0.001608675,6.728641378,0.535774412
6/25/17,0,,0.00171201,5.692161821,0.523588087
6/26/17,0,,0.00173938,4.756924645,0.520272801
6/27/17,0,,0.001756249,5.845972434,0.516715303
6/28/17,0,,0.001901809,6.773917794,0.501652703
6/29/17,0,,0.001688878,6.907409066,0.478400287
6/30/17,0,,0.001397459,6.488429087,0.472072481
7/1/17,0,,0.000983665,6.418664131,0.459447146
7/2/17,0,,0.000714926,7.378995624,0.452922542
7/3/17,0,,0.000500204,6.789591165,0.443385419
7/4/17,0,,0.000331397,7.013151716,0.431244509
7/5/17,0,,0.000140174,6.35506186,0.420193556
7/6/17,0,,0,7.40433743,0.40855221
7/7/17,0,,0,8.206553927,0.39880315
7/8/17,0,,0,7.717789234,0.390825271
7/9/17,0,,0,7.638686295,0.382272136
7/10/17,0,,0,6.889132092,0.371538078
7/11/17,0,,0,6.99679807,0.365710845
7/12/17,0,,0,7.069748933,0.361562953
7/13/17,0,,0,6.753240719,0.347938491
7/14/17,0,,0,6.966606697,0.344532375
7/15/17,0,,0,7.557656543,0.334314029
7/16/17,0,,0,7.52918818,0.326532947
7/17/17,0,,0,6.710798356,0.318509652
7/18/17,0,,0,6.187254678,0.316208632
7/19/17,0,,0,6.01000053,0.311455209
7/20/17,0,,0,6.167443029,0.309335848
7/21/17,0,,0,6.558742202,0.303916339
7/22/17,0,,0,7.932472052,0.298784459
7/23/17,0,,0,7.612223417,0.29106393
7/24/17,0,,0,6.188532421,0.282495657
7/25/17,0,,0,6.26288983,0.275592596
7/26/17,0,,0,6.115759956,0.272580076
7/27/17,0,,0,7.229205883,0.270536407
7/28/17,0,,0,6.934505363,0.264814133
7/29/17,0,,0,7.358409458,0.255277009
7/30/17,0,,0,7.384214549,0.247238576
7/31/17,0,,0,7.302322588,0.24056259
8/1/17,0,,0,8.164649663,0.232978306
8/2/17,0,,0,8.081416022,0.225424298
8/3/17,0,,0,7.803341537,0.21441876
8/4/17,0,,0,6.673202933,0.21096723
8/5/17,0,,0,6.392866931,0.207500561
8/6/17,0,,0,6.354977866,0.19882632
8/7/17,0,,0,6.467411924,0.197479012
8/8/17,0,,0,6.344953451,0.196949172
8/9/17,0,,0,5.774522045,0.191484249
8/10/17,0,,0,6.307207485,0.188002442
8/11/17,0,,0,6.148733201,0.18571656
8/12/17,0,,0,6.763775596,0.181659498
8/13/17,0,,0,5.765872942,0.177360223
8/14/17,0,,0,5.349859207,0.180115392
8/15/17,0,,0,5.54453356,0.177572159
8/16/17,0,,0,6.251873296,0.175937223
8/17/17,0,,0,6.076428748,0.174347703
8/18/17,0,,0,6.684343838,0.169170407
8/19/17,0,,0,6.465151013,0.161888889
8/20/17,0,,0,5.832212549,0.155530807
8/21/17,0,,0,4.488553913,0.157968071
8/22/17,0,,0,5.672581248,0.164250462
8/23/17,0,,0,6.382164439,0.156393689
8/24/17,0,,0,5.770558646,0.149324107
8/25/17,0,,0,6.199955816,0.150762245
8/26/17,0,,0,6.867920178,0.146190481
8/27/17,0,,0,7.126797835,0.140210856
8/28/17,0,,0,7.151284584,0.136517112
8/29/17,0,,0,6.48626825,0.134685868
8/30/17,0,,0,5.884051744,0.130461796
8/31/17,0,,0,6.746909271,0.129205318
9/1/17,0,,0,0,0.122347672
9/2/17,0,,0,,0.113552324
9/3/17,0,,0,,0.108269061
9/4/17,0,,0,,0.103606467
9/5/17,0,,0,,0.10978289
9/6/17,0,,0,,0.131763689
9/7/17,0,,0,,0.148037352
9/8/17,0,,0,,0.170108981
9/9/17,0,,0,,0.170396609
9/10/17,0,,0,,0.155636775
9/11/17,0,,0,,0.141845791
9/12/17,0,,0,,0.139938366
9/13/17,0,,0,,0.135351464
9/14/17,0,,0,,0.134079848
9/15/17,0,,0,,0.127615797
9/16/17,0,,0,,0.131460923
9/17/17,0,,0,,0.132687125
9/18/17,0,,0,,0.142421046
9/19/17,0,,0,,0.160450751
9/20/17,5.80743179,,0,,0.1616164
9/21/17,0,,0,,0.14717447
9/22/17,0,,0,,0.145812023
9/23/17,0,,0,,0.138681888
9/24/17,0,,0,,0.134912454
9/25/17,0,,0,,0.126268489
9/26/17,0,,0,,0.115595994
9/27/17,0,,0,,0.108435582
9/28/17,0,,0,,0.102970659
9/29/17,0,,0,,0.099897585
9/30/17,0,,0,,0.096839651
10/1/17,0,,0,,0.096022183
10/2/17,0,,0,,0.09817182
10/3/17,0,,0,,0.098959011
10/4/17,0,,0,,0.09506847
10/5/17,0,,0,,0.093448673
10/6/17,0,,0,,0.090708642
10/7/17,0,,0,,0.089573271
10/8/17,0,,0,,0.088816356
10/9/17,0,,0,,0.090890302
10/10/17,0,,0,,0.09285828
10/11/17,0,,0,,0.096430917
10/12/17,0,,0,,0.102637616
10/13/17,0,,0,,0.105453338
10/14/17,0,,0,,0.108677794
10/15/17,0,,0,,0.111569208
10/16/17,0,,0,,0.109994826
10/17/17,0,,0,,0.108375029
10/18/17,0,,0,,0.104984051
10/19/17,29.85813677,,0,,0.140316824
10/20/17,0,,0,,0.268492737
10/21/17,5.849037301,,0,,0.200007107
10/22/17,0,,0,,0.212632442
10/23/17,0,,0,,0.194269694
10/24/17,0,,0,,0.180418158
10/25/17,0,,0,,0.171486566
10/26/17,0,,0,,0.168095588
10/27/17,0,,0,,0.168095588
10/28/17,0,,0,,0.171486566
10/29/17,0,,0,,0.17304581
10/30/17,0,,0,,0.179842903
10/31/17,0,,0,,0.189001569
11/1/17,0,,0,,0.196101428
11/2/17,0,,0,,0.211845251
11/3/17,18.14809823,,0,,0.445989205
11/4/17,0,,0,,0.49963931
11/5/17,1.451794732,,0,,0.411090785
11/6/17,0,,0,,0.335918688
11/7/17,0,,0,,0.304718669
11/8/17,39.61299026,,0,,0.557724934
11/9/17,21.08155757,,0.330533528,,1.784592628
11/10/17,33.85898565,,1.161921463,,1.228699427
11/11/17,0,,0.212392977,,0.606878967
11/12/17,5.623737251,,0.065568474,,0.313453463
11/13/17,15.12049034,,1.302905156,,0.776866841
11/14/17,0,,0.622140861,,0.757762318
11/15/17,53.95200861,,15.37543793,,1.38833271
11/16/17,17.37004011,,16.56140612,,4.384200591
11/17/17,0,,4.94705073,,2.532333396
11/18/17,0,,0.790730031,,1.543091464
11/19/17,0,,0.265949012,,1.030478638
11/20/17,96.22109807,,40.83216825,,8.431407677
11/21/17,0,,6.850258609,,6.654187397
11/22/17,0,,1.325443005,,3.65075037
11/23/17,0,,0.625857783,,2.611506661
11/24/17,0,,0.674718029,,2.154633024
11/25/17,0,,0.371831148,,1.767698294
11/26/17,60.62320775,,41.04715832,,4.47503034
11/27/17,2.88686041,,23.06421605,,6.836906575
11/28/17,0,,4.133794764,,5.069813812
11/29/17,0,,1.569340334,,3.838919333
11/30/17,0,,0.784834734,,3.083518589
12/1/17,0,,0.481240617,,2.55382977
12/2/17,5.34419037,,0.384680979,,2.22502608
12/3/17,0.77039618,,1.082449492,,2.081212311
12/4/17,0,,0.472539782,,1.789346051
12/5/17,0,,0.307887469,,1.588763689
12/6/17,0,,0.233568261,,1.435276552
12/7/17,0,,0.178655371,,1.312822913
12/8/17,0,,0.149271443,,1.215635081
12/9/17,0,,0.128769277,,1.136492094
12/10/17,0,,0.114294755,,1.069035867
12/11/17,0,,0.100876314,,1.007528989
12/12/17,0,,0.093906504,,0.952259086
12/13/17,0,,0.089099105,,0.904664298
12/14/17,0,,0.079675809,,0.867863111
12/15/17,0,,0.081608612,,0.832061052
12/16/17,0,,0.076832216,,0.800422023
12/17/17,0,,0.069639893,,0.771099152
12/18/17,0,,0.066877257,,0.739944549
12/19/17,14.77439827,,0.076428977,,0.741579484
12/20/17,0,,0.23975018,,0.821176621
12/21/17,0,,0.13191509,,0.710712508
12/22/17,0,,0.108832982,,0.681041456
12/23/17,0,,0.09934686,,0.652944788
12/24/17,0,,0.090378922,,0.626816096
12/25/17,0,,0.083720432,,0.600611714
12/26/17,0,,0.076836539,,0.585942709
12/27/17,0,,0.075907174,,0.572636151
12/28/17,0,,0.073156709,,0.558996551
12/29/17,0,,0.069555147,,0.548187811
12/30/17,0,,0.070800115,,0.524768874
12/31/17,0,,0.064510082,,0.50929754
1/1/18,0,,0.061226997,,0.497504811
1/2/18,0,,0.062139789,,0.477885585
1/3/18,0,,0.071153229,,0.463261995
1/4/18,0,,0.096816434,,0.450682075
1/5/18,25.10854263,,5.778121617,,0.875296013
1/6/18,0,,1.372447666,,0.681571297
1/7/18,0,,0.604625656,,0.603851308
1/8/18,59.63004324,,34.63114901,,1.822211282
1/9/18,2.825738114,,18.87190632,,3.555076368
1/10/18,0,,5.426088065,,2.629521228
1/11/18,8.35800597,,4.336860821,,2.207162896
1/12/18,0,,4.826875334,,2.101800387
1/13/18,0,,2.118409286,,1.939820668
1/14/18,0,,1.251942011,,1.772845314
1/15/18,25.67076132,,2.06388746,,1.661427488
1/16/18,0,,9.512482862,,2.012181702
1/17/18,0,,2.651308141,,1.771331484
1/18/18,42.69345936,,26.46766951,,3.0010149
1/19/18,2.995914368,,17.73771894,,4.694838332
1/20/18,0,,5.337133853,,4.293976374
1/21/18,106.6281655,,39.77916159,,6.762426181
1/22/18,0,,34.02417915,,17.17893316
1/23/18,0,,7.085065967,,10.26270193
1/24/18,49.26086476,,33.65175489,,9.394975067
1/25/18,35.63916081,,35.09092441,,11.15661804
1/26/18,0,,14.98858307,,10.72669057
1/27/18,3.450173985,,11.14579788,,8.964139292
1/28/18,0,,5.81342034,,7.427602708
1/29/18,0,,3.135277339,,6.27103724
1/30/18,0,,1.827549811,,5.389988676
1/31/18,0,,1.191370515,,4.667589408
2/1/18,0,,0.779315383,,3.977586083
2/2/18,0,,0.542128602,,3.519501383
2/3/18,0,,0.414340487,,3.130447292
2/4/18,0,,0.338487173,,2.809818279
2/5/18,0,,0.272214973,,2.527186377
2/6/18,0,,0.210246455,,2.313282319
2/7/18,0,,0.175103768,,2.145398667
2/8/18,0,,0.163854901,,1.989171499
2/9/18,0,,0.148757887,,1.867913784
2/10/18,0,,0.121908526,,1.796915197
2/11/18,0,,0.125549556,,1.749532345
2/12/18,0,,0.132452325,,1.637206222
2/13/18,0,,0.108327134,,1.567176486
2/14/18,0,,0.108681505,,1.486489392
2/15/18,0,,0.101508385,,1.430235501
2/16/18,0,,0.097066164,,1.363460497
2/17/18,0,,0.095662663,,1.297699759
2/18/18,0.566854196,,0.114597761,,1.304466576
2/19/18,0,,0.099099942,,1.251043545
2/20/18,0,,0.08984421,,1.20040596
2/21/18,0,,0.097045276,,1.15929036
2/22/18,2.404572063,,0.089223988,,1.145317717
2/23/18,0,,0.091676737,,1.083205308
2/24/18,0,,0.097800563,,1.062344742
2/25/18,0,,0.098514733,,1.038774422
2/26/18,11.69797077,,0.74626227,,1.203842352
2/27/18,0,,0.238132913,,1.025407311
2/28/18,26.55328364,,1.84736589,,1.093257133
3/1/18,69.20925341,,50.74069942,,4.725417681
3/2/18,15.91528738,,19.9518609,,4.477452467
3/3/18,32.34522061,,12.13833461,,4.006802985
3/4/18,0,,11.47337953,,3.858447729
3/5/18,0,,7.499161707,,3.804706794
3/6/18,0,,5.49211271,,3.816514661
3/7/18,13.68384005,,9.036005936,,4.276718722
3/8/18,0,,9.582872577,,6.326594769
3/9/18,5.115766332,,6.263848444,,6.298891696
3/10/18,0,,3.69643047,,5.810984562
3/11/18,0,,1.870361458,,5.21457537
3/12/18,0,,1.392356171,,4.65108867
3/13/18,41.21528521,,22.09104279,,5.789034039
3/14/18,6.490246666,,18.07720525,,6.086804233
3/15/18,42.83832891,,33.22030792,,7.430630366
3/16/18,8.610863466,,37.76949781,,9.790841389
3/17/18,4.42245271,,16.16013217,,9.401938681
3/18/18,0,,6.884743643,,8.092627852
3/19/18,0,,3.904557721,,6.962100245
3/20/18,7.462256666,,4.272563976,,6.150839206
3/21/18,20.12329547,,20.97477962,,6.380941236
3/22/18,6.025480924,,28.42786051,,7.994228957
3/23/18,25.70633226,,26.68618503,,8.405384954
3/24/18,12.49148673,,26.93124252,,9.502456936
3/25/18,12.27800615,,20.51610541,,9.296273406
3/26/18,0,,10.58213042,,8.792168301
3/27/18,0,,5.215423449,,7.973186732
3/28/18,0,,3.113681616,,7.237163001
3/29/18,0,,2.037477226,,6.448003867
3/30/18,0,,1.453125598,,5.739077678
3/31/18,0,,1.242043056,,5.076928809
4/1/18,0,,1.071064812,,4.516812025
4/2/18,0,,1.010757695,,4.090063588
4/3/18,0,,0.798824826,,3.736584483
4/4/18,0,,0.781068146,,3.41913451
4/5/18,39.68975423,,3.520214742,,3.376293146
4/6/18,125.0852741,,94.16238576,,14.61647456
4/7/18,33.00742592,,62.77382954,,28.95501009
4/8/18,0,,15.96357109,,21.50545686
4/9/18,0,,6.466265018,,14.57121107
4/10/18,0,,3.98324357,,10.81509819
4/11/18,30.38225637,,15.91187057,,9.171382502
4/12/18,0,,13.69644348,,8.446258341
4/13/18,0,,5.375115445,,7.525244688
4/14/18,0,,3.236319669,,6.713226733
4/15/18,15.45709054,,10.93877689,,6.382757831
4/16/18,6.735771866,,10.46538575,,5.983409702
4/17/18,0,,5.120988966,,5.495048419
4/18/18,0,,3.463848171,,5.123403364
4/19/18,0,,2.377893654,,4.736922783
4/20/18,0,,1.797296738,,4.374209319
4/21/18,0,,1.516298696,,4.020124682
4/22/18,0,,1.179129409,,3.707064814
4/23/18,0,,1.018534217,,3.433213122
4/24/18,0,,0.869824403,,3.207652579
4/25/18,0,,0.744484602,,2.993445754
4/26/18,0,,0.674910989,,2.798161795
4/27/18,0.892331562,,0.520717235,,2.649352389
4/28/18,5.995330778,,0.911247169,,2.702790558
4/29/18,0,,0.814240634,,2.473142677
4/30/18,0,,0.679595938,,2.300414771
5/1/18,0,,0.67496164,,2.152665046
5/2/18,0,,0.586790313,,2.015814892
5/3/18,0,,0.503337714,,1.911057915
5/4/18,0,,0.415403069,,1.806906469
5/5/18,0,,0.273203786,,1.736967563
5/6/18,0,,0.188297236,,1.659156745
5/7/18,0,,0.142859476,,1.565299338
5/8/18,0,,0.124891992,,1.50050745
5/9/18,0,,0.124521169,,1.462813104
5/10/18,0,,0.108288113,,1.403077406
5/11/18,0,,0.097652128,,1.332290755
5/12/18,0,,0.086989122,,1.287920423
5/13/18,0,,0.091026743,,1.24621443
5/14/18,0,,0.080198947,,1.20422081
5/15/18,0,,0.076079073,,1.166072315
5/16/18,0,,0.054015133,,1.139368369
5/17/18,0,,0.069863526,,1.097616961
5/18/18,0,,0.072869775,,1.053292044
5/19/18,0,,0.071464232,,1.013584305
5/20/18,0,,0.069301751,,0.982550808
5/21/18,0,,0.056032775,,0.954105958
5/22/18,0,,0.05686037,,0.931186585
5/23/18,0,,0.049585855,,0.905027617
5/24/18,0,,0.042770457,,0.871693099
5/25/18,5.584611016,,0.041736388,,0.900955417
5/26/18,0,,0.048721348,,0.862443603
5/27/18,0,,0.06484144,,0.807748956
5/28/18,0,,0.061020655,,0.776548937
5/29/18,0,,0.052334819,,0.755203946
5/30/18,0,,0.037974074,,0.742169877
5/31/18,0,,0.029283184,,0.721612078
6/1/18,0,,0.029045436,,0.7134374
6/2/18,0,,0.032611908,,0.685582944
6/3/18,0,,0.029061925,,0.656971573
6/4/18,0,,0.022030641,,0.642105771
6/5/18,0,,0.016931279,,0.630903435
6/6/18,0,,0.017502559,,0.618913908
6/7/18,0,,0.016629865,,0.604063244
6/8/18,0,,0.01529524,,0.586729901
6/9/18,0,,0.018395039,,0.584216944
6/10/18,0,,0.014517841,,0.576496416
6/11/18,0,,0.019047064,,0.562084762
6/12/18,0,,0.017831399,,0.549731916
6/13/18,0,,0.013971808,,0.526312979
6/14/18,0,,0.011011963,,0.511083858
6/15/18,0,,0.010343135,,0.501864639
6/16/18,0,,0.008973492,,0.483698689
6/17/18,0,,0.006913189,,0.478127798
6/18/18,0,,0.006098102,,0.46526025
6/19/18,0,,0.006338118,,0.456101584
6/20/18,0,,0.005665484,,0.435891964
6/21/18,0,,0.004087823,,0.431017435
6/22/18,0,,0.00293434,,0.414774048
6/23/18,0,,0.00226632,,0.410247699
6/24/18,0,,0.001748152,,0.393429057
6/25/18,0,,0.001460884,,0.39180926
6/26/18,0,,0.000672665,,0.384512603
6/27/18,0,,0.000444833,,0.376988872
6/28/18,0,,0.000119133,,0.368920163
6/29/18,0,,1.32E-05,,0.363167612
6/30/18,0,,1.16E-06,,0.346697151
7/1/18,0,,0,,0.332815338
7/2/18,0,,0,,0.32358098
7/3/18,0,,0,,0.317253174
7/4/18,0,,0,,0.312530027
7/5/18,0,,0,,0.309108773
7/6/18,0,,0,,0.308306444
7/7/18,0,,0,,0.304521871
7/8/18,0,,0,,0.295893045
7/9/18,0,,0,,0.28733991
7/10/18,0,,0,,0.280149222
7/11/18,0,,0,,0.275986192
7/12/18,0,,0,,0.268084004
7/13/18,0,,0,,0.260045571
7/14/18,0,,0,,0.254459541
7/15/18,0,,0,,0.248601022
7/16/18,0,,0,,0.239472633
7/17/18,0,,0,,0.232281944
7/18/18,0,,0,,0.222608576
7/19/18,0,,0,,0.213147144
7/20/18,0,,0,,0.208908422
7/21/18,0,,0,,0.205759658
7/22/18,0,,0,,0.206122977
7/23/18,0,,0,,0.202731999
7/24/18,0,,0,,0.19829648
7/25/18,0,,0,,0.190863579
7/26/18,0,,0,,0.185398656
7/27/18,0,,0,,0.178117137
7/28/18,0,,0,,0.175952362
7/29/18,0,,0,,0.169246099
7/30/18,0,,0,,0.16453809
7/31/18,0,,0,,0.16072324
8/1/18,0,,0,,0.154365158
8/2/18,0,,0,,0.153517414
8/3/18,0,,0,,0.152079276
8/4/18,0,,0,,0.146129928
8/5/18,0,,0,,0.145948268
8/6/18,0,,0,,0.142330216
8/7/18,0,,0,,0.138878686
8/8/18,0,,0,,0.136971261
8/9/18,0,,0,,0.134428028
8/10/18,0,,0,,0.124618415
8/11/18,0,,0,,0.11944112
8/12/18,0,,0,,0.120531077
8/13/18,0,,0,,0.117715354
8/14/18,0,,0,,0.117079546
8/15/18,0,,0,,0.118623652
8/16/18,0,,0,,0.118805311
8/17/18,0,,0,,0.114536313
8/18/18,0,,0,,0.108920007
8/19/18,0,,0,,0.105120296
8/20/18,0,,0,,0.103470222
8/21/18,0,,0,,0.102077499
8/22/18,0,,0,,0.106830923
8/23/18,0,,0,,0.112326123
8/24/18,0,,0,,0.116897887
8/25/18,0,,0,,0.112326123
8/26/18,0,,0,,0.108677794
8/27/18,0,,0,,0.109283326
8/28/18,0,,0,,0.110660911
8/29/18,0,,0,,0.111811421
8/30/18,0,,0,,0.119622779
8/31/18,0,,0,,0.124527586
9/1/18,0,,0,,0.122166012
9/2/18,0,,0,,0.113037622
9/3/18,0,,0,,0.104832668
9/4/18,0,,0,,0.09879249
9/5/18,0,,0,,0.095931353
9/6/18,0,,0,,0.09879249
9/7/18,0,,0,,0.100896713
9/8/18,0,,0,,0.098610831
9/9/18,0,,0,,0.088998016
9/10/18,0,,0,,0.088619558
9/11/18,0,,0,,0.09161694
9/12/18,0,,0,,0.094341832
9/13/18,0,,0,,0.100260904
9/14/18,0,,0,,0.105740966
9/15/18,0,,0,,0.105740966
9/16/18,0,,0,,0.107845188
9/17/18,0,,0,,0.112886239
9/18/18,0,,0,,0.117352035
9/19/18,0,,0,,0.107073136
9/20/18,0,,0,,0.099549405
9/21/18,0,,0,,0.094205588
9/22/18,0,,0,,0.083548231
9/23/18,0,,0,,0.082715625
9/24/18,0,,0,,0.08248855
9/25/18,0,,0,,0.078794807
9/26/18,0,,0,,0.073935416
9/27/18,0,,0,,0.071331629
9/28/18,0,,0,,0.069878353
9/29/18,1.148342167,,0,,0.085319411
9/30/18,0,,0,,0.136305176
10/1/18,7.430189962,,0,,0.143389897
10/2/18,0.400748882,,0,,0.225954138
10/3/18,1.267255413,,0,,0.199886001
10/4/18,0,,0,,0.198160235
10/5/18,0,,0,,0.179282786
10/6/18,0,,0,,0.161737506
10/7/18,0,,0,,0.140725557
10/8/18,0,,0,,0.12484549
10/9/18,0,,0,,0.11553544
10/10/18,0,,0,,0.11218353
10/11/18,0,,0,,0.108087401
10/12/18,0,,0,,0.106649263
10/13/18,0,,0,,0.104000062
10/14/18,0,,0,,0.102486233
10/15/18,0,,0,,0.098731937
10/16/18,0,,0,,0.099912724
10/17/18,0,,0,,0.101729319
10/18/18,0,,0,,0.102486233
10/19/18,0,,0,,0.105286817
10/20/18,0,,0,,0.109449847
10/21/18,0,,0,,0.116579983
10/22/18,0,,0,,0.13388305
10/23/18,0,,0,,0.139696154
10/24/18,0,,0,,0.155621636
10/25/18,0,,0,,0.169094716
10/26/18,0,,0,,0.17428715
10/27/18,0,,0,,0.176467064
10/28/18,0,,0,,0.21344991
10/29/18,0,,0,,0.229799264
10/30/18,0,,0,,0.232524157
10/31/18,0,,0,,0.230616732
11/1/18,0,,0,,0.232524157
11/2/18,0,,0,,0.235249049
11/3/18,0,,0,,0.239472633
11/4/18,0,,0,,0.242166084
11/5/18,0,,0,,0.25500452
11/6/18,0,,0,,0.264950377
11/7/18,0,,0,,0.252688361
11/8/18,0,,0,,0.250780936
11/9/18,0,,0,,0.251325915
11/10/18,0,,0,,0.260590549
11/11/18,0,,0,,0.263315442
11/12/18,0,,0,,0.259091858
11/13/18,0,,0,,0.258683125
11/14/18,0,,0,,0.256911944
11/15/18,0,,0,,0.258683125
11/16/18,0,,0,,0.261135528
11/17/18,0,,0,,0.264132909
11/18/18,0,,0,,0.262770463
11/19/18,0,,0,,0.26386042
11/20/18,0,,0,,0.258955614
11/21/18,41.29042249,,0,,0.509055327
11/22/18,62.12412643,,0.006750267,,0.839721028
11/23/18,126.4173645,,30.6966957,,3.462460301
11/24/18,0,,5.678807961,,2.009926096
11/25/18,0,,0.395540816,,0.791581261
11/26/18,0,,0.121402296,,0.541436133
11/27/18,54.55278202,,15.83124551,,1.763883445
11/28/18,15.72034224,,3.556137696,,1.597210856
11/29/18,22.63883544,,33.36312779,,3.082156142
11/30/18,9.381053961,,4.842588019,,2.005975002
12/1/18,18.46120475,,15.86387925,,2.689166096
12/2/18,0,,3.730358436,,2.268321593
12/3/18,0,,1.154447476,,1.63004581
12/4/18,0,,0.527747433,,1.245820834
12/5/18,0,,0.377942904,,1.022001195
12/6/18,0,,0.2745499,,0.878232841
12/7/18,0,,0.197644655,,0.763136411
12/8/18,0,,0.139747829,,0.679103755
12/9/18,15.88613653,,0.333671107,,0.662118592
12/10/18,0,,2.422476728,,0.800255502
12/11/18,0,,0.704178769,,0.669823982
12/12/18,0,,0.622215055,,0.642529643
12/13/18,0,,0.330746582,,0.601913607
12/14/18,17.70531094,,2.543270455,,0.708956466
12/15/18,0,,2.02325613,,0.775247044
12/16/18,58.25459589,,33.86300127,,3.113174502
12/17/18,0,,11.87358633,,3.809399664
12/18/18,54.48111105,,24.59454959,,4.763566176
12/19/18,0,,12.1288323,,6.194588868
12/20/18,20.12542914,,9.83585024,,4.401912392
12/21/18,0,,11.15409013,,4.407224557
12/22/18,0,,3.574108909,,3.657108452
12/23/18,4.975343218,,4.049936848,,3.157515534
12/24/18,72.31546049,,44.37997631,,8.240626688
12/25/18,0,,13.04329348,,8.836707787
12/26/18,0,,3.919622594,,6.020587017
12/27/18,0,,1.758884159,,4.625821485
12/28/18,0,,0.971605653,,3.686670508
12/29/18,0,,0.583663129,,3.065398406
12/30/18,0,,0.407433569,,2.625585272
12/31/18,0,,0.335877201,,2.298598176
1/1/19,0,,0.250071388,,2.207768427
1/2/19,0,,0.195523667,,2.118755274
1/3/19,0,,0.16339723,,2.057596576
1/4/19,0,,0.142448938,,2.018237018
1/5/19,41.1055785,,12.83488741,,2.440292584
1/6/19,37.49455794,,44.13351462,,5.754354468
1/7/19,0,,12.12442757,,5.477376109
1/8/19,16.38511814,,6.037961859,,4.740263299
1/9/19,49.78078057,,28.39801339,,9.821350868
1/10/19,0,,12.3695703,,13.53887201
1/11/19,0,,6.53170282,,9.530614158
1/12/19,0,,3.412096745,,6.936819298
1/13/19,0,,1.760108245,,5.400282715
1/14/19,0,,1.067479906,,4.513935749
1/15/19,10.03668384,,2.517163724,,4.0376851
1/16/19,76.05591682,,58.03222872,,7.649075912
1/17/19,21.3617027,,57.1881367,,16.15558465
1/18/19,20.29000334,,27.28197497,,14.02683811
1/19/19,28.87229724,,35.84995761,,15.24229153
1/20/19,82.32055263,,66.01985722,,25.63972426
1/21/19,0,,24.86363202,,26.01666771
1/22/19,0,,7.142010894,,18.27161503
1/23/19,0,,3.05153121,,11.70674356
1/24/19,0,,1.592275797,,8.654712614
1/25/19,0,,0.992791162,,7.026135218
1/26/19,0,,0.656049064,,5.843531889
1/27/19,0,,0.467699458,,5.047560523
1/28/19,0,,0.363293256,,4.433097273
1/29/19,0,,0.287702539,,3.956735078
1/30/19,0,,0.219955922,,3.636823142
1/31/19,0,,0.184042662,,3.39778952
2/1/19,5.555610118,,0.232741004,,3.165568128
2/2/19,8.06887826,,3.288795113,,3.119093574
2/3/19,27.24896996,,6.469568932,,3.171472062
2/4/19,18.83386959,,21.42725424,,4.296549884
2/5/19,2.222423849,,7.438203725,,3.886604951
2/6/19,0,,3.795197696,,3.672246744
2/7/19,0,,2.462693765,,3.509964259
2/8/19,0,,1.902883468,,3.358127196
2/9/19,40.00538389,,25.25348599,,4.184526527
2/10/19,13.96731641,,14.92374369,,4.839409016
2/11/19,0.326012778,,12.02119517,,4.76432309
2/12/19,27.4601507,,22.19753893,,5.2488998
2/13/19,77.80240117,,71.39351599,,13.0274081
2/14/19,88.35047258,,90.18514618,,51.02815287
2/15/19,38.25810839,,41.80915957,,30.72316253
2/16/19,31.88703859,,38.18263662,,22.64688403
2/17/19,3.902875061,,16.72312665,,17.53619683
2/18/19,0,,7.917043273,,12.02828087
2/19/19,0,,4.73917595,,9.292034685
2/20/19,0,,3.590466916,,7.722950774
2/21/19,0,,2.698066988,,6.762880329
2/22/19,0,,1.749954377,,5.953435885
2/23/19,0,,1.274954055,,5.295071589
2/24/19,33.16415224,,4.771264236,,5.675042705
2/25/19,141.9532438,,98.66198671,,35.83445526
2/26/19,136.5168501,,110.3173723,,67.81349045
2/27/19,29.20672381,,63.07969491,,91.6714378
2/28/19,0,,14.51030524,,33.96578456
3/1/19,0,,5.863307603,,20.95139539
3/2/19,15.83656332,,19.744289,,15.6731273
3/3/19,3.202508614,,12.78072167,,12.98184185
3/4/19,0,,5.707421474,,11.14920028
3/5/19,11.95605255,,5.649668831,,9.927086012
3/6/19,30.94298699,,37.0328163,,14.13371444
3/7/19,0,,12.67835684,,15.53794236
3/8/19,0,,6.035473437,,12.8236467
3/9/19,17.61106499,,8.13601809,,10.64494379
3/10/19,0,,6.70175921,,9.681819362
3/11/19,0,,3.38707452,,8.721321096
3/12/19,0,,2.044717778,,7.823620413
3/13/19,0,,1.316433737,,7.083206577
3/14/19,0,,0.825672007,,6.294501592
3/15/19,0,,0.557658644,,5.669290154
3/16/19,0,,0.411403837,,5.130366978
3/17/19,0,,0.312462893,,4.727839808
3/18/19,0,,0.243117371,,4.407210794
3/19/19,0,,0.211589958,,4.153615729
3/20/19,33.0323697,,4.377726484,,4.635647613
3/21/19,0,,2.230733093,,4.617027514
3/22/19,22.17518064,,14.80455474,,4.792783078
3/23/19,0,,7.86611482,,5.384387509
3/24/19,0,,2.664983615,,5.182745466
3/25/19,39.02021097,,34.51058894,,6.835392746
3/26/19,0.203223392,,8.888116979,,7.36175114
3/27/19,26.60468351,,31.83472834,,8.446106958
3/28/19,40.877862,,26.66414079,,10.81827723
3/29/19,4.769788222,,16.8520565,,16.21825718
3/30/19,0,,6.346994123,,14.23922834
3/31/19,0,,2.957815239,,10.6378288
4/1/19,0,,1.809771072,,8.768098417
4/2/19,3.048989345,,2.085987577,,7.458636205
4/3/19,0,,1.757777778,,6.4060708
4/4/19,1.401045998,,1.378230162,,5.666111113
4/5/19,20.53988852,,15.88575482,,6.058041479
4/6/19,6.199470531,,6.684797444,,6.083776574
4/7/19,19.51068225,,7.430808031,,6.390478359
4/8/19,60.20518588,,42.25535939,,13.86319318
4/9/19,0,,15.83931152,,20.05218088
4/10/19,0,,5.39356612,,14.74257653
4/11/19,0,,2.663395142,,10.54851288
4/12/19,0,,1.602553128,,8.627160924
4/13/19,0,,1.012882876,,7.254420653
4/14/19,0,,0.693301711,,6.243636932
4/15/19,11.69850266,,0.967092573,,5.605406564
4/16/19,0,,1.227971185,,5.049528501
4/17/19,0,,0.532586206,,4.442937162
4/18/19,0,,0.378334586,,4.084916569
4/19/19,0,,0.283109986,,3.797289031
4/20/19,0,,0.263338338,,3.549626583
4/21/19,0,,0.206635356,,3.318010724
4/22/19,0,,0.155666232,,3.101835921
4/23/19,0,,0.129183717,,2.90594643
4/24/19,0,,0.112243965,,2.724286932
4/25/19,0,,0.096064348,,2.581078695
4/26/19,0,,0.081319154,,2.441200882
4/27/19,0,,0.066971017,,2.333264864
4/28/19,0,,0.061757124,,2.242435115
4/29/19,0,,0.058059785,,2.154178876
4/30/19,0,,0.055588754,,2.046697006
5/1/19,0,,0.048121189,,1.945573219
5/2/19,0,,0.043449236,,1.858225277
5/3/19,0,,0.040132577,,1.771785633
5/4/19,0,,0.038205341,,1.712140765
5/5/19,0,,0.036569872,,1.662335786
5/6/19,0,,0.036689499,,1.602236769
5/7/19,0,,0.036028467,,1.532297862
5/8/19,0,,0.034435592,,1.469171187
5/9/19,0,,0.033228149,,1.426102748
5/10/19,0,,0.031365755,,1.376343184
5/11/19,0,,0.031550932,,1.330988862
5/12/19,0,,0.028632174,,1.288798444
5/13/19,0,,0.0247114,,1.247531461
5/14/19,0,,0.019801306,,1.220751824
5/15/19,57.20665777,,0.944315635,,1.651330248
5/16/19,121.8263232,,53.0308342,,6.118897411
5/17/19,1.772894624,,24.26597359,,8.902677828
5/18/19,36.66624858,,25.90609045,,7.579742537
5/19/19,9.648381606,,21.49633084,,9.1297522
5/20/19,8.743902898,,6.364060496,,8.320761904
5/21/19,48.12635549,,48.29472799,,10.56894957
5/22/19,0,,15.76779499,,13.30368192
5/23/19,0,,4.174126442,,10.44572388
5/24/19,0,,1.542773728,,8.259451824
5/25/19,0,,0.753340575,,6.731392683
5/26/19,0,,0.535647459,,5.681854936
5/27/19,0,,0.357141165,,4.902687074
5/28/19,0,,0.255991978,,4.362401452
5/29/19,0,,0.200295517,,3.974104276
5/30/19,0,,0.161647722,,3.659833345
5/31/19,0,,0.127700295,,3.385224738
6/1/19,0,,0.098758131,,3.161783556
6/2/19,0,,0.084682163,,2.961655342
6/3/19,0,,0.071007261,,2.761224363
6/4/19,0,,0.057676213,,2.566697318
6/5/19,0,,0.053057339,,2.436356629
6/6/19,0,,0.037804319,,2.324938803
6/7/19,0,,0.037129316,,2.217456934
6/8/19,0,,0.035685405,,2.096501985
6/9/19,0,,0.029636219,,1.967977891
6/10/19,0,,0.025394793,,1.870033145
6/11/19,0,,0.02265394,,1.779657545
6/12/19,0,,0.019550472,,1.693066518
6/13/19,0,,0.015912702,,1.612228041
6/14/19,0,,0.016688644,,1.547738919
6/15/19,0,,0.017016205,,1.495375569
6/16/19,0,,0.015162898,,1.420123122
6/17/19,0,,0.01427002,,1.364035753
6/18/19,0,,0.013427531,,1.31143019
6/19/19,0,,0.011245978,,1.261231615
6/20/19,0,,0.008121599,,1.215574528
6/21/19,0,,0.007171187,,1.176669119
6/22/19,0,,0.006328789,,1.135871424
6/23/19,0,,0.005538231,,1.101416672
6/24/19,0,,0.004308234,,1.05810602
6/25/19,0,,0.003688898,,1.030039628
6/26/19,0,,0.003273043,,1.023575577
6/27/19,0,,0.005561124,,1.005636702
6/28/19,0,,0.005616831,,0.966988644
6/29/19,0,,0.004097067,,0.930823266
6/30/19,0,,0.003257008,,0.891932995
7/1/19,0,,0.00275236,,0.861505029
7/2/19,0,,0.002395161,,0.834725391
7/3/19,0,,0.000675635,,0.827931326