dateTime,precip_mm
10/1/03,0
10/2/03,0
10/3/03,0
10/4/03,0
10/5/03,0
10/6/03,0
10/7/03,0
10/8/03,0
10/9/03,0
10/10/03,0
10/11/03,0
10/12/03,0
10/13/03,0
10/14/03,0
10/15/03,0
10/16/03,0
10/17/03,1.016
10/18/03,0
10/19/03,0
10/20/03,0
10/21/03,0
10/22/03,0
10/23/03,0
10/24/03,1.016
10/25/03,0.254
10/26/03,0.508
10/27/03,0.254
10/28/03,0.254
10/29/03,0
10/30/03,0.508
10/31/03,0.254
11/1/03,0
11/2/03,4.064
11/3/03,1.016
11/4/03,0.254
11/5/03,0.762
11/6/03,0.508
11/7/03,15.748
11/8/03,74.168
11/9/03,25.4
11/10/03,1.27
11/11/03,0
11/12/03,0
11/13/03,0.254
11/14/03,20.066
11/15/03,1.27
11/16/03,0
11/17/03,0.508
11/18/03,0
11/19/03,0
11/20/03,0.254
11/21/03,0
11/22/03,0
11/23/03,0
11/24/03,0
11/25/03,0
11/26/03,0
11/27/03,0
11/28/03,0
11/29/03,20.066
11/30/03,14.224
12/1/03,14.224
12/2/03,0.762
12/3/03,0.254
12/4/03,4.318
12/5/03,11.684
12/6/03,21.59
12/7/03,1.27
12/8/03,1.27
12/9/03,8.128
12/10/03,7.62
12/11/03,0.762
12/12/03,0.508
12/13/03,26.67
12/14/03,10.16
12/15/03,0
12/16/03,0
12/17/03,0
12/18/03,0
12/19/03,10.668
12/20/03,1.016
12/21/03,0.508
12/22/03,0
12/23/03,38.608
12/24/03,35.306
12/25/03,4.826
12/26/03,0.254
12/27/03,0
12/28/03,17.272
12/29/03,32.512
12/30/03,1.27
12/31/03,0.762
1/1/04,39.624
1/2/04,3.556
1/3/04,0.254
1/4/04,0
1/5/04,0.508
1/6/04,0.508
1/7/04,19.05
1/8/04,18.542
1/9/04,22.098
1/10/04,1.524
1/11/04,0.508
1/12/04,0
1/13/04,0
1/14/04,0
1/15/04,1.27
1/16/04,0
1/17/04,0
1/18/04,0
1/19/04,0.508
1/20/04,0.254
1/21/04,0
1/22/04,0
1/23/04,0.762
1/24/04,2.286
1/25/04,0
1/26/04,2.032
1/27/04,3.81
1/28/04,0.762
1/29/04,0
1/30/04,4.064
1/31/04,0
2/1/04,0
2/2/04,19.558
2/3/04,0.508
2/4/04,0.254
2/5/04,0
2/6/04,3.81
2/7/04,1.016
2/8/04,0
2/9/04,0
2/10/04,0
2/11/04,0
2/12/04,0
2/13/04,0.762
2/14/04,2.794
2/15/04,15.24
2/16/04,65.278
2/17/04,98.552
2/18/04,6.35
2/19/04,0
2/20/04,0
2/21/04,0
2/22/04,1.016
2/23/04,7.62
2/24/04,11.176
2/25/04,80.01
2/26/04,19.558
2/27/04,1.016
2/28/04,0.762
2/29/04,1.524
3/1/04,8.382
3/2/04,1.778
3/3/04,0
3/4/04,0
3/5/04,0.254
3/6/04,0
3/7/04,0
3/8/04,0
3/9/04,0
3/10/04,0
3/11/04,0.254
3/12/04,0.254
3/13/04,0
3/14/04,0.762
3/15/04,0.762
3/16/04,0.254
3/17/04,0
3/18/04,0
3/19/04,0
3/20/04,0
3/21/04,0
3/22/04,0.508
3/23/04,0
3/24/04,0
3/25/04,22.606
3/26/04,1.27
3/27/04,0.762
3/28/04,0.254
3/29/04,0
3/30/04,5.588
3/31/04,0
4/1/04,0
4/2/04,0
4/3/04,0
4/4/04,0
4/5/04,0
4/6/04,0
4/7/04,0
4/8/04,0
4/9/04,0
4/10/04,0
4/11/04,0
4/12/04,0
4/13/04,0
4/14/04,6.604
4/15/04,1.27
4/16/04,1.016
4/17/04,2.54
4/18/04,0.508
4/19/04,20.32
4/20/04,3.048
4/21/04,0.508
4/22/04,0
4/23/04,0
4/24/04,0
4/25/04,0
4/26/04,0
4/27/04,0
4/28/04,0
4/29/04,0
4/30/04,0
5/1/04,0
5/2/04,0.254
5/3/04,0
5/4/04,0
5/5/04,0
5/6/04,0
5/7/04,0
5/8/04,0
5/9/04,0
5/10/04,18.796
5/11/04,0.762
5/12/04,0
5/13/04,0
5/14/04,0
5/15/04,0
5/16/04,0
5/17/04,4.572
5/18/04,5.08
5/19/04,0
5/20/04,0.254
5/21/04,0
5/22/04,0
5/23/04,0
5/24/04,0
5/25/04,1.016
5/26/04,0.508
5/27/04,0
5/28/04,0.254
5/29/04,0
5/30/04,0
5/31/04,0
6/1/04,0
6/2/04,0
6/3/04,0
6/4/04,0.254
6/5/04,0
6/6/04,0
6/7/04,0.254
6/8/04,0
6/9/04,0.254
6/10/04,1.016
6/11/04,0
6/12/04,0.762
6/13/04,0
6/14/04,0
6/15/04,0
6/16/04,0
6/17/04,0
6/18/04,0
6/19/04,0
6/20/04,0.508
6/21/04,0.254
6/22/04,0
6/23/04,0.254
6/24/04,0
6/25/04,0
6/26/04,1.016
6/27/04,0.508
6/28/04,0
6/29/04,0
6/30/04,0
7/1/04,1.016
7/2/04,0.762
7/3/04,0.762
7/4/04,0.762
7/5/04,0
7/6/04,0.508
7/7/04,0
7/8/04,0.254
7/9/04,0.254
7/10/04,0
7/11/04,0
7/12/04,0
7/13/04,0.508
7/14/04,0.254
7/15/04,0
7/16/04,0.254
7/17/04,0
7/18/04,0
7/19/04,0
7/20/04,0
7/21/04,0
7/22/04,0
7/23/04,0
7/24/04,0
7/25/04,0
7/26/04,0
7/27/04,0
7/28/04,0
7/29/04,0
7/30/04,0
7/31/04,0
8/1/04,0
8/2/04,9.906
8/3/04,0
8/4/04,0
8/5/04,0
8/6/04,0
8/7/04,0
8/8/04,0
8/9/04,0
8/10/04,0
8/11/04,0
8/12/04,0
8/13/04,0
8/14/04,0.254
8/15/04,0
8/16/04,0
8/17/04,0
8/18/04,0
8/19/04,0
8/20/04,0
8/21/04,0
8/22/04,1.016
8/23/04,1.778
8/24/04,0.254
8/25/04,0
8/26/04,0
8/27/04,0
8/28/04,0
8/29/04,0
8/30/04,0
8/31/04,0
9/1/04,0
9/2/04,0
9/3/04,1.27
9/4/04,0
9/5/04,0
9/6/04,0
9/7/04,0
9/8/04,0
9/9/04,0
9/10/04,0
9/11/04,1.016
9/12/04,0
9/13/04,0
9/14/04,0
9/15/04,0
9/16/04,0.254
9/17/04,0
9/18/04,0
9/19/04,0
9/20/04,1.524
9/21/04,0
9/22/04,0
9/23/04,0
9/24/04,0.254
9/25/04,0
9/26/04,0
9/27/04,0
9/28/04,0.254
9/29/04,0
9/30/04,0
10/1/04,0
10/2/04,0
10/3/04,0
10/4/04,0
10/5/04,0
10/6/04,0
10/7/04,0
10/8/04,3.556
10/9/04,0.254
10/10/04,0
10/11/04,0.254
10/12/04,0.254
10/13/04,0
10/14/04,0
10/15/04,0
10/16/04,0
10/17/04,17.018
10/18/04,9.398
10/19/04,92.964
10/20/04,0.508
10/21/04,0
10/22/04,0
10/23/04,16.764
10/24/04,0
10/25/04,25.654
10/26/04,18.796
10/27/04,0
10/28/04,0.254
10/29/04,1.524
10/30/04,0
10/31/04,0
11/1/04,0
11/2/04,0
11/3/04,11.176
11/4/04,0
11/5/04,0
11/6/04,0
11/7/04,0
11/8/04,0
11/9/04,0
11/10/04,0.254
11/11/04,0
11/12/04,0
11/13/04,0.254
11/14/04,0
11/15/04,0
11/16/04,0.762
11/17/04,0
11/18/04,0
11/19/04,0
11/20/04,0
11/21/04,0
11/22/04,0
11/23/04,0
11/24/04,0
11/25/04,10.414
11/26/04,3.048
11/27/04,2.794
11/28/04,0
11/29/04,0
11/30/04,0
12/1/04,0
12/2/04,0
12/3/04,0.254
12/4/04,0
12/5/04,0
12/6/04,20.32
12/7/04,68.072
12/8/04,52.832
12/9/04,0.508
12/10/04,0
12/11/04,0
12/12/04,0
12/13/04,0
12/14/04,0
12/15/04,0
12/16/04,0
12/17/04,0
12/18/04,0
12/19/04,0
12/20/04,0
12/21/04,0
12/22/04,0
12/23/04,0
12/24/04,0
12/25/04,0
12/26/04,32.258
12/27/04,48.006
12/28/04,6.858
12/29/04,13.208
12/30/04,29.718
12/31/04,14.986
1/1/05,5.08
1/2/05,7.366
1/3/05,2.032
1/4/05,0.254
1/5/05,0
1/6/05,0.508
1/7/05,16.764
1/8/05,11.43
1/9/05,5.08
1/10/05,4.064
1/11/05,4.826
1/12/05,0.508
1/13/05,0
1/14/05,0.762
1/15/05,1.016
1/16/05,0
1/17/05,0.254
1/18/05,0.254
1/19/05,0
1/20/05,0
1/21/05,0
1/22/05,0
1/23/05,0.254
1/24/05,0.508
1/25/05,11.938
1/26/05,33.782
1/27/05,11.43
1/28/05,25.146
1/29/05,0
1/30/05,0.254
1/31/05,0
2/1/05,0
2/2/05,0
2/3/05,0.254
2/4/05,0
2/5/05,0
2/6/05,0.254
2/7/05,0.254
2/8/05,0
2/9/05,0
2/10/05,0
2/11/05,0
2/12/05,0
2/13/05,8.89
2/14/05,1.524
2/15/05,0
2/16/05,0
2/17/05,0
2/18/05,0.254
2/19/05,4.318
2/20/05,16.002
2/21/05,0.508
2/22/05,0
2/23/05,0
2/24/05,0
2/25/05,0
2/26/05,0
2/27/05,39.878
2/28/05,5.334
3/1/05,14.732
3/2/05,0.508
3/3/05,0
3/4/05,0
3/5/05,0
3/6/05,0
3/7/05,0
3/8/05,0
3/9/05,0
3/10/05,0
3/11/05,0
3/12/05,0
3/13/05,0
3/14/05,0
3/15/05,0
3/16/05,0
3/17/05,0
3/18/05,0
3/19/05,21.844
3/20/05,16.764
3/21/05,11.938
3/22/05,32.258
3/23/05,2.286
3/24/05,0
3/25/05,0
3/26/05,2.794
3/27/05,54.61
3/28/05,0.254
3/29/05,1.27
3/30/05,0
3/31/05,0
4/1/05,0
4/2/05,0
4/3/05,0
4/4/05,0
4/5/05,0
4/6/05,0
4/7/05,10.668
4/8/05,10.16
4/9/05,0.254
4/10/05,0
4/11/05,0
4/12/05,0
4/13/05,0.508
4/14/05,0
4/15/05,0
4/16/05,0
4/17/05,0
4/18/05,1.524
4/19/05,0
4/20/05,0.254
4/21/05,0
4/22/05,0
4/23/05,9.652
4/24/05,3.81
4/25/05,0
4/26/05,0
4/27/05,1.016
4/28/05,2.286
4/29/05,0.254
4/30/05,0
5/1/05,0.254
5/2/05,0
5/3/05,1.016
5/4/05,8.636
5/5/05,11.176
5/6/05,4.572
5/7/05,4.318
5/8/05,39.624
5/9/05,11.684
5/10/05,0.254
5/11/05,0
5/12/05,0.254
5/13/05,3.048
5/14/05,0.254
5/15/05,2.54
5/16/05,1.016
5/17/05,6.858
5/18/05,30.734
5/19/05,0.508
5/20/05,2.794
5/21/05,0
5/22/05,0
5/23/05,0
5/24/05,0
5/25/05,0
5/26/05,0
5/27/05,0
5/28/05,0
5/29/05,0
5/30/05,0
5/31/05,0
6/1/05,0
6/2/05,0
6/3/05,0
6/4/05,0
6/5/05,0
6/6/05,2.286
6/7/05,0
6/8/05,2.032
6/9/05,0.254
6/10/05,0
6/11/05,0.762
6/12/05,0
6/13/05,0
6/14/05,0
6/15/05,0
6/16/05,8.128
6/17/05,46.736
6/18/05,25.4
6/19/05,0.508
6/20/05,0
6/21/05,0
6/22/05,0
6/23/05,0
6/24/05,0
6/25/05,2.794
6/26/05,0.508
6/27/05,0
6/28/05,0
6/29/05,0
6/30/05,0
7/1/05,0
7/2/05,0
7/3/05,0.254
7/4/05,0
7/5/05,0
7/6/05,0.254
7/7/05,0
7/8/05,0
7/9/05,0
7/10/05,0
7/11/05,0.254
7/12/05,0
7/13/05,0
7/14/05,0
7/15/05,0
7/16/05,0
7/17/05,0
7/18/05,0
7/19/05,0
7/20/05,0
7/21/05,0.254
7/22/05,0
7/23/05,0
7/24/05,0
7/25/05,0
7/26/05,0
7/27/05,0
7/28/05,0
7/29/05,0
7/30/05,0
7/31/05,0
8/1/05,0
8/2/05,0
8/3/05,0
8/4/05,0
8/5/05,0
8/6/05,0
8/7/05,0
8/8/05,0
8/9/05,0
8/10/05,0
8/11/05,0
8/12/05,0
8/13/05,0
8/14/05,0
8/15/05,0
8/16/05,0
8/17/05,0
8/18/05,0
8/19/05,0
8/20/05,0
8/21/05,0
8/22/05,0
8/23/05,0
8/24/05,0
8/25/05,0
8/26/05,0
8/27/05,0
8/28/05,0
8/29/05,0
8/30/05,0
8/31/05,0
9/1/05,0
9/2/05,0
9/3/05,0
9/4/05,0
9/5/05,0
9/6/05,0
9/7/05,0
9/8/05,0
9/9/05,0
9/10/05,0.762
9/11/05,0.254
9/12/05,0
9/13/05,0
9/14/05,0
9/15/05,0
9/16/05,0.508
9/17/05,0
9/18/05,0.508
9/19/05,0.254
9/20/05,0
9/21/05,0
9/22/05,0
9/23/05,1.524
9/24/05,0.254
9/25/05,0.254
9/26/05,0
9/27/05,0.254
9/28/05,0
9/29/05,0
9/30/05,0
10/1/05,0
10/2/05,0.254
10/3/05,1.016
10/4/05,0.254
10/5/05,0
10/6/05,0
10/7/05,0
10/8/05,0
10/9/05,0
10/10/05,0
10/11/05,0
10/12/05,0
10/13/05,0.254
10/14/05,1.778
10/15/05,3.81
10/16/05,0
10/17/05,0
10/18/05,0
10/19/05,0
10/20/05,0
10/21/05,0
10/22/05,0
10/23/05,0
10/24/05,0
10/25/05,0.508
10/26/05,3.81
10/27/05,3.81
10/28/05,5.334
10/29/05,0
10/30/05,0
10/31/05,0
11/1/05,3.81
11/2/05,2.286
11/3/05,21.844
11/4/05,0.762
11/5/05,1.016
11/6/05,30.988
11/7/05,31.496
11/8/05,2.032
11/9/05,0
11/10/05,0
11/11/05,0
11/12/05,0
11/13/05,0
11/14/05,0
11/15/05,0
11/16/05,0
11/17/05,0
11/18/05,0
11/19/05,0
11/20/05,0
11/21/05,0
11/22/05,0
11/23/05,0
11/24/05,0.254
11/25/05,11.43
11/26/05,0
11/27/05,0
11/28/05,12.954
11/29/05,1.27
11/30/05,13.462
12/1/05,40.132
12/2/05,0.508
12/3/05,0
12/4/05,0
12/5/05,0
12/6/05,0
12/7/05,4.572
12/8/05,0.762
12/9/05,0
12/10/05,0
12/11/05,0
12/12/05,0
12/13/05,0
12/14/05,0
12/15/05,0
12/16/05,0
12/17/05,0
12/18/05,36.322
12/19/05,25.146
12/20/05,31.242
12/21/05,20.32
12/22/05,15.494
12/23/05,0.254
12/24/05,0
12/25/05,22.352
12/26/05,14.986
12/27/05,43.688
12/28/05,33.274
12/29/05,4.064
12/30/05,63.246
12/31/05,19.812
1/1/06,50.038
1/2/06,0.508
1/3/06,38.1
1/4/06,0.762
1/5/06,0
1/6/06,0.254
1/7/06,3.048
1/8/06,1.524
1/9/06,0
1/10/06,6.858
1/11/06,0.762
1/12/06,0
1/13/06,14.732
1/14/06,25.146
1/15/06,1.016
1/16/06,0.762
1/17/06,13.208
1/18/06,3.556
1/19/06,0
1/20/06,2.286
1/21/06,0
1/22/06,0
1/23/06,0
1/24/06,0
1/25/06,1.27
1/26/06,2.54
1/27/06,0.762
1/28/06,12.192
1/29/06,0.254
1/30/06,15.24
1/31/06,0.762
2/1/06,8.128
2/2/06,2.032
2/3/06,2.286
2/4/06,11.938
2/5/06,0
2/6/06,0
2/7/06,0
2/8/06,0
2/9/06,0
2/10/06,0
2/11/06,0
2/12/06,0
2/13/06,0
2/14/06,0
2/15/06,0
2/16/06,0
2/17/06,1.016
2/18/06,2.286
2/19/06,0
2/20/06,0
2/21/06,0
2/22/06,0
2/23/06,0
2/24/06,0
2/25/06,0
2/26/06,33.782
2/27/06,61.976
2/28/06,11.684
3/1/06,16.764
3/2/06,6.858
3/3/06,8.128
3/4/06,1.524
3/5/06,23.622
3/6/06,24.892
3/7/06,0.508
3/8/06,63.5
3/9/06,0
3/10/06,0
3/11/06,0
3/12/06,0
3/13/06,0
3/14/06,0
3/15/06,0
3/16/06,0
3/17/06,0
3/18/06,50.546
3/19/06,0
3/20/06,0.254
3/21/06,0
3/22/06,1.016
3/23/06,8.382
3/24/06,19.812
3/25/06,6.604
3/26/06,0
3/27/06,8.128
3/28/06,20.828
3/29/06,0.762
3/30/06,22.352
3/31/06,32.766
4/1/06,8.128
4/2/06,12.192
4/3/06,18.796
4/4/06,0.254
4/5/06,1.778
4/6/06,0
4/7/06,5.588
4/8/06,23.876
4/9/06,4.572
4/10/06,3.556
4/11/06,40.132
4/12/06,20.32
4/13/06,0
4/14/06,0
4/15/06,13.462
4/16/06,0
4/17/06,0
4/18/06,0
4/19/06,0
4/20/06,0
4/21/06,0
4/22/06,0.254
4/23/06,0
4/24/06,0
4/25/06,0
4/26/06,0
4/27/06,0
4/28/06,0
4/29/06,0
4/30/06,0
5/1/06,0
5/2/06,0
5/3/06,0
5/4/06,0
5/5/06,0
5/6/06,0
5/7/06,0
5/8/06,0
5/9/06,0
5/10/06,0
5/11/06,0
5/12/06,0
5/13/06,0
5/14/06,0
5/15/06,0
5/16/06,0
5/17/06,0
5/18/06,0
5/19/06,0
5/20/06,18.288
5/21/06,1.016
5/22/06,11.43
5/23/06,2.032
5/24/06,0
5/25/06,0
5/26/06,0
5/27/06,0
5/28/06,0
5/29/06,0
5/30/06,0
5/31/06,0
6/1/06,0.254
6/2/06,4.318
6/3/06,0
6/4/06,0
6/5/06,0
6/6/06,0
6/7/06,0
6/8/06,0
6/9/06,0
6/10/06,0
6/11/06,0
6/12/06,1.524
6/13/06,5.842
6/14/06,0.254
6/15/06,0
6/16/06,0
6/17/06,0
6/18/06,0
6/19/06,0
6/20/06,0.254
6/21/06,0
6/22/06,0
6/23/06,0
6/24/06,0
6/25/06,0
6/26/06,0
6/27/06,18.796
6/28/06,0.762
6/29/06,0.762
6/30/06,0
7/1/06,0
7/2/06,0
7/3/06,0
7/4/06,0
7/5/06,0
7/6/06,0
7/7/06,0
7/8/06,0
7/9/06,0
7/10/06,0
7/11/06,0
7/12/06,0
7/13/06,0
7/14/06,0
7/15/06,0
7/16/06,0
7/17/06,0
7/18/06,0
7/19/06,0
7/20/06,0
7/21/06,0
7/22/06,0
7/23/06,0
7/24/06,0
7/25/06,0
7/26/06,0
7/27/06,0
7/28/06,0
7/29/06,0
7/30/06,0
7/31/06,0
8/1/06,0.508
8/2/06,0
8/3/06,0
8/4/06,0
8/5/06,0
8/6/06,0
8/7/06,0
8/8/06,0
8/9/06,0
8/10/06,0
8/11/06,0
8/12/06,0
8/13/06,0
8/14/06,0
8/15/06,0
8/16/06,0
8/17/06,0
8/18/06,0
8/19/06,0
8/20/06,0
8/21/06,0
8/22/06,2.794
8/23/06,0
8/24/06,0
8/25/06,0
8/26/06,0
8/27/06,0
8/28/06,0
8/29/06,0
8/30/06,0
8/31/06,0
9/1/06,0
9/2/06,0
9/3/06,0
9/4/06,0
9/5/06,0
9/6/06,0
9/7/06,0
9/8/06,0
9/9/06,0
9/10/06,0
9/11/06,0
9/12/06,0
9/13/06,0
9/14/06,0
9/15/06,0
9/16/06,0
9/17/06,0
9/18/06,0
9/19/06,0
9/20/06,0
9/21/06,0
9/22/06,0
9/23/06,0
9/24/06,0
9/25/06,1.016
9/26/06,0
9/27/06,0
9/28/06,0
9/29/06,0
9/30/06,#VALUE!
10/1/06,#VALUE!
10/2/06,0
10/3/06,0
10/4/06,1.016
10/5/06,0
10/6/06,0
10/7/06,0
10/8/06,0
10/9/06,0
10/10/06,0
10/11/06,0
10/12/06,0
10/13/06,0
10/14/06,0
10/15/06,0
10/16/06,1.016
10/17/06,0
10/18/06,0
10/19/06,0
10/20/06,0
10/21/06,0
10/22/06,0
10/23/06,0
10/24/06,0
10/25/06,0
10/26/06,0
10/27/06,0
10/28/06,0
10/29/06,0
10/30/06,0
10/31/06,0
11/1/06,0.762
11/2/06,6.35
11/3/06,5.588
11/4/06,0
11/5/06,0
11/6/06,0
11/7/06,2.286
11/8/06,0
11/9/06,0
11/10/06,1.016
11/11/06,6.35
11/12/06,8.636
11/13/06,15.494
11/14/06,1.016
11/15/06,7.62
11/16/06,1.778
11/17/06,0
11/18/06,0
11/19/06,1.016
11/20/06,4.064
11/21/06,1.016
11/22/06,4.826
11/23/06,0
11/24/06,0
11/25/06,0
11/26/06,11.684
11/27/06,2.032
11/28/06,0
11/29/06,0
11/30/06,0
12/1/06,0
12/2/06,0
12/3/06,0
12/4/06,0
12/5/06,0
12/6/06,0
12/7/06,0
12/8/06,7.112
12/9/06,32.004
12/10/06,3.048
12/11/06,30.226
12/12/06,8.382
12/13/06,15.24
12/14/06,5.842
12/15/06,0.762
12/16/06,0
12/17/06,0
12/18/06,0
12/19/06,0
12/20/06,0
12/21/06,5.334
12/22/06,0.762
12/23/06,0
12/24/06,0.762
12/25/06,6.604
12/26/06,68.072
12/27/06,14.478
12/28/06,0
12/29/06,0
12/30/06,0
12/31/06,0
1/1/07,0.254
1/2/07,0
1/3/07,12.192
1/4/07,3.556
1/5/07,0
1/6/07,0.254
1/7/07,0
1/8/07,0
1/9/07,0
1/10/07,0
1/11/07,0
1/12/07,0
1/13/07,0.254
1/14/07,0.254
1/15/07,0
1/16/07,0.508
1/17/07,0.508
1/18/07,0
1/19/07,0.254
1/20/07,0
1/21/07,0
1/22/07,0.254
1/23/07,0.254
1/24/07,0.254
1/25/07,0
1/26/07,0
1/27/07,0
1/28/07,0
1/29/07,0
1/30/07,0
1/31/07,0
2/1/07,0
2/2/07,0
2/3/07,0
2/4/07,0.254
2/5/07,1.27
2/6/07,0
2/7/07,28.448
2/8/07,25.654
2/9/07,2.032
2/10/07,38.354
2/11/07,0.508
2/12/07,0.762
2/13/07,0.508
2/14/07,0
2/15/07,0.254
2/16/07,0
2/17/07,0
2/18/07,0
2/19/07,1.778
2/20/07,1.524
2/21/07,65.278
2/22/07,16.764
2/23/07,0
2/24/07,9.144
2/25/07,4.826
2/26/07,0.762
2/27/07,8.636
2/28/07,0.508
3/1/07,0.254
3/2/07,0.254
3/3/07,0
3/4/07,0
3/5/07,0
3/6/07,0
3/7/07,6.096
3/8/07,0
3/9/07,0
3/10/07,0
3/11/07,0
3/12/07,0
3/13/07,0
3/14/07,0
3/15/07,0.508
3/16/07,0.508
3/17/07,0
3/18/07,0
3/19/07,12.7
3/20/07,3.556
3/21/07,0
3/22/07,0
3/23/07,0
3/24/07,0
3/25/07,0
3/26/07,4.572
3/27/07,2.032
3/28/07,0
3/29/07,0
3/30/07,0
3/31/07,0
4/1/07,0
4/2/07,0
4/3/07,0
4/4/07,0
4/5/07,0
4/6/07,0
4/7/07,1.778
4/8/07,0
4/9/07,0
4/10/07,0
4/11/07,3.556
4/12/07,0
4/13/07,0
4/14/07,3.556
4/15/07,0
4/16/07,0
4/17/07,0.254
4/18/07,0
4/19/07,2.032
4/20/07,0
4/21/07,13.97
4/22/07,1.778
4/23/07,0
4/24/07,0
4/25/07,0
4/26/07,0
4/27/07,0
4/28/07,0
4/29/07,0
4/30/07,0
5/1/07,6.858
5/2/07,0.762
5/3/07,1.524
5/4/07,3.81
5/5/07,0
5/6/07,0
5/7/07,0
5/8/07,0
5/9/07,0
5/10/07,0
5/11/07,0
5/12/07,0
5/13/07,0
5/14/07,0
5/15/07,0
5/16/07,0
5/17/07,1.27
5/18/07,1.016
5/19/07,0
5/20/07,0
5/21/07,0
5/22/07,0
5/23/07,0.762
5/24/07,0.762
5/25/07,0.762
5/26/07,1.27
5/27/07,0
5/28/07,0
5/29/07,0
5/30/07,0
5/31/07,0.254
6/1/07,0
6/2/07,0
6/3/07,0.508
6/4/07,3.048
6/5/07,3.302
6/6/07,0
6/7/07,0.508
6/8/07,0.762
6/9/07,0
6/10/07,1.016
6/11/07,0.762
6/12/07,0.762
6/13/07,0.762
6/14/07,0.508
6/15/07,0.508
6/16/07,0
6/17/07,0.508
6/18/07,0
6/19/07,0.762
6/20/07,1.016
6/21/07,0.762
6/22/07,0
6/23/07,0
6/24/07,0
6/25/07,0
6/26/07,0
6/27/07,0.254
6/28/07,0
6/29/07,0
6/30/07,0
7/1/07,0
7/2/07,0
7/3/07,0.508
7/4/07,0.254
7/5/07,0
7/6/07,0.508
7/7/07,0
7/8/07,0
7/9/07,0
7/10/07,0
7/11/07,0
7/12/07,0.508
7/13/07,0
7/14/07,0.508
7/15/07,0.508
7/16/07,0
7/17/07,0
7/18/07,13.462
7/19/07,0
7/20/07,0
7/21/07,0
7/22/07,0
7/23/07,0.254
7/24/07,0
7/25/07,0.254
7/26/07,0.762
7/27/07,0
7/28/07,0
7/29/07,0
7/30/07,0
7/31/07,0
8/1/07,0
8/2/07,0
8/3/07,0
8/4/07,0
8/5/07,0
8/6/07,0
8/7/07,0
8/8/07,0
8/9/07,0
8/10/07,0
8/11/07,0
8/12/07,0
8/13/07,0
8/14/07,0.254
8/15/07,0.254
8/16/07,0.762
8/17/07,1.016
8/18/07,0
8/19/07,0.762
8/20/07,0
8/21/07,0
8/22/07,0
8/23/07,0
8/24/07,0.508
8/25/07,0
8/26/07,0
8/27/07,0
8/28/07,0
8/29/07,0
8/30/07,0
8/31/07,0
9/1/07,0
9/2/07,0
9/3/07,0
9/4/07,0
9/5/07,0
9/6/07,0
9/7/07,0
9/8/07,0
9/9/07,0
9/10/07,0
9/11/07,0
9/12/07,0
9/13/07,0
9/14/07,0
9/15/07,0.762
9/16/07,0
9/17/07,0
9/18/07,0
9/19/07,0
9/20/07,0
9/21/07,0
9/22/07,0.508
9/23/07,0.254
9/24/07,0
9/25/07,0
9/26/07,0.254
9/27/07,0
9/28/07,4.826
9/29/07,0
9/30/07,#VALUE!
10/1/07,#VALUE!
10/2/07,0
10/3/07,0
10/4/07,7.62
10/5/07,0.508
10/6/07,0
10/7/07,0.508
10/8/07,0
10/9/07,10.414
10/10/07,17.018
10/11/07,0.762
10/12/07,2.286
10/13/07,0
10/14/07,0
10/15/07,0.254
10/16/07,2.286
10/17/07,0.762
10/18/07,6.604
10/19/07,25.654
10/20/07,0
10/21/07,0
10/22/07,0
10/23/07,0
10/24/07,0
10/25/07,0
10/26/07,0
10/27/07,0
10/28/07,0
10/29/07,2.286
10/30/07,0.762
10/31/07,0
11/1/07,0
11/2/07,0
11/3/07,0
11/4/07,0
11/5/07,0
11/6/07,0
11/7/07,0
11/8/07,0
11/9/07,0
11/10/07,1.778
11/11/07,0
11/12/07,1.524
11/13/07,0
11/14/07,0
11/15/07,0
11/16/07,0
11/17/07,0
11/18/07,0
11/19/07,9.144
11/20/07,0
11/21/07,0
11/22/07,0
11/23/07,0
11/24/07,0
11/25/07,0
11/26/07,0
11/27/07,0.254
11/28/07,0
11/29/07,0
11/30/07,0
12/1/07,0
12/2/07,24.638
12/3/07,45.974
12/4/07,0.254
12/5/07,0
12/6/07,9.144
12/7/07,1.016
12/8/07,0
12/9/07,0
12/10/07,0
12/11/07,1.524
12/12/07,0
12/13/07,0
12/14/07,0
12/15/07,0
12/16/07,6.604
12/17/07,17.78
12/18/07,39.116
12/19/07,22.606
12/20/07,3.556
12/21/07,0
12/22/07,0
12/23/07,0
12/24/07,3.048
12/25/07,0
12/26/07,0
12/27/07,0.508
12/28/07,1.524
12/29/07,1.016
12/30/07,0.508
12/31/07,0
1/1/08,0
1/2/08,0
1/3/08,43.18
1/4/08,63.754
1/5/08,11.938
1/6/08,3.556
1/7/08,2.032
1/8/08,13.97
1/9/08,4.826
1/10/08,3.048
1/11/08,0.762
1/12/08,4.318
1/13/08,0
1/14/08,0
1/15/08,0
1/16/08,0
1/17/08,0.254
1/18/08,0
1/19/08,0
1/20/08,0.508
1/21/08,0
1/22/08,0
1/23/08,0
1/24/08,8.636
1/25/08,12.192
1/26/08,25.654
1/27/08,20.828
1/28/08,0.508
1/29/08,5.588
1/30/08,0
1/31/08,22.098
2/1/08,4.826
2/2/08,20.32
2/3/08,3.556
2/4/08,1.016
2/5/08,0
2/6/08,0
2/7/08,0
2/8/08,0
2/9/08,0
2/10/08,0
2/11/08,0
2/12/08,0
2/13/08,0
2/14/08,0
2/15/08,0
2/16/08,0
2/17/08,0
2/18/08,0
2/19/08,0.762
2/20/08,0.254
2/21/08,9.906
2/22/08,2.286
2/23/08,12.192
2/24/08,36.068
2/25/08,2.032
2/26/08,0
2/27/08,0.254
2/28/08,0
2/29/08,0
3/1/08,0
3/2/08,0
3/3/08,0
3/4/08,0
3/5/08,0
3/6/08,0
3/7/08,0
3/8/08,0
3/9/08,0
3/10/08,0
3/11/08,0
3/12/08,1.016
3/13/08,0
3/14/08,0.508
3/15/08,1.778
3/16/08,0
3/17/08,0
3/18/08,0
3/19/08,0
3/20/08,0
3/21/08,0
3/22/08,0
3/23/08,0
3/24/08,0
3/25/08,0
3/26/08,0.762
3/27/08,0
3/28/08,0
3/29/08,0
3/30/08,0
3/31/08,0
4/1/08,0
4/2/08,0.254
4/3/08,0
4/4/08,0
4/5/08,0
4/6/08,0
4/7/08,0
4/8/08,0
4/9/08,0
4/10/08,0
4/11/08,0
4/12/08,0
4/13/08,0
4/14/08,0
4/15/08,0
4/16/08,0
4/17/08,0
4/18/08,0
4/19/08,0
4/20/08,1.016
4/21/08,0
4/22/08,11.684
4/23/08,0.254
4/24/08,0
4/25/08,0
4/26/08,0
4/27/08,0
4/28/08,0
4/29/08,0
4/30/08,0
5/1/08,0
5/2/08,0
5/3/08,0
5/4/08,0
5/5/08,0
5/6/08,0
5/7/08,0
5/8/08,0
5/9/08,0
5/10/08,0
5/11/08,0
5/12/08,0
5/13/08,0
5/14/08,0
5/15/08,0
5/16/08,0
5/17/08,0
5/18/08,0
5/19/08,0
5/20/08,0
5/21/08,0
5/22/08,0
5/23/08,0.508
5/24/08,8.128
5/25/08,1.016
5/26/08,0.762
5/27/08,6.35
5/28/08,3.81
5/29/08,3.556
5/30/08,0
5/31/08,0
6/1/08,0
6/2/08,0
6/3/08,0
6/4/08,0
6/5/08,0
6/6/08,0
6/7/08,0
6/8/08,0
6/9/08,0
6/10/08,0
6/11/08,0
6/12/08,0
6/13/08,0
6/14/08,0
6/15/08,0
6/16/08,0
6/17/08,0
6/18/08,0
6/19/08,0
6/20/08,0
6/21/08,0
6/22/08,0
6/23/08,0
6/24/08,0
6/25/08,0
6/26/08,0
6/27/08,0
6/28/08,0
6/29/08,0
6/30/08,0
7/1/08,0
7/2/08,0
7/3/08,0
7/4/08,0
7/5/08,0
7/6/08,0
7/7/08,0
7/8/08,0
7/9/08,0
7/10/08,0
7/11/08,0
7/12/08,0
7/13/08,0
7/14/08,0
7/15/08,0
7/16/08,0
7/17/08,0
7/18/08,0
7/19/08,0
7/20/08,0
7/21/08,0
7/22/08,0
7/23/08,0
7/24/08,0
7/25/08,0
7/26/08,0
7/27/08,0
7/28/08,0
7/29/08,0
7/30/08,0
7/31/08,0
8/1/08,0
8/2/08,0
8/3/08,0
8/4/08,0
8/5/08,0
8/6/08,3.556
8/7/08,0
8/8/08,0
8/9/08,0
8/10/08,0
8/11/08,0
8/12/08,0
8/13/08,0
8/14/08,0
8/15/08,0
8/16/08,0
8/17/08,0
8/18/08,0
8/19/08,0
8/20/08,0
8/21/08,0
8/22/08,0
8/23/08,0
8/24/08,0
8/25/08,0
8/26/08,0
8/27/08,0
8/28/08,0
8/29/08,0
8/30/08,0
8/31/08,0
9/1/08,0
9/2/08,0
9/3/08,0
9/4/08,0
9/5/08,0
9/6/08,0
9/7/08,0
9/8/08,0
9/9/08,0
9/10/08,0
9/11/08,0
9/12/08,0
9/13/08,0
9/14/08,0
9/15/08,0
9/16/08,0
9/17/08,0
9/18/08,0
9/19/08,0
9/20/08,0
9/21/08,0
9/22/08,0
9/23/08,0
9/24/08,0
9/25/08,0
9/26/08,0
9/27/08,0
9/28/08,0
9/29/08,0
9/30/08,0
10/1/08,0
10/2/08,0.762
10/3/08,1.524
10/4/08,19.558
10/5/08,2.032
10/6/08,0
10/7/08,0
10/8/08,0
10/9/08,0
10/10/08,0.254
10/11/08,0
10/12/08,0
10/13/08,0
10/14/08,0
10/15/08,0
10/16/08,0
10/17/08,0
10/18/08,0
10/19/08,0
10/20/08,0
10/21/08,0
10/22/08,0
10/23/08,0
10/24/08,0
10/25/08,0
10/26/08,0
10/27/08,0
10/28/08,0
10/29/08,0
10/30/08,0
10/31/08,37.846
11/1/08,65.786
11/2/08,0.508
11/3/08,30.734
11/4/08,0
11/5/08,4.572
11/6/08,0
11/7/08,0
11/8/08,17.272
11/9/08,0
11/10/08,0
11/11/08,3.81
11/12/08,0
11/13/08,0
11/14/08,0
11/15/08,0
11/16/08,0
11/17/08,0
11/18/08,0
11/19/08,0
11/20/08,0.762
11/21/08,0
11/22/08,0
11/23/08,0
11/24/08,0
11/25/08,0
11/26/08,0
11/27/08,0
11/28/08,0
11/29/08,0
11/30/08,0
12/1/08,0
12/2/08,0
12/3/08,0
12/4/08,0
12/5/08,0
12/6/08,0
12/7/08,0
12/8/08,0
12/9/08,0
12/10/08,0
12/11/08,0
12/12/08,0
12/13/08,0
12/14/08,2.032
12/15/08,1.524
12/16/08,0
12/17/08,0
12/18/08,70.612
12/19/08,0
12/20/08,0
12/21/08,0
12/22/08,0.254
12/23/08,1.27
12/24/08,13.97
12/25/08,6.604
12/26/08,0.762
12/27/08,0
12/28/08,2.032
12/29/08,1.016
12/30/08,0
12/31/08,0
1/1/09,0.508
1/2/09,4.064
1/3/09,0
1/4/09,0
1/5/09,0
1/6/09,1.524
1/7/09,0
1/8/09,0
1/9/09,0
1/10/09,0.254
1/11/09,0
1/12/09,0
1/13/09,0
1/14/09,0
1/15/09,0
1/16/09,0
1/17/09,0
1/18/09,0
1/19/09,0
1/20/09,0
1/21/09,0.254
1/22/09,5.842
1/23/09,0
1/24/09,3.048
1/25/09,3.81
1/26/09,0
1/27/09,0
1/28/09,0.254
1/29/09,0
1/30/09,0
1/31/09,0
2/1/09,0
2/2/09,0
2/3/09,0
2/4/09,0
2/5/09,36.83
2/6/09,13.208
2/7/09,0
2/8/09,1.27
2/9/09,0
2/10/09,4.826
2/11/09,12.7
2/12/09,7.366
2/13/09,18.034
2/14/09,16.256
2/15/09,34.798
2/16/09,13.97
2/17/09,5.588
2/18/09,0
2/19/09,0.508
2/20/09,0.762
2/21/09,0.762
2/22/09,44.196
2/23/09,24.384
2/24/09,0
2/25/09,0.508
2/26/09,0.254
2/27/09,0
2/28/09,1.27
3/1/09,84.582
3/2/09,55.118
3/3/09,20.066
3/4/09,14.478
3/5/09,0
3/6/09,0
3/7/09,0
3/8/09,0
3/9/09,0
3/10/09,0
3/11/09,0
3/12/09,0
3/13/09,0
3/14/09,0
3/15/09,6.096
3/16/09,4.826
3/17/09,0
3/18/09,0
3/19/09,0
3/20/09,0
3/21/09,9.652
3/22/09,3.302
3/23/09,0
3/24/09,0
3/25/09,0
3/26/09,0
3/27/09,0
3/28/09,0
3/29/09,0
3/30/09,0
3/31/09,0
4/1/09,0
4/2/09,0
4/3/09,0.254
4/4/09,0
4/5/09,0
4/6/09,0
4/7/09,0
4/8/09,0.508
4/9/09,3.302
4/10/09,2.032
4/11/09,0
4/12/09,0
4/13/09,0
4/14/09,0.254
4/15/09,0.254
4/16/09,0
4/17/09,0
4/18/09,0
4/19/09,0
4/20/09,0
4/21/09,0
4/22/09,0
4/23/09,0
4/24/09,4.572
4/25/09,0
4/26/09,0
4/27/09,0
4/28/09,0.508
4/29/09,0.254
4/30/09,0
5/1/09,11.176
5/2/09,13.97
5/3/09,11.43
5/4/09,27.178
5/5/09,0
5/6/09,1.016
5/7/09,0
5/8/09,0
5/9/09,0
5/10/09,0
5/11/09,0
5/12/09,0
5/13/09,0
5/14/09,0
5/15/09,0
5/16/09,0
5/17/09,0
5/18/09,0
5/19/09,0
5/20/09,0
5/21/09,0
5/22/09,0
5/23/09,0
5/24/09,0
5/25/09,0
5/26/09,0
5/27/09,0
5/28/09,0
5/29/09,0
5/30/09,0
5/31/09,0
6/1/09,0
6/2/09,0.762
6/3/09,1.778
6/4/09,19.812
6/5/09,12.954
6/6/09,3.048
6/7/09,0
6/8/09,0
6/9/09,0
6/10/09,5.588
6/11/09,17.526
6/12/09,0
6/13/09,0
6/14/09,0
6/15/09,0
6/16/09,0
6/17/09,0
6/18/09,0
6/19/09,0
6/20/09,0
6/21/09,0
6/22/09,0
6/23/09,0
6/24/09,0
6/25/09,0
6/26/09,0
6/27/09,0
6/28/09,0
6/29/09,0
6/30/09,0
7/1/09,0
7/2/09,0
7/3/09,0
7/4/09,0
7/5/09,0
7/6/09,0
7/7/09,0
7/8/09,0
7/9/09,0
7/10/09,0
7/11/09,0
7/12/09,0
7/13/09,0
7/14/09,0
7/15/09,0
7/16/09,0
7/17/09,0
7/18/09,0
7/19/09,0
7/20/09,0
7/21/09,0
7/22/09,0
7/23/09,0
7/24/09,0
7/25/09,0
7/26/09,0
7/27/09,0
7/28/09,0
7/29/09,0
7/30/09,0
7/31/09,0
8/1/09,0
8/2/09,1.016
8/3/09,0
8/4/09,0
8/5/09,0
8/6/09,9.144
8/7/09,0
8/8/09,0
8/9/09,0
8/10/09,0
8/11/09,0
8/12/09,0
8/13/09,0
8/14/09,0
8/15/09,0
8/16/09,0
8/17/09,0
8/18/09,0
8/19/09,0
8/20/09,0
8/21/09,0
8/22/09,0
8/23/09,0
8/24/09,0
8/25/09,0
8/26/09,0
8/27/09,0
8/28/09,0
8/29/09,0
8/30/09,0
8/31/09,0
9/1/09,0
9/2/09,0
9/3/09,0
9/4/09,0
9/5/09,0
9/6/09,0
9/7/09,0
9/8/09,0
9/9/09,0
9/10/09,0
9/11/09,0
9/12/09,0
9/13/09,0
9/14/09,2.54
9/15/09,0
9/16/09,0
9/17/09,0
9/18/09,0
9/19/09,0
9/20/09,0
9/21/09,0
9/22/09,0
9/23/09,0
9/24/09,0
9/25/09,0
9/26/09,0
9/27/09,0
9/28/09,0
9/29/09,3.81
9/30/09,#VALUE!
10/1/09,#VALUE!
10/2/09,0
10/3/09,0
10/4/09,0.508
10/5/09,0
10/6/09,0
10/7/09,0
10/8/09,0
10/9/09,0
10/10/09,0
10/11/09,0
10/12/09,3.302
10/13/09,84.582
10/14/09,9.906
10/15/09,0
10/16/09,0
10/17/09,0
10/18/09,0
10/19/09,0
10/20/09,0
10/21/09,0
10/22/09,0
10/23/09,0
10/24/09,0
10/25/09,0
10/26/09,0
10/27/09,0
10/28/09,0
10/29/09,0.508
10/30/09,0
10/31/09,0
11/1/09,0
11/2/09,0
11/3/09,0
11/4/09,0
11/5/09,7.112
11/6/09,4.572
11/7/09,0
11/8/09,0
11/9/09,2.794
11/10/09,0
11/11/09,1.27
11/12/09,0
11/13/09,0
11/14/09,0
11/15/09,0
11/16/09,0
11/17/09,4.826
11/18/09,0
11/19/09,0
11/20/09,12.192
11/21/09,0
11/22/09,2.032
11/23/09,0
11/24/09,0
11/25/09,0
11/26/09,0
11/27/09,5.588
11/28/09,0
11/29/09,0
11/30/09,0
12/1/09,0
12/2/09,0
12/3/09,0
12/4/09,0
12/5/09,0
12/6/09,2.794
12/7/09,0
12/8/09,0
12/9/09,0
12/10/09,0
12/11/09,9.652
12/12/09,8.89
12/13/09,0
12/14/09,4.064
12/15/09,50.8
12/16/09,3.302
12/17/09,0
12/18/09,0
12/19/09,0
12/20/09,10.922
12/21/09,5.842
12/22/09,0
12/23/09,0
12/24/09,0
12/25/09,0
12/26/09,0.508
12/27/09,1.778
12/28/09,0
12/29/09,4.572
12/30/09,0.254
12/31/09,7.62
1/1/10,13.97
1/2/10,0
1/3/10,0
1/4/10,0
1/5/10,0
1/6/10,1.27
1/7/10,0
1/8/10,2.286
1/9/10,0.762
1/10/10,0
1/11/10,1.524
1/12/10,65.786
1/13/10,6.858
1/14/10,0
1/15/10,0
1/16/10,0
1/17/10,30.48
1/18/10,68.834
1/19/10,25.4
1/20/10,25.4
1/21/10,38.1
1/22/10,2.286
1/23/10,3.048
1/24/10,8.382
1/25/10,20.066
1/26/10,3.302
1/27/10,0
1/28/10,0
1/29/10,0.254
1/30/10,2.032
1/31/10,0.254
2/1/10,0.254
2/2/10,1.524
2/3/10,4.572
2/4/10,49.022
2/5/10,10.922
2/6/10,16.002
2/7/10,0
2/8/10,0.762
2/9/10,1.778
2/10/10,0.508
2/11/10,8.636
2/12/10,3.048
2/13/10,0
2/14/10,0.508
2/15/10,0
2/16/10,0
2/17/10,0
2/18/10,0
2/19/10,0
2/20/10,0
2/21/10,0
2/22/10,0
2/23/10,10.922
2/24/10,5.842
2/25/10,0
2/26/10,61.468
2/27/10,0.254
2/28/10,0
3/1/10,0
3/2/10,36.83
3/3/10,22.352
3/4/10,0
3/5/10,0
3/6/10,0
3/7/10,0
3/8/10,1.524
3/9/10,1.524
3/10/10,0
3/11/10,0
3/12/10,22.352
3/13/10,0
3/14/10,0
3/15/10,0
3/16/10,0
3/17/10,0
3/18/10,0
3/19/10,0
3/20/10,0
3/21/10,0
3/22/10,0
3/23/10,0
3/24/10,7.366
3/25/10,1.016
3/26/10,0
3/27/10,0
3/28/10,1.016
3/29/10,10.16
3/30/10,1.27
3/31/10,0
4/1/10,0
4/2/10,11.43
4/3/10,0.762
4/4/10,28.448
4/5/10,8.128
4/6/10,0
4/7/10,0
4/8/10,0
4/9/10,0
4/10/10,3.556
4/11/10,18.288
4/12/10,22.606
4/13/10,0.254
4/14/10,6.35
4/15/10,0
4/16/10,0
4/17/10,0
4/18/10,0
4/19/10,0
4/20/10,25.4
4/21/10,15.24
4/22/10,0
4/23/10,0
4/24/10,0
4/25/10,0
4/26/10,5.334
4/27/10,23.114
4/28/10,1.524
4/29/10,2.794
4/30/10,0
5/1/10,0
5/2/10,0
5/3/10,0
5/4/10,0
5/5/10,0
5/6/10,0
5/7/10,0
5/8/10,1.016
5/9/10,6.858
5/10/10,7.366
5/11/10,1.016
5/12/10,0
5/13/10,0
5/14/10,0
5/15/10,0
5/16/10,0
5/17/10,0
5/18/10,0.254
5/19/10,1.778
5/20/10,0
5/21/10,0
5/22/10,10.922
5/23/10,0.254
5/24/10,0
5/25/10,17.272
5/26/10,6.858
5/27/10,7.62
5/28/10,0
5/29/10,0
5/30/10,0
5/31/10,0.508
6/1/10,0
6/2/10,1.016
6/3/10,0.762
6/4/10,8.89
6/5/10,0
6/6/10,0
6/7/10,0
6/8/10,0
6/9/10,0
6/10/10,0
6/11/10,0
6/12/10,0
6/13/10,0
6/14/10,0
6/15/10,0
6/16/10,0
6/17/10,0
6/18/10,0
6/19/10,0
6/20/10,0
6/21/10,0
6/22/10,0
6/23/10,0
6/24/10,0
6/25/10,0
6/26/10,0
6/27/10,0
6/28/10,0
6/29/10,0
6/30/10,0.254
7/1/10,0
7/2/10,0
7/3/10,0
7/4/10,0
7/5/10,0
7/6/10,0
7/7/10,0
7/8/10,1.778
7/9/10,0
7/10/10,0
7/11/10,0
7/12/10,0
7/13/10,0
7/14/10,0
7/15/10,0
7/16/10,0
7/17/10,0
7/18/10,0
7/19/10,0
7/20/10,0
7/21/10,0.254
7/22/10,0
7/23/10,0
7/24/10,0
7/25/10,0
7/26/10,0
7/27/10,0
7/28/10,0
7/29/10,0
7/30/10,0
7/31/10,0
8/1/10,0.254
8/2/10,0
8/3/10,0
8/4/10,0
8/5/10,0
8/6/10,0
8/7/10,0
8/8/10,0
8/9/10,0
8/10/10,0
8/11/10,0
8/12/10,0
8/13/10,0
8/14/10,0
8/15/10,0
8/16/10,0
8/17/10,0
8/18/10,0
8/19/10,0
8/20/10,0
8/21/10,0
8/22/10,0
8/23/10,0
8/24/10,0
8/25/10,0.254
8/26/10,0
8/27/10,0
8/28/10,0
8/29/10,0
8/30/10,1.524
8/31/10,0
9/1/10,0
9/2/10,0
9/3/10,0
9/4/10,0
9/5/10,0
9/6/10,0
9/7/10,0
9/8/10,0.254
9/9/10,0
9/10/10,0
9/11/10,0
9/12/10,0
9/13/10,0
9/14/10,0
9/15/10,0
9/16/10,0
9/17/10,0
9/18/10,18.288
9/19/10,8.128
9/20/10,0
9/21/10,0
9/22/10,0
9/23/10,0
9/24/10,0
9/25/10,0
9/26/10,0
9/27/10,0
9/28/10,0
9/29/10,0
9/30/10,#VALUE!
10/1/10,#VALUE!
10/2/10,0
10/3/10,0
10/4/10,0
10/5/10,0
10/6/10,0
10/7/10,1.524
10/8/10,0
10/9/10,0
10/10/10,0
10/11/10,0
10/12/10,0
10/13/10,0
10/14/10,0
10/15/10,0
10/16/10,0
10/17/10,0
10/18/10,0
10/19/10,0
10/20/10,0
10/21/10,0
10/22/10,0.508
10/23/10,21.082
10/24/10,45.72
10/25/10,0
10/26/10,0.254
10/27/10,6.096
10/28/10,30.48
10/29/10,10.922
10/30/10,1.524
10/31/10,1.778
11/1/10,0
11/2/10,0
11/3/10,0
11/4/10,0.254
11/5/10,0
11/6/10,0.762
11/7/10,19.05
11/8/10,0
11/9/10,2.286
11/10/10,0.762
11/11/10,0
11/12/10,0
11/13/10,0
11/14/10,0
11/15/10,0
11/16/10,0
11/17/10,0
11/18/10,1.016
11/19/10,1.016
11/20/10,24.13
11/21/10,10.668
11/22/10,2.794
11/23/10,0.762
11/24/10,0
11/25/10,0
11/26/10,0.762
11/27/10,9.144
11/28/10,0
11/29/10,0
11/30/10,0.254
12/1/10,0
12/2/10,18.288
12/3/10,1.778
12/4/10,6.35
12/5/10,28.702
12/6/10,19.812
12/7/10,0
12/8/10,10.16
12/9/10,4.318
12/10/10,1.27
12/11/10,0.254
12/12/10,0
12/13/10,8.89
12/14/10,10.922
12/15/10,0
12/16/10,0
12/17/10,12.7
12/18/10,7.874
12/19/10,8.89
12/20/10,29.464
12/21/10,44.704
12/22/10,12.446
12/23/10,0
12/24/10,0
12/25/10,27.178
12/26/10,7.874
12/27/10,0
12/28/10,27.686
12/29/10,1.27
12/30/10,1.016
12/31/10,1.778
1/1/11,1.27
1/2/11,0
1/3/11,0
1/4/11,0
1/5/11,0.254
1/6/11,0
1/7/11,0
1/8/11,0
1/9/11,0
1/10/11,0
1/11/11,1.27
1/12/11,0.508
1/13/11,7.366
1/14/11,0
1/15/11,0
1/16/11,0
1/17/11,0.508
1/18/11,0
1/19/11,0
1/20/11,0
1/21/11,0
1/22/11,0
1/23/11,0
1/24/11,0
1/25/11,0
1/26/11,0
1/27/11,0
1/28/11,0
1/29/11,3.048
1/30/11,0.508
1/31/11,0
2/1/11,0
2/2/11,0
2/3/11,0
2/4/11,0
2/5/11,0
2/6/11,0
2/7/11,0
2/8/11,0
2/9/11,0
2/10/11,0
2/11/11,0
2/12/11,0
2/13/11,0
2/14/11,19.812
2/15/11,65.278
2/16/11,1.778
2/17/11,17.018
2/18/11,3.302
2/19/11,4.064
2/20/11,0
2/21/11,0.508
2/22/11,0
2/23/11,0
2/24/11,0.762
2/25/11,0
2/26/11,0
2/27/11,0
2/28/11,1.778
3/1/11,2.54
3/2/11,20.828
3/3/11,1.016
3/4/11,0
3/5/11,3.556
3/6/11,6.604
3/7/11,0.254
3/8/11,0
3/9/11,0
3/10/11,8.382
3/11/11,0
3/12/11,1.524
3/13/11,32.004
3/14/11,0.254
3/15/11,23.876
3/16/11,0.254
3/17/11,63.5
3/18/11,0
3/19/11,0
3/20/11,0
3/21/11,0
3/22/11,57.404
3/23/11,18.034
3/24/11,58.928
3/25/11,12.7
3/26/11,22.352
3/27/11,2.54
3/28/11,0
3/29/11,0
3/30/11,0
3/31/11,0
4/1/11,0
4/2/11,0
4/3/11,0
4/4/11,0
4/5/11,0
4/6/11,0
4/7/11,0
4/8/11,1.27
4/9/11,0
4/10/11,0
4/11/11,0
4/12/11,0.762
4/13/11,0.254
4/14/11,0
4/15/11,0
4/16/11,0
4/17/11,3.048
4/18/11,3.556
4/19/11,0
4/20/11,9.144
4/21/11,0.508
4/22/11,0
4/23/11,0.508
4/24/11,1.778
4/25/11,0
4/26/11,0
4/27/11,0
4/28/11,0
4/29/11,0
4/30/11,0
5/1/11,0
5/2/11,0
5/3/11,0
5/4/11,0
5/5/11,0
5/6/11,0
5/7/11,0
5/8/11,1.524
5/9/11,0
5/10/11,0
5/11/11,0
5/12/11,0
5/13/11,0
5/14/11,0
5/15/11,0.508
5/16/11,3.048
5/17/11,6.35
5/18/11,0
5/19/11,0
5/20/11,0
5/21/11,0
5/22/11,0.508
5/23/11,0
5/24/11,0
5/25/11,23.876
5/26/11,0
5/27/11,0.254
5/28/11,0.254
5/29/11,0.508
5/30/11,1.016
5/31/11,35.56
6/1/11,6.858
6/2/11,0
6/3/11,0.508
6/4/11,2.032
6/5/11,0.254
6/6/11,0
6/7/11,0
6/8/11,0
6/9/11,0
6/10/11,0
6/11/11,0
6/12/11,0
6/13/11,0
6/14/11,0
6/15/11,0
6/16/11,0
6/17/11,0
6/18/11,0
6/19/11,0
6/20/11,0
6/21/11,0
6/22/11,0
6/23/11,0
6/24/11,0
6/25/11,0
6/26/11,0
6/27/11,0
6/28/11,18.034
6/29/11,0
6/30/11,0
7/1/11,0
7/2/11,0
7/3/11,0
7/4/11,0
7/5/11,0
7/6/11,0
7/7/11,0
7/8/11,0
7/9/11,0
7/10/11,0
7/11/11,0
7/12/11,0
7/13/11,0
7/14/11,0
7/15/11,0
7/16/11,0
7/17/11,0
7/18/11,4.826
7/19/11,0
7/20/11,0
7/21/11,0
7/22/11,0
7/23/11,0
7/24/11,0
7/25/11,0
7/26/11,0
7/27/11,0
7/28/11,0
7/29/11,0
7/30/11,0
7/31/11,0
8/1/11,0
8/2/11,0
8/3/11,0
8/4/11,0
8/5/11,0
8/6/11,0
8/7/11,0
8/8/11,0
8/9/11,0
8/10/11,0
8/11/11,0
8/12/11,0
8/13/11,0
8/14/11,0
8/15/11,0
8/16/11,0
8/17/11,0
8/18/11,0
8/19/11,0
8/20/11,0
8/21/11,0
8/22/11,0
8/23/11,0
8/24/11,0
8/25/11,0
8/26/11,0
8/27/11,0
8/28/11,0
8/29/11,0
8/30/11,0
8/31/11,0
9/1/11,0
9/2/11,0
9/3/11,0
9/4/11,0
9/5/11,0
9/6/11,0
9/7/11,0
9/8/11,0
9/9/11,0
9/10/11,0
9/11/11,1.016
9/12/11,0.254
9/13/11,0
9/14/11,0
9/15/11,5.08
9/16/11,0
9/17/11,0
9/18/11,0
9/19/11,0
9/20/11,0
9/21/11,0
9/22/11,0
9/23/11,0
9/24/11,0
9/25/11,0
9/26/11,0
9/27/11,0
9/28/11,0
9/29/11,0
9/30/11,0
10/1/11,0
10/2/11,0
10/3/11,5.08
10/4/11,23.114
10/5/11,11.684
10/6/11,0.254
10/7/11,0
10/8/11,0
10/9/11,0
10/10/11,10.414
10/11/11,0
10/12/11,0
10/13/11,0
10/14/11,0
10/15/11,0
10/16/11,0
10/17/11,0
10/18/11,0.762
10/19/11,0
10/20/11,0
10/21/11,0
10/22/11,0
10/23/11,0
10/24/11,0
10/25/11,0
10/26/11,0
10/27/11,0
10/28/11,0
10/29/11,0
10/30/11,0
10/31/11,0
11/1/11,0
11/2/11,0
11/3/11,0
11/4/11,0
11/5/11,1.778
11/6/11,2.032
11/7/11,0
11/8/11,0
11/9/11,0
11/10/11,0
11/11/11,0
11/12/11,0
11/13/11,0
11/14/11,0
11/15/11,0
11/16/11,0
11/17/11,0.762
11/18/11,0.508
11/19/11,2.794
11/20/11,1.778
11/21/11,13.462
11/22/11,13.716
11/23/11,15.24
11/24/11,4.572
11/25/11,0
11/26/11,0
11/27/11,0
11/28/11,0
11/29/11,0
11/30/11,0
12/1/11,0
12/2/11,0
12/3/11,0
12/4/11,0
12/5/11,0
12/6/11,0
12/7/11,0
12/8/11,0
12/9/11,0
12/10/11,0
12/11/11,0
12/12/11,0
12/13/11,0
12/14/11,0.254
12/15/11,0.508
12/16/11,0
12/17/11,0
12/18/11,0
12/19/11,0
12/20/11,0
12/21/11,0
12/22/11,0
12/23/11,0
12/24/11,0
12/25/11,0
12/26/11,0
12/27/11,0
12/28/11,0
12/29/11,0.508
12/30/11,6.35
12/31/11,0
1/1/12,0
1/2/12,0
1/3/12,0
1/4/12,0
1/5/12,0
1/6/12,0
1/7/12,0
1/8/12,0
1/9/12,0
1/10/12,0
1/11/12,0
1/12/12,0
1/13/12,0
1/14/12,0
1/15/12,0
1/16/12,0
1/17/12,0
1/18/12,6.096
1/19/12,23.114
1/20/12,54.61
1/21/12,3.556
1/22/12,14.732
1/23/12,6.858
1/24/12,0.254
1/25/12,7.112
1/26/12,4.318
1/27/12,0
1/28/12,0
1/29/12,0
1/30/12,0
1/31/12,1.27
2/1/12,4.826
2/2/12,0
2/3/12,0
2/4/12,0
2/5/12,0
2/6/12,0
2/7/12,6.858
2/8/12,0.508
2/9/12,0
2/10/12,1.778
2/11/12,0.508
2/12/12,2.286
2/13/12,1.778
2/14/12,1.016
2/15/12,0
2/16/12,0
2/17/12,0
2/18/12,0
2/19/12,0
2/20/12,0
2/21/12,0
2/22/12,0
2/23/12,0
2/24/12,0
2/25/12,0
2/26/12,0.254
2/27/12,0
2/28/12,12.446
2/29/12,8.128
3/1/12,1.27
3/2/12,0
3/3/12,0
3/4/12,0
3/5/12,0
3/6/12,1.524
3/7/12,0
3/8/12,0
3/9/12,0
3/10/12,0
3/11/12,1.778
3/12/12,6.858
3/13/12,24.13
3/14/12,4.318
3/15/12,10.414
3/16/12,16.51
3/17/12,0
3/18/12,1.27
3/19/12,0
3/20/12,0
3/21/12,3.556
3/22/12,9.144
3/23/12,0
3/24/12,5.334
3/25/12,4.064
3/26/12,10.414
3/27/12,55.118
3/28/12,5.588
3/29/12,20.574
3/30/12,14.986
3/31/12,41.91
4/1/12,0.254
4/2/12,0
4/3/12,5.842
4/4/12,3.048
4/5/12,0.254
4/6/12,0
4/7/12,0
4/8/12,0
4/9/12,0
4/10/12,10.922
4/11/12,20.828
4/12/12,28.194
4/13/12,30.226
4/14/12,2.286
4/15/12,0
4/16/12,0
4/17/12,0
4/18/12,0
4/19/12,0
4/20/12,0
4/21/12,0
4/22/12,0
4/23/12,0
4/24/12,0
4/25/12,3.048
4/26/12,5.334
4/27/12,0
4/28/12,0
4/29/12,0
4/30/12,0
5/1/12,0
5/2/12,0
5/3/12,6.35
5/4/12,0
5/5/12,0
5/6/12,0
5/7/12,0
5/8/12,0
5/9/12,0
5/10/12,0
5/11/12,0
5/12/12,0
5/13/12,0
5/14/12,0
5/15/12,0
5/16/12,0
5/17/12,0
5/18/12,0
5/19/12,0
5/20/12,0
5/21/12,0
5/22/12,0
5/23/12,0
5/24/12,0
5/25/12,5.588
5/26/12,0
5/27/12,0
5/28/12,0
5/29/12,0
5/30/12,0
5/31/12,0
6/1/12,0.508
6/2/12,0
6/3/12,0
6/4/12,27.178
6/5/12,0.254
6/6/12,0
6/7/12,0
6/8/12,0
6/9/12,0
6/10/12,0
6/11/12,0
6/12/12,0
6/13/12,0
6/14/12,0
6/15/12,0
6/16/12,0
6/17/12,0
6/18/12,0
6/19/12,0
6/20/12,0
6/21/12,0
6/22/12,15.494
6/23/12,1.016
6/24/12,0
6/25/12,0
6/26/12,0
6/27/12,0
6/28/12,0
6/29/12,0
6/30/12,0
7/1/12,0
7/2/12,0
7/3/12,0
7/4/12,0
7/5/12,0
7/6/12,0
7/7/12,0
7/8/12,0
7/9/12,0
7/10/12,0
7/11/12,0
7/12/12,0
7/13/12,0
7/14/12,0
7/15/12,0
7/16/12,0
7/17/12,1.016
7/18/12,0
7/19/12,0
7/20/12,0
7/21/12,0
7/22/12,0
7/23/12,0
7/24/12,0
7/25/12,0
7/26/12,0
7/27/12,0
7/28/12,0
7/29/12,0
7/30/12,0
7/31/12,0
8/1/12,0
8/2/12,0
8/3/12,0
8/4/12,0
8/5/12,0
8/6/12,0
8/7/12,0
8/8/12,0
8/9/12,0
8/10/12,0
8/11/12,0
8/12/12,0
8/13/12,0
8/14/12,0
8/15/12,0
8/16/12,0
8/17/12,0
8/18/12,0
8/19/12,0
8/20/12,0
8/21/12,0
8/22/12,0
8/23/12,0
8/24/12,0
8/25/12,0
8/26/12,0
8/27/12,0
8/28/12,0
8/29/12,0
8/30/12,0
8/31/12,0
9/1/12,0
9/2/12,0
9/3/12,0
9/4/12,0
9/5/12,0
9/6/12,0
9/7/12,0
9/8/12,0
9/9/12,0
9/10/12,0
9/11/12,0
9/12/12,0
9/13/12,0
9/14/12,0
9/15/12,0
9/16/12,0
9/17/12,0
9/18/12,0
9/19/12,0
9/20/12,0
9/21/12,0
9/22/12,0
9/23/12,0
9/24/12,0
9/25/12,0
9/26/12,0
9/27/12,0
9/28/12,0
9/29/12,0
9/30/12,#VALUE!
10/1/12,#VALUE!
10/2/12,0
10/3/12,0
10/4/12,0
10/5/12,0
10/6/12,0
10/7/12,0
10/8/12,0
10/9/12,0
10/10/12,0
10/11/12,0
10/12/12,0
10/13/12,0
10/14/12,0
10/15/12,0
10/16/12,0
10/17/12,0
10/18/12,0
10/19/12,0
10/20/12,0
10/21/12,0
10/22/12,11.684
10/23/12,5.08
10/24/12,1.524
10/25/12,0
10/26/12,0
10/27/12,0
10/28/12,0
10/29/12,0
10/30/12,0
10/31/12,9.652
11/1/12,0.508
11/2/12,0
11/3/12,0
11/4/12,0
11/5/12,0
11/6/12,0
11/7/12,0
11/8/12,0.508
11/9/12,0
11/10/12,0
11/11/12,0
11/12/12,0
11/13/12,0
11/14/12,0
11/15/12,0
11/16/12,1.524
11/17/12,29.464
11/18/12,3.302
11/19/12,16.002
11/20/12,31.496
11/21/12,4.064
11/22/12,0
11/23/12,0
11/24/12,0
11/25/12,0
11/26/12,0
11/27/12,0
11/28/12,28.194
11/29/12,104.394
11/30/12,17.272
12/1/12,44.958
12/2/12,45.72
12/3/12,2.032
12/4/12,8.636
12/5/12,4.572
12/6/12,0
12/7/12,0
12/8/12,0
12/9/12,0
12/10/12,0
12/11/12,1.016
12/12/12,1.016
12/13/12,0
12/14/12,0
12/15/12,1.524
12/16/12,4.826
12/17/12,1.27
12/18/12,0
12/19/12,0
12/20/12,31.496
12/21/12,23.622
12/22/12,22.098
12/23/12,39.116
12/24/12,0.508
12/25/12,6.35
12/26/12,0.254
12/27/12,0
12/28/12,0.508
12/29/12,0
12/30/12,0.254
12/31/12,0
1/1/13,0
1/2/13,0
1/3/13,0
1/4/13,0
1/5/13,1.016
1/6/13,0.254
1/7/13,0
1/8/13,0
1/9/13,4.572
1/10/13,0.762
1/11/13,1.016
1/12/13,0
1/13/13,0
1/14/13,0
1/15/13,0
1/16/13,0
1/17/13,0
1/18/13,0
1/19/13,0
1/20/13,0
1/21/13,0
1/22/13,0
1/23/13,9.906
1/24/13,1.27
1/25/13,0.762
1/26/13,0
1/27/13,0
1/28/13,1.016
1/29/13,0
1/30/13,0
1/31/13,0
2/1/13,0
2/2/13,0
2/3/13,0
2/4/13,0
2/5/13,0
2/6/13,0
2/7/13,6.858
2/8/13,3.048
2/9/13,0
2/10/13,0
2/11/13,0
2/12/13,0
2/13/13,0
2/14/13,0
2/15/13,0
2/16/13,0
2/17/13,0
2/18/13,0
2/19/13,11.938
2/20/13,0.254
2/21/13,1.016
2/22/13,0
2/23/13,0
2/24/13,0
2/25/13,0
2/26/13,0
2/27/13,0
2/28/13,0
3/1/13,0
3/2/13,0
3/3/13,0
3/4/13,3.302
3/5/13,21.082
3/6/13,20.066
3/7/13,0.508
3/8/13,0
3/9/13,0
3/10/13,0
3/11/13,0
3/12/13,0
3/13/13,0
3/14/13,0
3/15/13,0
3/16/13,0
3/17/13,0
3/18/13,0
3/19/13,2.286
3/20/13,2.54
3/21/13,0
3/22/13,0
3/23/13,0
3/24/13,0
3/25/13,0
3/26/13,0
3/27/13,3.048
3/28/13,3.556
3/29/13,0
3/30/13,0
3/31/13,11.938
4/1/13,2.794
4/2/13,0
4/3/13,0
4/4/13,7.112
4/5/13,0.254
4/6/13,1.27
4/7/13,1.016
4/8/13,1.016
4/9/13,0
4/10/13,0.508
4/11/13,0
4/12/13,0
4/13/13,0
4/14/13,0
4/15/13,1.27
4/16/13,0.762
4/17/13,0
4/18/13,0
4/19/13,0
4/20/13,0
4/21/13,0
4/22/13,0
4/23/13,0
4/24/13,0
4/25/13,0
4/26/13,0
4/27/13,0
4/28/13,0
4/29/13,0
4/30/13,0
5/1/13,0
5/2/13,0.762
5/3/13,0
5/4/13,0
5/5/13,0
5/6/13,7.62
5/7/13,3.048
5/8/13,2.794
5/9/13,0
5/10/13,0
5/11/13,0
5/12/13,0
5/13/13,0
5/14/13,0
5/15/13,0
5/16/13,2.286
5/17/13,0
5/18/13,0
5/19/13,0
5/20/13,0
5/21/13,0
5/22/13,0
5/23/13,0
5/24/13,0
5/25/13,0
5/26/13,0
5/27/13,6.858
5/28/13,0
5/29/13,0
5/30/13,0
5/31/13,0
6/1/13,0
6/2/13,0
6/3/13,0
6/4/13,0
6/5/13,0
6/6/13,1.016
6/7/13,0
6/8/13,0
6/9/13,0
6/10/13,0
6/11/13,0
6/12/13,0
6/13/13,0
6/14/13,0
6/15/13,0
6/16/13,0
6/17/13,0
6/18/13,0
6/19/13,0
6/20/13,0
6/21/13,0
6/22/13,0
6/23/13,0
6/24/13,1.778
6/25/13,8.128
6/26/13,5.08
6/27/13,0
6/28/13,0
6/29/13,0.254
6/30/13,0
7/1/13,0
7/2/13,0.508
7/3/13,0
7/4/13,0
7/5/13,0
7/6/13,0
7/7/13,0
7/8/13,0
7/9/13,0
7/10/13,0
7/11/13,0
7/12/13,0
7/13/13,0
7/14/13,0
7/15/13,0.254
7/16/13,0
7/17/13,0
7/18/13,0
7/19/13,0
7/20/13,0
7/21/13,0
7/22/13,0
7/23/13,0
7/24/13,0
7/25/13,0
7/26/13,0
7/27/13,0.508
7/28/13,0
7/29/13,0
7/30/13,0
7/31/13,0
8/1/13,0
8/2/13,0
8/3/13,0
8/4/13,0
8/5/13,0
8/6/13,0
8/7/13,0
8/8/13,0
8/9/13,0
8/10/13,0
8/11/13,0
8/12/13,0
8/13/13,0
8/14/13,0
8/15/13,0
8/16/13,0
8/17/13,0
8/18/13,0
8/19/13,0
8/20/13,0
8/21/13,0
8/22/13,0
8/23/13,0
8/24/13,0
8/25/13,0
8/26/13,0
8/27/13,0
8/28/13,0
8/29/13,0
8/30/13,0
8/31/13,0
9/1/13,0
9/2/13,0
9/3/13,0
9/4/13,0
9/5/13,0
9/6/13,0
9/7/13,0
9/8/13,0
9/9/13,0
9/10/13,0
9/11/13,0
9/12/13,0
9/13/13,0
9/14/13,0
9/15/13,0
9/16/13,0
9/17/13,1.016
9/18/13,0
9/19/13,0
9/20/13,8.128
9/21/13,22.606
9/22/13,0
9/23/13,0
9/24/13,0
9/25/13,0.762
9/26/13,0
9/27/13,0
9/28/13,0
9/29/13,5.334
9/30/13,4.572
10/1/13,0
10/2/13,0
10/3/13,0
10/4/13,0
10/5/13,0
10/6/13,0
10/7/13,0
10/8/13,0
10/9/13,0.508
10/10/13,0
10/11/13,0
10/12/13,0.508
10/13/13,0
10/14/13,0
10/15/13,0
10/16/13,0
10/17/13,0
10/18/13,0
10/19/13,0
10/20/13,0
10/21/13,0
10/22/13,0
10/23/13,0
10/24/13,0
10/25/13,0
10/26/13,0
10/27/13,0
10/28/13,14.732
10/29/13,0
10/30/13,0.254
10/31/13,0
11/1/13,0
11/2/13,0
11/3/13,0
11/4/13,0
11/5/13,0
11/6/13,0
11/7/13,0
11/8/13,0
11/9/13,0
11/10/13,0
11/11/13,0
11/12/13,0
11/13/13,0
11/14/13,0
11/15/13,0
11/16/13,0
11/17/13,0
11/18/13,0.508
11/19/13,4.064
11/20/13,0.508
11/21/13,0
11/22/13,0
11/23/13,0
11/24/13,0
11/25/13,0
11/26/13,0
11/27/13,0
11/28/13,0
11/29/13,0
11/30/13,0
12/1/13,0
12/2/13,0.508
12/3/13,0
12/4/13,0
12/5/13,0
12/6/13,0
12/7/13,0
12/8/13,0
12/9/13,0
12/10/13,0
12/11/13,0
12/12/13,0
12/13/13,0
12/14/13,0
12/15/13,0
12/16/13,0
12/17/13,0
12/18/13,0
12/19/13,0
12/20/13,0
12/21/13,0
12/22/13,0
12/23/13,0
12/24/13,0
12/25/13,0.254
12/26/13,0
12/27/13,0
12/28/13,0
12/29/13,0
12/30/13,0
12/31/13,0
1/1/14,0
1/2/14,0
1/3/14,0
1/4/14,0
1/5/14,0
1/6/14,0
1/7/14,0
1/8/14,0
1/9/14,0
1/10/14,0
1/11/14,2.794
1/12/14,0
1/13/14,0
1/14/14,0
1/15/14,0
1/16/14,0
1/17/14,0
1/18/14,0
1/19/14,0
1/20/14,0
1/21/14,0
1/22/14,0
1/23/14,0
1/24/14,0
1/25/14,0
1/26/14,0
1/27/14,0
1/28/14,0
1/29/14,1.016
1/30/14,0
1/31/14,0
2/1/14,0
2/2/14,0
2/3/14,0
2/4/14,0
2/5/14,0
2/6/14,0.254
2/7/14,14.986
2/8/14,8.128
2/9/14,9.398
2/10/14,0
2/11/14,0
2/12/14,25.146
2/13/14,8.382
2/14/14,1.778
2/15/14,10.922
2/16/14,0
2/17/14,0
2/18/14,1.016
2/19/14,2.54
2/20/14,0
2/21/14,0
2/22/14,0
2/23/14,0
2/24/14,0
2/25/14,0
2/26/14,34.798
2/27/14,25.908
2/28/14,3.048
3/1/14,0
3/2/14,8.128
3/3/14,16.002
3/4/14,0
3/5/14,20.574
3/6/14,1.524
3/7/14,0
3/8/14,0
3/9/14,8.382
3/10/14,4.572
3/11/14,0
3/12/14,0
3/13/14,0
3/14/14,0
3/15/14,0
3/16/14,0
3/17/14,0.254
3/18/14,0
3/19/14,0
3/20/14,0
3/21/14,0
3/22/14,0
3/23/14,0
3/24/14,0
3/25/14,2.794
3/26/14,3.81
3/27/14,0
3/28/14,15.748
3/29/14,4.826
3/30/14,1.524
3/31/14,15.748
4/1/14,0.508
4/2/14,0
4/3/14,7.366
4/4/14,4.826
4/5/14,0
4/6/14,0
4/7/14,0
4/8/14,0
4/9/14,0
4/10/14,0
4/11/14,0
4/12/14,0
4/13/14,0
4/14/14,0
4/15/14,0
4/16/14,0
4/17/14,0
4/18/14,0
4/19/14,0
4/20/14,0
4/21/14,0
4/22/14,5.334
4/23/14,0
4/24/14,0
4/25/14,3.048
4/26/14,0
4/27/14,0
4/28/14,0
4/29/14,0
4/30/14,0
5/1/14,0
5/2/14,0
5/3/14,0
5/4/14,0
5/5/14,0.762
5/6/14,0
5/7/14,0
5/8/14,2.286
5/9/14,0
5/10/14,1.27
5/11/14,0
5/12/14,0
5/13/14,0
5/14/14,0
5/15/14,0
5/16/14,0
5/17/14,0
5/18/14,0.254
5/19/14,4.318
5/20/14,0.254
5/21/14,0
5/22/14,0
5/23/14,0
5/24/14,0
5/25/14,0
5/26/14,0
5/27/14,0
5/28/14,0
5/29/14,0
5/30/14,0
5/31/14,0
6/1/14,0
6/2/14,0
6/3/14,0
6/4/14,0
6/5/14,0
6/6/14,0
6/7/14,0
6/8/14,0
6/9/14,0
6/10/14,0
6/11/14,0
6/12/14,0
6/13/14,0
6/14/14,0
6/15/14,0
6/16/14,0
6/17/14,0
6/18/14,0
6/19/14,0
6/20/14,0
6/21/14,0
6/22/14,0
6/23/14,0
6/24/14,0
6/25/14,0.254
6/26/14,0
6/27/14,0
6/28/14,0
6/29/14,0
6/30/14,0
7/1/14,0
7/2/14,0
7/3/14,0
7/4/14,0
7/5/14,0
7/6/14,0
7/7/14,0
7/8/14,0
7/9/14,0
7/10/14,0
7/11/14,0.508
7/12/14,0
7/13/14,0
7/14/14,0
7/15/14,0
7/16/14,0
7/17/14,0.508
7/18/14,0
7/19/14,0
7/20/14,3.048
7/21/14,0
7/22/14,0.254
7/23/14,0
7/24/14,0
7/25/14,0
7/26/14,0
7/27/14,0
7/28/14,0
7/29/14,0
7/30/14,0
7/31/14,0
8/1/14,0
8/2/14,0
8/3/14,0
8/4/14,3.81
8/5/14,0
8/6/14,0
8/7/14,0
8/8/14,0
8/9/14,0
8/10/14,0
8/11/14,0
8/12/14,0
8/13/14,0.254
8/14/14,0
8/15/14,0
8/16/14,0
8/17/14,0
8/18/14,0
8/19/14,0
8/20/14,0
8/21/14,0
8/22/14,0
8/23/14,0
8/24/14,0
8/25/14,0
8/26/14,0
8/27/14,0
8/28/14,0
8/29/14,0
8/30/14,0
8/31/14,0
9/1/14,0
9/2/14,0
9/3/14,0
9/4/14,0
9/5/14,0
9/6/14,0
9/7/14,0
9/8/14,0
9/9/14,0
9/10/14,0
9/11/14,0
9/12/14,0
9/13/14,0
9/14/14,0
9/15/14,0
9/16/14,0
9/17/14,0
9/18/14,2.794
9/19/14,0
9/20/14,0
9/21/14,0
9/22/14,0
9/23/14,0
9/24/14,23.622
9/25/14,35.306
9/26/14,3.556
9/27/14,0
9/28/14,0
9/29/14,0
9/30/14,0
10/1/14,0
10/2/14,0
10/3/14,0
10/4/14,0
10/5/14,0
10/6/14,0
10/7/14,0
10/8/14,0
10/9/14,0
10/10/14,0
10/11/14,0
10/12/14,0
10/13/14,0
10/14/14,14.732
10/15/14,18.796
10/16/14,0
10/17/14,0
10/18/14,0
10/19/14,0
10/20/14,3.302
10/21/14,0
10/22/14,1.27
10/23/14,18.542
10/24/14,5.08
10/25/14,30.734
10/26/14,0
10/27/14,0
10/28/14,0
10/29/14,0
10/30/14,0
10/31/14,28.194
11/1/14,1.016
11/2/14,0
11/3/14,0
11/4/14,0
11/5/14,0
11/6/14,0
11/7/14,0
11/8/14,0
11/9/14,0
11/10/14,0
11/11/14,0
11/12/14,0.254
11/13/14,6.604
11/14/14,0
11/15/14,0
11/16/14,0
11/17/14,0
11/18/14,0
11/19/14,5.588
11/20/14,5.588
11/21/14,7.62
11/22/14,9.652
11/23/14,0.254
11/24/14,0
11/25/14,0
11/26/14,0
11/27/14,0
11/28/14,1.524
11/29/14,4.826
11/30/14,2.794
12/1/14,0.254
12/2/14,4.572
12/3/14,29.718
12/4/14,3.302
12/5/14,43.688
12/6/14,0
12/7/14,4.826
12/8/14,9.144
12/9/14,0.508
12/10/14,43.942
12/11/14,99.06
12/12/14,5.842
12/13/14,0.254
12/14/14,1.778
12/15/14,9.144
12/16/14,21.844
12/17/14,5.334
12/18/14,7.874
12/19/14,14.732
12/20/14,5.08
12/21/14,0.254
12/22/14,0
12/23/14,0
12/24/14,10.16
12/25/14,0
12/26/14,0
12/27/14,0
12/28/14,0
12/29/14,0.508
12/30/14,0
12/31/14,0
1/1/15,0
1/2/15,0
1/3/15,0
1/4/15,0
1/5/15,0
1/6/15,0
1/7/15,0
1/8/15,0
1/9/15,0
1/10/15,0
1/11/15,0
1/12/15,0
1/13/15,0
1/14/15,0
1/15/15,0.762
1/16/15,8.382
1/17/15,0.254
1/18/15,2.032
1/19/15,0
1/20/15,0
1/21/15,0
1/22/15,0
1/23/15,0
1/24/15,0
1/25/15,0
1/26/15,0
1/27/15,0
1/28/15,0
1/29/15,0
1/30/15,0
1/31/15,0
2/1/15,0
2/2/15,26.67
2/3/15,0.254
2/4/15,0
2/5/15,11.176
2/6/15,120.142
2/7/15,4.826
2/8/15,68.326
2/9/15,14.478
2/10/15,0.254
2/11/15,0
2/12/15,0
2/13/15,0
2/14/15,0
2/15/15,0
2/16/15,0
2/17/15,0
2/18/15,0
2/19/15,0
2/20/15,0
2/21/15,0
2/22/15,0
2/23/15,0
2/24/15,0
2/25/15,0
2/26/15,0
2/27/15,1.524
2/28/15,0
3/1/15,0
3/2/15,0
3/3/15,0
3/4/15,0
3/5/15,0
3/6/15,0
3/7/15,0
3/8/15,0
3/9/15,0
3/10/15,0
3/11/15,1.778
3/12/15,0
3/13/15,0
3/14/15,0
3/15/15,8.382
3/16/15,5.842
3/17/15,0
3/18/15,0
3/19/15,0
3/20/15,0
3/21/15,0
3/22/15,9.906
3/23/15,1.524
3/24/15,2.032
3/25/15,0
3/26/15,0
3/27/15,0
3/28/15,0
3/29/15,0
3/30/15,0
3/31/15,0
4/1/15,0
4/2/15,0
4/3/15,0
4/4/15,0
4/5/15,1.778
4/6/15,5.842
4/7/15,24.892
4/8/15,0
4/9/15,0
4/10/15,0
4/11/15,0
4/12/15,0
4/13/15,0
4/14/15,0
4/15/15,0
4/16/15,0
4/17/15,0
4/18/15,0.508
4/19/15,0
4/20/15,0
4/21/15,1.524
4/22/15,0
4/23/15,0.254
4/24/15,0
4/25/15,0
4/26/15,0
4/27/15,0
4/28/15,0
4/29/15,0
4/30/15,0
5/1/15,0
5/2/15,0
5/3/15,0
5/4/15,0
5/5/15,0
5/6/15,0
5/7/15,0
5/8/15,0
5/9/15,0
5/10/15,0
5/11/15,11.938
5/12/15,1.016
5/13/15,0
5/14/15,1.27
5/15/15,0.254
5/16/15,0
5/17/15,3.556
5/18/15,7.112
5/19/15,10.922
5/20/15,1.778
5/21/15,1.524
5/22/15,1.27
5/23/15,0
5/24/15,0
5/25/15,0
5/26/15,0
5/27/15,0
5/28/15,0
5/29/15,0
5/30/15,0
5/31/15,0
6/1/15,4.064
6/2/15,0
6/3/15,0
6/4/15,0
6/5/15,0
6/6/15,0
6/7/15,0
6/8/15,0
6/9/15,0
6/10/15,0
6/11/15,0
6/12/15,0
6/13/15,0
6/14/15,0
6/15/15,0
6/16/15,0
6/17/15,0
6/18/15,0
6/19/15,0
6/20/15,0
6/21/15,0
6/22/15,0
6/23/15,0
6/24/15,0
6/25/15,0
6/26/15,0
6/27/15,0
6/28/15,0
6/29/15,0
6/30/15,0
7/1/15,0
7/2/15,0
7/3/15,0
7/4/15,0
7/5/15,0
7/6/15,0
7/7/15,0
7/8/15,2.032
7/9/15,0
7/10/15,0
7/11/15,1.27
7/12/15,3.048
7/13/15,0
7/14/15,0
7/15/15,0
7/16/15,0
7/17/15,0
7/18/15,0
7/19/15,0
7/20/15,0.762
7/21/15,27.686
7/22/15,0
7/23/15,0
7/24/15,0
7/25/15,0
7/26/15,0.254
7/27/15,0
7/28/15,0
7/29/15,0
7/30/15,0
7/31/15,0
8/1/15,0
8/2/15,0
8/3/15,0
8/4/15,0
8/5/15,0
8/6/15,0
8/7/15,0
8/8/15,0
8/9/15,0
8/10/15,0
8/11/15,0
8/12/15,0
8/13/15,0
8/14/15,0
8/15/15,0
8/16/15,0
8/17/15,0
8/18/15,0
8/19/15,0
8/20/15,0
8/21/15,0
8/22/15,0
8/23/15,0
8/24/15,0
8/25/15,0
8/26/15,0
8/27/15,0
8/28/15,0
8/29/15,0
8/30/15,0
8/31/15,0
9/1/15,0
9/2/15,0
9/3/15,0
9/4/15,0.508
9/5/15,0
9/6/15,0
9/7/15,0
9/8/15,0
9/9/15,0
9/10/15,0
9/11/15,0
9/12/15,0
9/13/15,0
9/14/15,0
9/15/15,0.762
9/16/15,4.572
9/17/15,0
9/18/15,0
9/19/15,0
9/20/15,0
9/21/15,0
9/22/15,0
9/23/15,0
9/24/15,0
9/25/15,0
9/26/15,0
9/27/15,0
9/28/15,0
9/29/15,0
9/30/15,0
10/1/15,0
10/2/15,0
10/3/15,0
10/4/15,0
10/5/15,0
10/6/15,0
10/7/15,0
10/8/15,0
10/9/15,0
10/10/15,0
10/11/15,0
10/12/15,0
10/13/15,0
10/14/15,0
10/15/15,0
10/16/15,0
10/17/15,8.128
10/18/15,0
10/19/15,0.254
10/20/15,0
10/21/15,0
10/22/15,0
10/23/15,0
10/24/15,0
10/25/15,0
10/26/15,0
10/27/15,0
10/28/15,4.064
10/29/15,0
10/30/15,0
10/31/15,0
11/1/15,1.016
11/2/15,0.508
11/3/15,0
11/4/15,0
11/5/15,0
11/6/15,0
11/7/15,0
11/8/15,9.144
11/9/15,0.508
11/10/15,0
11/11/15,0
11/12/15,0
11/13/15,0
11/14/15,0
11/15/15,15.24
11/16/15,0
11/17/15,0
11/18/15,0
11/19/15,0
11/20/15,0
11/21/15,0
11/22/15,0
11/23/15,0
11/24/15,5.334
11/25/15,1.524
11/26/15,0
11/27/15,0
11/28/15,0
11/29/15,0
11/30/15,0
12/1/15,0.762
12/2/15,1.27
12/3/15,31.75
12/4/15,0.254
12/5/15,5.08
12/6/15,24.638
12/7/15,3.048
12/8/15,0
12/9/15,15.748
12/10/15,15.494
12/11/15,1.016
12/12/15,1.778
12/13/15,27.94
12/14/15,0.254
12/15/15,0
12/16/15,0
12/17/15,0.762
12/18/15,20.32
12/19/15,0.508
12/20/15,4.318
12/21/15,17.78
12/22/15,2.794
12/23/15,0.254
12/24/15,2.286
12/25/15,0
12/26/15,0
12/27/15,0
12/28/15,1.27
12/29/15,0.762
12/30/15,1.016
12/31/15,0
1/1/16,0
1/2/16,0
1/3/16,0
1/4/16,7.62
1/5/16,31.496
1/6/16,18.796
1/7/16,0.508
1/8/16,0.508
1/9/16,4.064
1/10/16,0.254
1/11/16,0
1/12/16,16.256
1/13/16,25.146
1/14/16,9.906
1/15/16,5.842
1/16/16,7.874
1/17/16,45.212
1/18/16,4.572
1/19/16,40.894
1/20/16,0
1/21/16,13.208
1/22/16,52.324
1/23/16,13.208
1/24/16,4.064
1/25/16,0
1/26/16,0
1/27/16,0
1/28/16,3.556
1/29/16,19.05
1/30/16,0
1/31/16,0
2/1/16,0
2/2/16,1.524
2/3/16,1.016
2/4/16,0
2/5/16,0
2/6/16,0
2/7/16,0
2/8/16,0
2/9/16,0
2/10/16,0
2/11/16,0
2/12/16,0
2/13/16,0
2/14/16,0
2/15/16,0
2/16/16,0
2/17/16,38.608
2/18/16,8.636
2/19/16,19.812
2/20/16,0
2/21/16,0
2/22/16,0
2/23/16,0
2/24/16,0
2/25/16,0
2/26/16,3.302
2/27/16,0.254
2/28/16,0
2/29/16,0
3/1/16,2.286
3/2/16,5.334
3/3/16,1.016
3/4/16,10.16
3/5/16,64.008
3/6/16,35.56
3/7/16,0.762
3/8/16,0
3/9/16,11.176
3/10/16,36.322
3/11/16,30.734
3/12/16,25.654
3/13/16,20.32
3/14/16,0
3/15/16,0
3/16/16,0
3/17/16,0
3/18/16,0
3/19/16,0
3/20/16,11.938
3/21/16,21.336
3/22/16,0
3/23/16,0
3/24/16,0
3/25/16,0
3/26/16,0
3/27/16,0
3/28/16,0
3/29/16,0
3/30/16,0
3/31/16,0
4/1/16,0
4/2/16,0
4/3/16,0.254
4/4/16,0
4/5/16,0
4/6/16,0
4/7/16,0
4/8/16,0
4/9/16,5.588
4/10/16,1.524
4/11/16,0
4/12/16,12.192
4/13/16,1.27
4/14/16,0
4/15/16,0
4/16/16,0
4/17/16,0
4/18/16,0
4/19/16,0
4/20/16,0
4/21/16,0.254
4/22/16,21.336
4/23/16,0
4/24/16,4.826
4/25/16,0.254
4/26/16,0
4/27/16,0.254
4/28/16,0
4/29/16,0
4/30/16,0
5/1/16,0
5/2/16,0
5/3/16,0
5/4/16,3.556
5/5/16,0
5/6/16,5.08
5/7/16,1.016
5/8/16,0
5/9/16,0
5/10/16,0
5/11/16,0
5/12/16,0
5/13/16,0
5/14/16,4.064
5/15/16,0
5/16/16,0
5/17/16,0
5/18/16,0
5/19/16,0
5/20/16,12.446
5/21/16,1.778
5/22/16,0.254
5/23/16,0.762
5/24/16,1.016
5/25/16,0
5/26/16,0
5/27/16,0
5/28/16,0
5/29/16,0
5/30/16,0
5/31/16,0
6/1/16,0
6/2/16,0
6/3/16,0
6/4/16,0
6/5/16,11.684
6/6/16,0.762
6/7/16,0
6/8/16,0
6/9/16,0
6/10/16,0
6/11/16,0
6/12/16,0
6/13/16,0
6/14/16,0
6/15/16,12.446
6/16/16,1.016
6/17/16,24.384
6/18/16,9.906
6/19/16,0
6/20/16,0
6/21/16,0
6/22/16,0
6/23/16,0
6/24/16,0
6/25/16,0
6/26/16,0
6/27/16,0
6/28/16,0
6/29/16,0
6/30/16,0
7/1/16,0
7/2/16,0
7/3/16,0
7/4/16,0
7/5/16,0
7/6/16,0
7/7/16,0
7/8/16,0
7/9/16,0
7/10/16,0
7/11/16,0
7/12/16,0
7/13/16,0
7/14/16,0
7/15/16,0
7/16/16,0
7/17/16,0
7/18/16,0
7/19/16,0
7/20/16,0
7/21/16,0
7/22/16,0
7/23/16,0
7/24/16,0
7/25/16,0
7/26/16,0
7/27/16,0
7/28/16,0
7/29/16,0
7/30/16,0
7/31/16,0
8/1/16,0
8/2/16,0
8/3/16,0
8/4/16,0
8/5/16,0
8/6/16,0
8/7/16,0
8/8/16,0
8/9/16,0
8/10/16,0
8/11/16,0
8/12/16,0
8/13/16,0
8/14/16,0
8/15/16,0
8/16/16,0
8/17/16,0
8/18/16,0
8/19/16,0
8/20/16,0
8/21/16,0
8/22/16,0
8/23/16,0
8/24/16,0
8/25/16,0
8/26/16,0
8/27/16,0
8/28/16,0
8/29/16,0
8/30/16,0
8/31/16,0
9/1/16,0
9/2/16,0
9/3/16,0
9/4/16,0
9/5/16,0
9/6/16,0
9/7/16,0
9/8/16,0
9/9/16,0
9/10/16,0
9/11/16,0
9/12/16,0
9/13/16,0
9/14/16,0
9/15/16,0
9/16/16,0
9/17/16,0
9/18/16,0
9/19/16,0
9/20/16,0
9/21/16,0
9/22/16,1.016
9/23/16,0
9/24/16,0
9/25/16,0
9/26/16,0
9/27/16,0
9/28/16,0
9/29/16,0
9/30/16,0
10/1/16,0
10/2/16,4.572
10/3/16,0.508
10/4/16,0
10/5/16,0
10/6/16,0
10/7/16,0
10/8/16,0
10/9/16,0
10/10/16,0
10/11/16,0
10/12/16,0
10/13/16,9.398
10/14/16,32.512
10/15/16,46.736
10/16/16,12.7
10/17/16,1.778
10/18/16,2.286
10/19/16,0
10/20/16,0
10/21/16,0
10/22/16,0
10/23/16,0
10/24/16,42.926
10/25/16,13.97
10/26/16,11.176
10/27/16,27.94
10/28/16,7.112
10/29/16,49.276
10/30/16,24.384
10/31/16,13.462
11/1/16,0.508
11/2/16,0
11/3/16,0
11/4/16,0
11/5/16,3.302
11/6/16,1.524
11/7/16,0
11/8/16,0
11/9/16,0
11/10/16,0
11/11/16,0
11/12/16,2.794
11/13/16,0
11/14/16,0
11/15/16,8.636
11/16/16,0
11/17/16,0
11/18/16,4.064
11/19/16,39.624
11/20/16,8.89
11/21/16,0
11/22/16,22.606
11/23/16,0
11/24/16,0
11/25/16,5.588
11/26/16,18.288
11/27/16,1.27
11/28/16,0
11/29/16,0
11/30/16,2.54
12/1/16,0
12/2/16,0
12/3/16,0
12/4/16,0.254
12/5/16,0
12/6/16,0
12/7/16,5.588
12/8/16,3.048
12/9/16,10.16
12/10/16,7.112
12/11/16,0
12/12/16,0
12/13/16,8.382
12/14/16,27.432
12/15/16,33.02
12/16/16,0
12/17/16,0
12/18/16,0
12/19/16,0
12/20/16,0
12/21/16,0
12/22/16,0
12/23/16,18.034
12/24/16,1.524
12/25/16,0
12/26/16,0
12/27/16,0
12/28/16,0
12/29/16,0
12/30/16,0.762
12/31/16,0
1/1/17,0
1/2/17,0.254
1/3/17,22.098
1/4/17,10.414
1/5/17,0
1/6/17,0
1/7/17,30.734
1/8/17,73.406
1/9/17,4.064
1/10/17,27.686
1/11/17,1.778
1/12/17,0
1/13/17,0
1/14/17,0
1/15/17,0
1/16/17,0
1/17/17,0
1/18/17,52.578
1/19/17,14.986
1/20/17,30.734
1/21/17,11.43
1/22/17,37.084
1/23/17,7.112
1/24/17,0
1/25/17,0
1/26/17,0
1/27/17,0
1/28/17,0
1/29/17,0
1/30/17,0
1/31/17,0
2/1/17,0.254
2/2/17,15.494
2/3/17,0
2/4/17,0
2/5/17,19.812
2/6/17,9.398
2/7/17,26.924
2/8/17,20.828
2/9/17,52.832
2/10/17,1.27
2/11/17,0
2/12/17,0
2/13/17,0
2/14/17,0
2/15/17,5.588
2/16/17,29.21
2/17/17,12.7
2/18/17,3.81
2/19/17,9.398
2/20/17,34.29
2/21/17,4.572
2/22/17,2.794
2/23/17,0.254
2/24/17,0
2/25/17,0
2/26/17,1.27
2/27/17,0
2/28/17,0
3/1/17,0
3/2/17,0
3/3/17,0
3/4/17,7.366
3/5/17,0
3/6/17,0.508
3/7/17,1.016
3/8/17,0
3/9/17,0
3/10/17,0
3/11/17,0
3/12/17,0
3/13/17,0
3/14/17,0
3/15/17,5.08
3/16/17,0
3/17/17,0
3/18/17,23.622
3/19/17,0.508
3/20/17,11.938
3/21/17,37.338
3/22/17,10.16
3/23/17,6.096
3/24/17,25.908
3/25/17,0
3/26/17,6.35
3/27/17,0
3/28/17,0
3/29/17,1.27
3/30/17,6.35
3/31/17,0
4/1/17,0
4/2/17,0
4/3/17,0
4/4/17,0
4/5/17,1.778
4/6/17,81.534
4/7/17,8.636
4/8/17,0
4/9/17,3.81
4/10/17,1.016
4/11/17,25.908
4/12/17,45.212
4/13/17,2.794
4/14/17,0
4/15/17,0
4/16/17,8.636
4/17/17,10.16
4/18/17,2.794
4/19/17,14.224
4/20/17,0
4/21/17,0
4/22/17,0
4/23/17,0
4/24/17,0
4/25/17,0
4/26/17,1.524
4/27/17,0
4/28/17,0
4/29/17,0
4/30/17,0
5/1/17,0
5/2/17,0
5/3/17,0
5/4/17,0
5/5/17,0
5/6/17,0.762
5/7/17,0
5/8/17,0
5/9/17,0
5/10/17,0
5/11/17,1.778
5/12/17,0
5/13/17,0
5/14/17,0
5/15/17,0
5/16/17,1.27
5/17/17,0
5/18/17,0
5/19/17,0
5/20/17,0
5/21/17,0
5/22/17,0
5/23/17,0
5/24/17,0
5/25/17,0
5/26/17,0
5/27/17,0
5/28/17,0
5/29/17,0
5/30/17,0
5/31/17,7.366
6/1/17,0
6/2/17,0
6/3/17,0
6/4/17,0
6/5/17,0
6/6/17,0
6/7/17,1.27
6/8/17,13.462
6/9/17,0
6/10/17,1.27
6/11/17,18.288
6/12/17,0.254
6/13/17,0
6/14/17,0
6/15/17,0
6/16/17,0
6/17/17,0
6/18/17,0
6/19/17,0
6/20/17,0
6/21/17,0
6/22/17,0
6/23/17,0
6/24/17,0
6/25/17,0
6/26/17,0
6/27/17,0
6/28/17,0
6/29/17,0
6/30/17,0
7/1/17,0
7/2/17,0
7/3/17,0
7/4/17,0
7/5/17,0
7/6/17,0
7/7/17,0
7/8/17,0
7/9/17,0
7/10/17,0
7/11/17,0
7/12/17,0
7/13/17,0
7/14/17,0
7/15/17,0
7/16/17,0
7/17/17,0
7/18/17,0
7/19/17,0
7/20/17,0
7/21/17,0
7/22/17,0
7/23/17,0
7/24/17,0
7/25/17,0
7/26/17,0
7/27/17,0
7/28/17,0
7/29/17,0
7/30/17,0
7/31/17,0
8/1/17,0
8/2/17,0
8/3/17,0
8/4/17,0
8/5/17,0
8/6/17,0.254
8/7/17,0
8/8/17,0
8/9/17,0
8/10/17,0
8/11/17,0
8/12/17,0
8/13/17,0
8/14/17,0
8/15/17,0
8/16/17,0
8/17/17,0
8/18/17,0
8/19/17,0
8/20/17,0
8/21/17,0
8/22/17,2.54
8/23/17,0.254
8/24/17,0
8/25/17,0
8/26/17,0
8/27/17,0
8/28/17,0
8/29/17,0
8/30/17,0
8/31/17,0
9/1/17,0
9/2/17,0
9/3/17,0
9/4/17,0
9/5/17,0
9/6/17,0
9/7/17,6.35
9/8/17,0
9/9/17,0
9/10/17,0
9/11/17,0
9/12/17,0
9/13/17,0
9/14/17,0
9/15/17,0
9/16/17,0
9/17/17,0
9/18/17,0
9/19/17,0
9/20/17,0
9/21/17,0
9/22/17,0
9/23/17,0
9/24/17,0
9/25/17,0
9/26/17,0
9/27/17,0
9/28/17,0
9/29/17,0
9/30/17,0
10/1/17,0
10/2/17,0
10/3/17,0
10/4/17,0
10/5/17,0
10/6/17,0
10/7/17,0
10/8/17,0
10/9/17,0.254
10/10/17,0
10/11/17,0
10/12/17,0
10/13/17,0
10/14/17,0
10/15/17,0
10/16/17,0
10/17/17,0
10/18/17,0
10/19/17,15.494
10/20/17,0
10/21/17,0
10/22/17,0
10/23/17,0
10/24/17,0
10/25/17,0
10/26/17,0
10/27/17,0
10/28/17,0
10/29/17,0
10/30/17,0
10/31/17,0
11/1/17,0
11/2/17,1.016
11/3/17,13.97
11/4/17,1.778
11/5/17,0
11/6/17,0
11/7/17,0
11/8/17,22.86
11/9/17,2.794
11/10/17,3.81
11/11/17,0
11/12/17,1.27
11/13/17,10.922
11/14/17,0
11/15/17,18.796
11/16/17,1.27
11/17/17,0
11/18/17,0.254
11/19/17,0
11/20/17,8.89
11/21/17,1.016
11/22/17,0
11/23/17,0
11/24/17,0
11/25/17,0
11/26/17,30.48
11/27/17,0
11/28/17,0
11/29/17,0
11/30/17,0
12/1/17,0
12/2/17,4.572
12/3/17,0.254
12/4/17,0
12/5/17,0
12/6/17,0
12/7/17,0
12/8/17,0
12/9/17,0
12/10/17,0
12/11/17,0
12/12/17,0
12/13/17,0
12/14/17,0
12/15/17,0
12/16/17,0
12/17/17,0
12/18/17,0
12/19/17,2.54
12/20/17,0.254
12/21/17,0
12/22/17,0
12/23/17,0
12/24/17,0
12/25/17,0
12/26/17,0
12/27/17,0
12/28/17,0
12/29/17,0
12/30/17,0
12/31/17,0
1/1/18,0
1/2/18,0
1/3/18,3.556
1/4/18,21.082
1/5/18,10.16
1/6/18,0
1/7/18,0
1/8/18,11.43
1/9/18,2.286
1/10/18,1.524
1/11/18,0
1/12/18,0
1/13/18,0
1/14/18,0
1/15/18,1.524
1/16/18,3.556
1/17/18,0
1/18/18,15.24
1/19/18,0
1/20/18,0
1/21/18,7.112
1/22/18,1.524
1/23/18,0
1/24/18,21.844
1/25/18,2.794
1/26/18,0
1/27/18,0
1/28/18,0
1/29/18,0
1/30/18,0
1/31/18,0
2/1/18,0
2/2/18,0
2/3/18,0
2/4/18,0
2/5/18,0
2/6/18,0
2/7/18,0
2/8/18,0
2/9/18,0
2/10/18,0
2/11/18,0
2/12/18,0.762
2/13/18,0
2/14/18,0.762
2/15/18,0
2/16/18,0
2/17/18,0
2/18/18,0
2/19/18,0
2/20/18,0
2/21/18,0
2/22/18,1.27
2/23/18,0
2/24/18,0
2/25/18,0
2/26/18,4.064
2/27/18,0
2/28/18,4.064
3/1/18,23.622
3/2/18,5.334
3/3/18,0.508
3/4/18,0
3/5/18,0
3/6/18,0
3/7/18,4.318
3/8/18,0.508
3/9/18,2.286
3/10/18,0
3/11/18,0
3/12/18,3.81
3/13/18,29.21
3/14/18,0.762
3/15/18,9.652
3/16/18,0.508
3/17/18,0.254
3/18/18,0
3/19/18,0
3/20/18,1.016
3/21/18,19.05
3/22/18,7.874
3/23/18,4.318
3/24/18,4.064
3/25/18,0
3/26/18,0
3/27/18,0
3/28/18,0
3/29/18,0
3/30/18,0
3/31/18,0
4/1/18,0
4/2/18,0
4/3/18,0
4/4/18,0
4/5/18,2.54
4/6/18,18.542
4/7/18,9.398
4/8/18,0
4/9/18,0
4/10/18,1.27
4/11/18,13.716
4/12/18,0
4/13/18,0
4/14/18,0
4/15/18,6.096
4/16/18,1.778
4/17/18,0
4/18/18,0
4/19/18,0
4/20/18,0
4/21/18,0
4/22/18,0
4/23/18,0
4/24/18,0
4/25/18,0
4/26/18,0
4/27/18,1.778
4/28/18,3.048
4/29/18,0
4/30/18,0
5/1/18,0
5/2/18,0
5/3/18,0
5/4/18,0
5/5/18,0
5/6/18,0
5/7/18,0
5/8/18,0.254
5/9/18,0
5/10/18,0
5/11/18,0
5/12/18,0
5/13/18,0
5/14/18,0
5/15/18,19.05
5/16/18,7.112
5/17/18,0.762
5/18/18,0
5/19/18,5.334
5/20/18,0
5/21/18,0
5/22/18,0.254
5/23/18,0
5/24/18,0
5/25/18,17.526
5/26/18,0.762
5/27/18,0
5/28/18,0
5/29/18,0
5/30/18,0
5/31/18,0
6/1/18,0
6/2/18,0
6/3/18,0
6/4/18,0
6/5/18,0
6/6/18,0
6/7/18,0
6/8/18,0
6/9/18,0
6/10/18,0
6/11/18,0
6/12/18,0
6/13/18,0
6/14/18,0
6/15/18,0
6/16/18,0
6/17/18,0
6/18/18,0
6/19/18,0
6/20/18,0
6/21/18,0
6/22/18,0
6/23/18,0
6/24/18,0
6/25/18,0
6/26/18,0
6/27/18,0
6/28/18,0
6/29/18,0
6/30/18,0
7/1/18,0
7/2/18,0
7/3/18,0
7/4/18,0
7/5/18,0
7/6/18,0
7/7/18,0
7/8/18,0
7/9/18,0
7/10/18,0
7/11/18,0
7/12/18,0
7/13/18,0
7/14/18,0
7/15/18,3.556
7/16/18,0
7/17/18,0
7/18/18,0
7/19/18,0
7/20/18,0
7/21/18,0
7/22/18,0
7/23/18,0
7/24/18,7.62
7/25/18,0.254
7/26/18,0
7/27/18,0
7/28/18,0
7/29/18,0
7/30/18,0
7/31/18,0
8/1/18,0
8/2/18,0
8/3/18,0
8/4/18,0
8/5/18,0
8/6/18,0
8/7/18,0
8/8/18,0
8/9/18,0
8/10/18,0
8/11/18,0
8/12/18,0
8/13/18,0
8/14/18,0
8/15/18,0
8/16/18,0
8/17/18,0
8/18/18,0
8/19/18,0
8/20/18,0
8/21/18,0
8/22/18,0
8/23/18,0
8/24/18,0
8/25/18,0
8/26/18,0
8/27/18,0
8/28/18,0
8/29/18,0
8/30/18,0
8/31/18,0
9/1/18,0
9/2/18,0
9/3/18,0
9/4/18,0
9/5/18,0
9/6/18,0
9/7/18,0
9/8/18,0
9/9/18,0
9/10/18,0
9/11/18,0
9/12/18,1.27
9/13/18,0
9/14/18,0
9/15/18,0
9/16/18,0
9/17/18,0
9/18/18,0
9/19/18,0
9/20/18,0
9/21/18,0
9/22/18,0
9/23/18,0
9/24/18,0
9/25/18,0
9/26/18,0
9/27/18,0
9/28/18,0
9/29/18,3.048
9/30/18,1.016
10/1/18,1.016
10/2/18,1.016
10/3/18,2.286
10/4/18,6.35
10/5/18,4.572
10/6/18,0
10/7/18,0
10/8/18,0
10/9/18,0
10/10/18,0
10/11/18,0
10/12/18,0
10/13/18,0
10/14/18,0
10/15/18,0
10/16/18,0
10/17/18,0
10/18/18,0
10/19/18,0
10/20/18,0
10/21/18,0
10/22/18,0
10/23/18,0
10/24/18,0
10/25/18,0
10/26/18,0
10/27/18,0
10/28/18,0
10/29/18,0
10/30/18,0
10/31/18,0
11/1/18,0
11/2/18,0
11/3/18,0
11/4/18,0
11/5/18,0
11/6/18,0
11/7/18,0
11/8/18,0
11/9/18,0
11/10/18,0
11/11/18,0
11/12/18,0
11/13/18,0
11/14/18,0
11/15/18,0
11/16/18,0
11/17/18,0
11/18/18,0
11/19/18,0
11/20/18,0
11/21/18,11.43
11/22/18,11.684
11/23/18,17.018
11/24/18,0
11/25/18,0
11/26/18,0
11/27/18,23.114
11/28/18,5.08
11/29/18,35.56
11/30/18,0
12/1/18,8.89
12/2/18,0
12/3/18,0
12/4/18,0
12/5/18,0
12/6/18,0
12/7/18,0
12/8/18,0
12/9/18,2.032
12/10/18,0.254
12/11/18,0
12/12/18,0
12/13/18,0
12/14/18,7.112
12/15/18,9.652
12/16/18,33.528
12/17/18,0.254
12/18/18,1.524
12/19/18,2.54
12/20/18,6.35
12/21/18,0
12/22/18,0
12/23/18,0
12/24/18,19.05
12/25/18,3.556
12/26/18,0
12/27/18,0
12/28/18,0.254
12/29/18,0
12/30/18,0
12/31/18,0
1/1/19,0
1/2/19,0
1/3/19,0
1/4/19,0
1/5/19,14.478
1/6/19,22.098
1/7/19,3.302
1/8/19,43.688
1/9/19,37.846
1/10/19,2.286
1/11/19,0
1/12/19,0
1/13/19,0
1/14/19,0
1/15/19,11.938
1/16/19,74.168
1/17/19,8.636
1/18/19,5.08
1/19/19,3.048
1/20/19,16.002
1/21/19,1.016
1/22/19,0
1/23/19,0
1/24/19,0
1/25/19,0
1/26/19,0
1/27/19,0
1/28/19,0
1/29/19,0
1/30/19,0
1/31/19,0
2/1/19,32.258
2/2/19,18.034
2/3/19,2.032
2/4/19,6.858
2/5/19,0.254
2/6/19,0.254
2/7/19,0
2/8/19,0
2/9/19,5.08
2/10/19,0
2/11/19,0.508
2/12/19,21.59
2/13/19,40.386
2/14/19,33.02
2/15/19,5.588
2/16/19,2.794
2/17/19,1.016
2/18/19,0
2/19/19,0
2/20/19,2.54
2/21/19,1.778
2/22/19,0.254
2/23/19,0
2/24/19,5.334
2/25/19,51.816
2/26/19,86.36
2/27/19,41.402
2/28/19,0.762
3/1/19,0.254
3/2/19,3.302
3/3/19,0
3/4/19,0.254
3/5/19,9.906
3/6/19,35.56
3/7/19,0.254
3/8/19,0.254
3/9/19,3.302
3/10/19,1.27
3/11/19,0.254
3/12/19,0.762
3/13/19,0
3/14/19,0
3/15/19,0.254
3/16/19,0
3/17/19,0
3/18/19,0.254
3/19/19,0.254
3/20/19,7.112
3/21/19,0
3/22/19,2.286
3/23/19,2.54
3/24/19,0
3/25/19,30.226
3/26/19,1.016
3/27/19,25.654
3/28/19,16.256
3/29/19,0.254
3/30/19,0
3/31/19,0.254
4/1/19,2.286
4/2/19,3.302
4/3/19,0.508
4/4/19,25.908
4/5/19,18.542
4/6/19,7.62
4/7/19,5.334
4/8/19,11.43
4/9/19,1.016
4/10/19,0
4/11/19,0.254
4/12/19,0.254
4/13/19,0
4/14/19,0
4/15/19,5.08
4/16/19,0
4/17/19,0
4/18/19,0
4/19/19,1.524
4/20/19,3.302
4/21/19,0
4/22/19,0
4/23/19,0
4/24/19,0
4/25/19,0
4/26/19,1.778
4/27/19,0
4/28/19,0
4/29/19,0
4/30/19,0
5/1/19,0
5/2/19,0
5/3/19,0
5/4/19,0
5/5/19,0
5/6/19,0
5/7/19,0
5/8/19,0
5/9/19,0
5/10/19,0
5/11/19,0
5/12/19,0
5/13/19,0
5/14/19,0
5/15/19,51.308
5/16/19,31.75
5/17/19,0.254
5/18/19,22.606
5/19/19,11.684
5/20/19,1.524
5/21/19,10.414
5/22/19,0.762
5/23/19,0.508
5/24/19,0
5/25/19,5.842
5/26/19,7.62
5/27/19,1.524
5/28/19,0.508
5/29/19,0
5/30/19,0
5/31/19,0.508
6/1/19,8.382
6/2/19,0
6/3/19,0
6/4/19,0.254
6/5/19,0
6/6/19,0
6/7/19,0
6/8/19,0
6/9/19,0
6/10/19,0
6/11/19,0
6/12/19,0
6/13/19,0
6/14/19,0
6/15/19,0
6/16/19,0
6/17/19,0.508
6/18/19,0
6/19/19,0.254
6/20/19,0.508
6/21/19,0
6/22/19,0
6/23/19,0
6/24/19,0
6/25/19,0
6/26/19,0
6/27/19,0
6/28/19,0
6/29/19,0
6/30/19,0
7/1/19,0
7/2/19,0
7/3/19,0
7/4/19,0
7/5/19,0
7/6/19,0
7/7/19,0
7/8/19,0
7/9/19,0
7/10/19,0
7/11/19,0
7/12/19,0
7/13/19,0
7/14/19,0
7/15/19,0
7/16/19,0
7/17/19,0
7/18/19,0
7/19/19,0
7/20/19,0
7/21/19,0
7/22/19,0
7/23/19,0
7/24/19,0
7/25/19,0
7/26/19,0
7/27/19,0
7/28/19,0
7/29/19,0
7/30/19,0
7/31/19,0
8/1/19,0
8/2/19,0
8/3/19,0
8/4/19,0
8/5/19,0
8/6/19,0
8/7/19,0
8/8/19,0
8/9/19,0
8/10/19,8.636
8/11/19,0.254
8/12/19,0
8/13/19,0
8/14/19,0
8/15/19,0
8/16/19,0
8/17/19,0
8/18/19,0
8/19/19,0
8/20/19,0
8/21/19,0
8/22/19,0
8/23/19,0
8/24/19,0
8/25/19,0
8/26/19,0
8/27/19,0
8/28/19,0.254
8/29/19,0
8/30/19,0.508
8/31/19,0
9/1/19,0.508
9/2/19,0
9/3/19,0
9/4/19,0
9/5/19,0.508
9/6/19,0
9/7/19,0
9/8/19,0
9/9/19,0
9/10/19,0
9/11/19,0
9/12/19,1.016
9/13/19,0
9/14/19,0
9/15/19,0
9/16/19,14.986
9/17/19,1.016
9/18/19,9.144
9/19/19,4.572
9/20/19,0.254
9/21/19,0
9/22/19,0.762
9/23/19,0
9/24/19,0
9/25/19,0
9/26/19,0
9/27/19,0
9/28/19,4.318
9/29/19,4.826
9/30/19,0
10/1/19,0
10/2/19,0
10/3/19,0.254
10/4/19,0
10/5/19,1.778
10/6/19,0
10/7/19,0
10/8/19,0.254
10/9/19,0
10/10/19,3.556
10/11/19,2.286
10/12/19,0.762
10/13/19,2.032
10/14/19,0.254
10/15/19,0
10/16/19,0.254
10/17/19,1.778
10/18/19,0
10/19/19,4.318
10/20/19,0.254
10/21/19,1.27
10/22/19,1.016
10/23/19,0.762
10/24/19,0.254
10/25/19,0.254
10/26/19,1.016
10/27/19,0.508
10/28/19,0
10/29/19,0
10/30/19,0.762
10/31/19,1.778
11/1/19,0.508
11/2/19,0
11/3/19,0
11/4/19,0.254
11/5/19,0
11/6/19,0
11/7/19,0.254
11/8/19,0.254
11/9/19,0
11/10/19,0
11/11/19,0.508
11/12/19,0
11/13/19,0.508
11/14/19,0
11/15/19,0
11/16/19,0
11/17/19,0
11/18/19,0
11/19/19,1.016
11/20/19,0.254
11/21/19,0
11/22/19,0
11/23/19,0
11/24/19,0
11/25/19,0
11/26/19,21.844
11/27/19,5.842
11/28/19,1.778
11/29/19,0
11/30/19,10.668
12/1/19,25.4
12/2/19,3.81
12/3/19,1.27
12/4/19,0.254
12/5/19,0.508
12/6/19,38.354
12/7/19,55.118
12/8/19,1.016
12/9/19,0.254
12/10/19,0
12/11/19,5.588
12/12/19,0
12/13/19,6.604
12/14/19,1.016
12/15/19,0
12/16/19,0
12/17/19,0
12/18/19,1.016
12/19/19,0.508
12/20/19,2.54
12/21/19,0
12/22/19,13.97
12/23/19,0.254
12/24/19,0
12/25/19,0.508
12/26/19,0
12/27/19,0
12/28/19,0
12/29/19,0.254
12/30/19,0.254
12/31/19,0
1/1/20,1.016
1/2/20,0
1/3/20,0
1/4/20,7.874
1/5/20,0
1/6/20,0
1/7/20,0
1/8/20,0
1/9/20,3.048
1/10/20,0
1/11/20,0
1/12/20,0.254
1/13/20,2.286
1/14/20,2.032
1/15/20,7.112
1/16/20,37.592
1/17/20,0.254
1/18/20,0
1/19/20,0
1/20/20,0
1/21/20,11.684
1/22/20,0.254
1/23/20,3.556
1/24/20,4.572
1/25/20,6.858
1/26/20,2.032
1/27/20,0.254
1/28/20,3.556
1/29/20,0
1/30/20,0
1/31/20,0
2/1/20,0
2/2/20,3.81
2/3/20,0
2/4/20,0
2/5/20,0
2/6/20,0
2/7/20,0
2/8/20,0
2/9/20,0
2/10/20,0
2/11/20,0
2/12/20,0
2/13/20,0
2/14/20,0
2/15/20,0
2/16/20,0
2/17/20,0
2/18/20,0
2/19/20,0
2/20/20,0
2/21/20,0
2/22/20,0
2/23/20,0
2/24/20,0.254
2/25/20,0
2/26/20,0
2/27/20,0
2/28/20,0
2/29/20,0
3/1/20,1.016
3/2/20,0.254
3/3/20,0
3/4/20,0
3/5/20,0.508
3/6/20,3.556
3/7/20,14.224
3/8/20,0.254
3/9/20,0
3/10/20,0
3/11/20,0
3/12/20,0
3/13/20,0
3/14/20,1.778
3/15/20,8.382
3/16/20,0.254
3/17/20,11.684
3/18/20,6.35
3/19/20,0
3/20/20,0
3/21/20,0.508
3/22/20,0
3/23/20,0
3/24/20,2.032
3/25/20,0.254
3/26/20,0
3/27/20,0
3/28/20,0
3/29/20,0.508
3/30/20,1.524
3/31/20,2.794
4/1/20,0.762
4/2/20,0
4/3/20,0
4/4/20,8.89
4/5/20,34.036
4/6/20,1.016
4/7/20,0.254
4/8/20,0.254
4/9/20,0
4/10/20,0
4/11/20,0
4/12/20,0
4/13/20,0
4/14/20,0
4/15/20,0.254
4/16/20,0.254
4/17/20,0
4/18/20,0
4/19/20,0
4/20/20,0
4/21/20,0
4/22/20,0
4/23/20,0
4/24/20,0
4/25/20,0
4/26/20,0
4/27/20,0
4/28/20,0
4/29/20,0
4/30/20,0
5/1/20,0
5/2/20,2.286
5/3/20,0
5/4/20,0
5/5/20,0
5/6/20,0
5/7/20,0
5/8/20,0
5/9/20,0
5/10/20,0
5/11/20,2.032
5/12/20,5.842
5/13/20,1.524
5/14/20,1.016
5/15/20,0.254
5/16/20,11.938
5/17/20,39.116
5/18/20,7.874
5/19/20,0.508
5/20/20,0
5/21/20,0
5/22/20,0
5/23/20,0.254
5/24/20,0
5/25/20,0.254
5/26/20,0
5/27/20,0
5/28/20,0
5/29/20,0
5/30/20,13.208
5/31/20,0.508
6/1/20,0.254
6/2/20,0
6/3/20,0
6/4/20,0
6/5/20,0
6/6/20,0
6/7/20,7.62
6/8/20,0.254
6/9/20,0
6/10/20,0
6/11/20,0
6/12/20,0.254
6/13/20,10.922
6/14/20,0
6/15/20,0
6/16/20,0
6/17/20,0.254
6/18/20,0
6/19/20,0
6/20/20,0
6/21/20,0.508
6/22/20,0.508
6/23/20,0
6/24/20,0
6/25/20,0
6/26/20,1.778
6/27/20,0.762
6/28/20,21.59
6/29/20,0
6/30/20,0
7/1/20,0
7/2/20,0
7/3/20,0
7/4/20,0
7/5/20,0
7/6/20,0
7/7/20,0
7/8/20,0
7/9/20,0
7/10/20,0
7/11/20,0
7/12/20,0
7/13/20,0
7/14/20,0
7/15/20,0
7/16/20,0
7/17/20,0
7/18/20,0
7/19/20,0
7/20/20,0
7/21/20,0
7/22/20,6.35
7/23/20,0
7/24/20,0
7/25/20,0
7/26/20,0
7/27/20,4.318
7/28/20,0
7/29/20,0
7/30/20,0
7/31/20,0
8/1/20,0
8/2/20,0
8/3/20,0
8/4/20,0
8/5/20,0
8/6/20,0
8/7/20,0
8/8/20,0
8/9/20,0
8/10/20,0
8/11/20,0
8/12/20,0
8/13/20,0
8/14/20,0
8/15/20,0
8/16/20,0
8/17/20,1.524
8/18/20,0.762
8/19/20,0
8/20/20,0
8/21/20,0
8/22/20,0
8/23/20,0
8/24/20,0
8/25/20,0
8/26/20,0
8/27/20,0
8/28/20,0
8/29/20,0
8/30/20,0
8/31/20,0
9/1/20,0
9/2/20,0
9/3/20,0
9/4/20,0
9/5/20,0
9/6/20,0
9/7/20,0
9/8/20,0
9/9/20,0
9/10/20,0
9/11/20,0
9/12/20,0
9/13/20,0
9/14/20,0
9/15/20,0
9/16/20,0
9/17/20,0
9/18/20,0
9/19/20,0
9/20/20,0
9/21/20,0
9/22/20,0
9/23/20,0
9/24/20,0
9/25/20,0
9/26/20,0
9/27/20,0
9/28/20,0
9/29/20,0
9/30/20,0
10/1/20,0
10/2/20,0
10/3/20,0
10/4/20,0
10/5/20,0
10/6/20,0
10/7/20,0
10/8/20,0
10/9/20,0
10/10/20,0
10/11/20,0
10/12/20,0
10/13/20,0
10/14/20,0
10/15/20,0
10/16/20,0
10/17/20,0
10/18/20,0
10/19/20,0
10/20/20,0
10/21/20,0
10/22/20,0
10/23/20,0
10/24/20,0
10/25/20,0
10/26/20,0
10/27/20,0
10/28/20,0
10/29/20,0
10/30/20,0
10/31/20,0
11/1/20,0
11/2/20,0
11/3/20,0
11/4/20,0
11/5/20,0
11/6/20,0
11/7/20,1.524
11/8/20,1.27
11/9/20,0
11/10/20,0
11/11/20,0
11/12/20,0
11/13/20,12.446
11/14/20,0
11/15/20,1.27
11/16/20,0
11/17/20,16.51
11/18/20,4.826
11/19/20,0
11/20/20,0
11/21/20,0
11/22/20,0
11/23/20,0
11/24/20,0
11/25/20,2.286
11/26/20,0
11/27/20,0
11/28/20,0
11/29/20,0
11/30/20,0
12/1/20,0
12/2/20,0
12/3/20,0
12/4/20,0
12/5/20,0
12/6/20,0
12/7/20,0
12/8/20,0
12/9/20,0
12/10/20,0
12/11/20,0.508
12/12/20,0.254
12/13/20,7.62
12/14/20,0
12/15/20,0.762
12/16/20,3.302
12/17/20,1.27
12/18/20,0
12/19/20,0
12/20/20,0
12/21/20,1.524
12/22/20,1.016
12/23/20,0
12/24/20,0
12/25/20,21.844
12/26/20,2.54
12/27/20,0
12/28/20,0
12/29/20,0
12/30/20,1.524
12/31/20,0
1/1/21,1.778
1/2/21,0.508
1/3/21,0.508
1/4/21,32.004
1/5/21,0
1/6/21,3.048
1/7/21,0
1/8/21,9.398
1/9/21,0
1/10/21,0
1/11/21,0
1/12/21,0
1/13/21,1.27
1/14/21,0
1/15/21,0
1/16/21,0
1/17/21,0
1/18/21,0
1/19/21,0
1/20/21,0
1/21/21,0
1/22/21,0
1/23/21,0
1/24/21,9.652
1/25/21,0.762
1/26/21,21.082
1/27/21,29.21
1/28/21,15.748
1/29/21,0.254
1/30/21,1.524
1/31/21,17.018
2/1/21,23.876
2/2/21,1.27
2/3/21,2.286
2/4/21,0
2/5/21,0
2/6/21,0
2/7/21,0
2/8/21,0
2/9/21,0
2/10/21,0
2/11/21,3.81
2/12/21,0.762
2/13/21,5.842
2/14/21,0.508
2/15/21,0
2/16/21,0
2/17/21,0
2/18/21,2.794
2/19/21,0
2/20/21,0
2/21/21,0
2/22/21,0
2/23/21,0
2/24/21,0
2/25/21,0
2/26/21,0
2/27/21,0
2/28/21,0
3/1/21,0
3/2/21,0
3/3/21,0
3/4/21,0
3/5/21,0
3/6/21,9.906
3/7/21,0
3/8/21,2.032
3/9/21,13.716
3/10/21,8.382
3/11/21,0
3/12/21,0
3/13/21,0
3/14/21,8.382
3/15/21,12.192
3/16/21,0
3/17/21,0
3/18/21,16.002
3/19/21,0
3/20/21,0
3/21/21,0
3/22/21,0
3/23/21,0
3/24/21,0
3/25/21,0
3/26/21,0
3/27/21,0
3/28/21,0
3/29/21,0
3/30/21,0
3/31/21,0
4/1/21,0
4/2/21,0
4/3/21,0
4/4/21,0
4/5/21,0
4/6/21,0
4/7/21,0
4/8/21,0
4/9/21,0
4/10/21,0
4/11/21,0
4/12/21,0
4/13/21,0
4/14/21,0
4/15/21,0
4/16/21,0
4/17/21,0
4/18/21,0
4/19/21,0
4/20/21,0
4/21/21,0
4/22/21,0
4/23/21,0
4/24/21,1.016
4/25/21,8.382
4/26/21,0
4/27/21,0
4/28/21,0
4/29/21,0
4/30/21,0
5/1/21,0
5/2/21,0
5/3/21,0
5/4/21,0
5/5/21,0
5/6/21,0
5/7/21,0
5/8/21,0
5/9/21,0
5/10/21,0
5/11/21,0
5/12/21,0
5/13/21,0
5/14/21,11.43
5/15/21,0.254
5/16/21,0
5/17/21,0
5/18/21,0
5/19/21,0
5/20/21,1.016
5/21/21,0
5/22/21,1.778
5/23/21,0
5/24/21,0.254
5/25/21,0
5/26/21,0
5/27/21,0
5/28/21,0
5/29/21,0
5/30/21,0
5/31/21,0
6/1/21,0
6/2/21,0
6/3/21,0
6/4/21,0
6/5/21,0
6/6/21,0
6/7/21,0
6/8/21,0.762
6/9/21,0.508
6/10/21,0
6/11/21,0
6/12/21,0
6/13/21,0
6/14/21,1.524
6/15/21,0
6/16/21,0
6/17/21,0
6/18/21,0
6/19/21,0
6/20/21,0
6/21/21,0
6/22/21,0
6/23/21,0
6/24/21,0
6/25/21,0
6/26/21,0
6/27/21,0
6/28/21,0
6/29/21,0
6/30/21,0
7/1/21,0
7/2/21,0
7/3/21,0
7/4/21,0
7/5/21,0
7/6/21,0
7/7/21,0
7/8/21,0
7/9/21,0
7/10/21,0
7/11/21,0
7/12/21,0
7/13/21,0
7/14/21,0
7/15/21,0
7/16/21,0
7/17/21,0
7/18/21,0
7/19/21,0
7/20/21,0
7/21/21,0
7/22/21,0
7/23/21,0
7/24/21,0
7/25/21,0
7/26/21,0
7/27/21,4.318
7/28/21,0
7/29/21,0
7/30/21,0
7/31/21,1.016
8/1/21,0
8/2/21,0
8/3/21,0
8/4/21,0
8/5/21,0
8/6/21,0
8/7/21,0
8/8/21,0
8/9/21,0
8/10/21,0
8/11/21,0
8/12/21,0
8/13/21,0
8/14/21,0
8/15/21,0
8/16/21,0
8/17/21,0
8/18/21,0
8/19/21,0
8/20/21,0
8/21/21,0
8/22/21,0
8/23/21,0
8/24/21,0
8/25/21,0
8/26/21,0
8/27/21,0
8/28/21,0
8/29/21,0
8/30/21,0
8/31/21,0
9/1/21,0
9/2/21,0
9/3/21,0
9/4/21,0
9/5/21,0
9/6/21,0
9/7/21,0
9/8/21,0
9/9/21,0
9/10/21,10.16
9/11/21,0
9/12/21,0
9/13/21,0
9/14/21,0
9/15/21,0
9/16/21,0
9/17/21,0
9/18/21,5.842
9/19/21,0
9/20/21,0
9/21/21,0
9/22/21,0
9/23/21,0
9/24/21,0
9/25/21,0
9/26/21,0
9/27/21,2.286
9/28/21,0
9/29/21,0
9/30/21,0
10/1/21,0
10/2/21,0
10/3/21,0
10/4/21,0
10/5/21,0
10/6/21,0
10/7/21,0
10/8/21,0
10/9/21,0
10/10/21,0
10/11/21,0
10/12/21,0
10/13/21,0
10/14/21,0
10/15/21,0
10/16/21,0
10/17/21,5.334
10/18/21,1.524
10/19/21,9.144
10/20/21,12.192
10/21/21,21.844
10/22/21,30.988
10/23/21,8.382
10/24/21,49.022
10/25/21,0.254
10/26/21,0
10/27/21,0.254
10/28/21,0
10/29/21,0
10/30/21,11.43
10/31/21,0
11/1/21,15.748
11/2/21,3.048
11/3/21,5.842
11/4/21,7.874
11/5/21,4.318
11/6/21,1.016
11/7/21,0
11/8/21,12.192
11/9/21,19.05
11/10/21,0.254
11/11/21,0
11/12/21,0
11/13/21,0
11/14/21,0
11/15/21,0
11/16/21,0
11/17/21,0
11/18/21,2.54
11/19/21,0
11/20/21,0
11/21/21,0
11/22/21,0
11/23/21,0
11/24/21,0
11/25/21,0
11/26/21,0
11/27/21,0
11/28/21,0
11/29/21,0
11/30/21,0
12/1/21,0
12/2/21,0
12/3/21,0
12/4/21,0
12/5/21,0
12/6/21,1.016
12/7/21,0
12/8/21,0
12/9/21,0
12/10/21,0
12/11/21,5.588
12/12/21,12.192
12/13/21,39.116
12/14/21,0
12/15/21,17.78
12/16/21,0.508
12/17/21,0
12/18/21,0
12/19/21,0
12/20/21,0
12/21/21,1.27
12/22/21,16.002
12/23/21,3.048
12/24/21,2.032
12/25/21,1.524
12/26/21,2.286
12/27/21,1.016
12/28/21,1.524
12/29/21,0.254
12/30/21,10.414
12/31/21,0
1/1/22,10.16
1/2/22,0
1/3/22,15.24
1/4/22,0.508
1/5/22,0.254
1/6/22,0.254
1/7/22,4.064
1/8/22,0
1/9/22,0
1/10/22,0
1/11/22,0
1/12/22,0
1/13/22,0
1/14/22,0
1/15/22,0
1/16/22,0
1/17/22,0.254
1/18/22,0
1/19/22,0
1/20/22,0
1/21/22,0
1/22/22,0
1/23/22,0
1/24/22,0
1/25/22,0
1/26/22,0
1/27/22,0
1/28/22,0
1/29/22,0
1/30/22,0
1/31/22,0
2/1/22,0
2/2/22,0
2/3/22,0
2/4/22,0
2/5/22,0
2/6/22,0
2/7/22,0
2/8/22,0
2/9/22,0
2/10/22,0
2/11/22,0
2/12/22,0
2/13/22,0
2/14/22,1.27
2/15/22,0
2/16/22,0
2/17/22,0
2/18/22,0
2/19/22,0
2/20/22,0
2/21/22,0
2/22/22,0
2/23/22,0
2/24/22,0
2/25/22,0
2/26/22,0
2/27/22,0
2/28/22,0
3/1/22,0
3/2/22,0
3/3/22,0.508
3/4/22,5.588
3/5/22,4.572
3/6/22,0
3/7/22,0
3/8/22,0
3/9/22,0
3/10/22,0
3/11/22,0
3/12/22,0
3/13/22,0.254
3/14/22,0
3/15/22,2.794
3/16/22,0
3/17/22,0
3/18/22,0
3/19/22,2.286
3/20/22,0
3/21/22,0
3/22/22,0
3/23/22,0
3/24/22,0
3/25/22,0
3/26/22,0
3/27/22,0
3/28/22,1.016
3/29/22,0
3/30/22,0
3/31/22,0
4/1/22,0
4/2/22,0
4/3/22,0
4/4/22,0
4/5/22,0
4/6/22,0
4/7/22,0
4/8/22,0
4/9/22,0
4/10/22,0
4/11/22,0.508
4/12/22,0
4/13/22,3.556
4/14/22,1.016
4/15/22,2.794
4/16/22,12.7
4/17/22,0
4/18/22,10.414
4/19/22,1.778
4/20/22,21.844
4/21/22,2.794
4/22/22,0
4/23/22,0
4/24/22,0
4/25/22,0
4/26/22,0
4/27/22,0
4/28/22,0
4/29/22,0
4/30/22,0
5/1/22,0
5/2/22,0
5/3/22,0
5/4/22,0
5/5/22,2.54
5/6/22,0.508
5/7/22,0
5/8/22,0
5/9/22,6.096
5/10/22,1.27
5/11/22,0
5/12/22,0
5/13/22,0
5/14/22,0
5/15/22,0
5/16/22,0
5/17/22,0
5/18/22,0
5/19/22,0
5/20/22,0
5/21/22,0
5/22/22,0
5/23/22,0
5/24/22,0
5/25/22,0
5/26/22,0
5/27/22,0
5/28/22,1.016
5/29/22,0
5/30/22,0
5/31/22,0
6/1/22,0
6/2/22,0
6/3/22,0.762
6/4/22,0.762
6/5/22,3.302
6/6/22,0
6/7/22,0
6/8/22,0
6/9/22,0
6/10/22,0
6/11/22,0
6/12/22,1.27
6/13/22,0
6/14/22,0
6/15/22,0
6/16/22,0
6/17/22,1.27
6/18/22,0.254
6/19/22,0
6/20/22,0
6/21/22,0
6/22/22,0
6/23/22,0
6/24/22,0
6/25/22,0
6/26/22,0
6/27/22,0
6/28/22,0
6/29/22,0
6/30/22,0
7/1/22,0
7/2/22,0
7/3/22,0.508
7/4/22,2.794
7/5/22,3.556
7/6/22,0
7/7/22,0
7/8/22,0
7/9/22,0
7/10/22,0
7/11/22,0
7/12/22,0
7/13/22,0
7/14/22,0
7/15/22,0
7/16/22,0
7/17/22,0
7/18/22,0
7/19/22,0
7/20/22,0
7/21/22,0
7/22/22,0
7/23/22,0
7/24/22,0
7/25/22,0
7/26/22,0
7/27/22,0
7/28/22,0
7/29/22,0
7/30/22,0
7/31/22,0
8/1/22,0
8/2/22,17.78
8/3/22,10.922
8/4/22,0
8/5/22,0
8/6/22,0
8/7/22,0
8/8/22,0
8/9/22,0
8/10/22,0
8/11/22,0
8/12/22,0
8/13/22,0
8/14/22,0
8/15/22,0
8/16/22,0
8/17/22,0
8/18/22,0
8/19/22,0
8/20/22,0
8/21/22,0
8/22/22,0
8/23/22,0
8/24/22,0
8/25/22,0
8/26/22,0
8/27/22,0
8/28/22,0
8/29/22,0
8/30/22,0
8/31/22,0
9/1/22,0
9/2/22,0
9/3/22,0
9/4/22,0
9/5/22,0
9/6/22,0
9/7/22,0
9/8/22,0
9/9/22,0
9/10/22,0
9/11/22,0
9/12/22,0
9/13/22,0
9/14/22,0
9/15/22,0
9/16/22,0
9/17/22,3.81
9/18/22,4.064
9/19/22,15.494
9/20/22,1.27
9/21/22,2.286
9/22/22,0
9/23/22,0
9/24/22,0
9/25/22,0
9/26/22,0
9/27/22,0
9/28/22,0
9/29/22,0
9/30/22,0
10/1/22,0
10/2/22,0
10/3/22,0
10/4/22,0
10/5/22,0
10/6/22,0
10/7/22,0
10/8/22,0
10/9/22,0
10/10/22,0
10/11/22,0
10/12/22,0
10/13/22,0
10/14/22,0
10/15/22,0
10/16/22,0
10/17/22,0
10/18/22,0
10/19/22,0
10/20/22,0
10/21/22,0
10/22/22,2.032
10/23/22,0
10/24/22,0
10/25/22,0
10/26/22,0
10/27/22,0
10/28/22,0
10/29/22,0
10/30/22,0
10/31/22,0
11/1/22,19.558
11/2/22,0.762
11/3/22,0
11/4/22,0
11/5/22,1.778
11/6/22,13.208
11/7/22,13.97
11/8/22,19.304
11/9/22,1.524
11/10/22,0
11/11/22,0.254
11/12/22,0
11/13/22,0
11/14/22,0
11/15/22,0
11/16/22,0
11/17/22,0
11/18/22,0
11/19/22,0
11/20/22,0
11/21/22,0
11/22/22,0
11/23/22,0
11/24/22,0
11/25/22,0
11/26/22,0
11/27/22,0
11/28/22,0
11/29/22,0
11/30/22,5.842
12/1/22,12.954
12/2/22,0
12/3/22,1.524
12/4/22,12.192
12/5/22,15.24
12/6/22,0
12/7/22,0
12/8/22,71.374
12/9/22,0
12/10/22,0
12/11/22,0
12/12/22,0
12/13/22,0
12/14/22,0
12/15/22,0
12/16/22,0
12/17/22,0
12/18/22,0
12/19/22,0
12/20/22,0
12/21/22,0
12/22/22,0
12/23/22,0
12/24/22,0
12/25/22,0
12/26/22,0
12/27/22,0
12/28/22,0
12/29/22,0
12/30/22,0
12/31/22,0
1/1/23,0
1/2/23,0
1/3/23,0
1/4/23,0
1/5/23,0
1/6/23,0
1/7/23,0
1/8/23,0
1/9/23,0
1/10/23,0
1/11/23,0
1/12/23,0
1/13/23,0
1/14/23,0
1/15/23,0
1/16/23,0
1/17/23,0
1/18/23,0
1/19/23,0
1/20/23,0
1/21/23,0
1/22/23,0
1/23/23,0
1/24/23,0
1/25/23,0
1/26/23,0
1/27/23,0
1/28/23,0
1/29/23,0
1/30/23,0
1/31/23,0
2/1/23,0
2/2/23,0
2/3/23,0
2/4/23,0
2/5/23,0
2/6/23,0
2/7/23,0
2/8/23,0
2/9/23,0
2/10/23,0
2/11/23,0
2/12/23,0
2/13/23,0
2/14/23,0
2/15/23,0
2/16/23,0
2/17/23,0
2/18/23,0
2/19/23,0
2/20/23,0
2/21/23,0
2/22/23,0
2/23/23,0
2/24/23,0
2/25/23,0
2/26/23,0
2/27/23,0
2/28/23,0
3/1/23,0
3/2/23,0
3/3/23,0
3/4/23,0
3/5/23,0
3/6/23,0
3/7/23,0
3/8/23,0
3/9/23,0
3/10/23,0
3/11/23,0
3/12/23,0
3/13/23,0
3/14/23,0
3/15/23,0
3/16/23,0
3/17/23,0
3/18/23,0
3/19/23,0
3/20/23,0
3/21/23,0
3/22/23,0
3/23/23,0
3/24/23,0
3/25/23,0
3/26/23,0
3/27/23,0
3/28/23,0
3/29/23,0
3/30/23,0
3/31/23,0
4/1/23,0
4/2/23,0
4/3/23,0
4/4/23,0
4/5/23,0
4/6/23,0
4/7/23,0
4/8/23,0
4/9/23,0
4/10/23,0
4/11/23,0
4/12/23,0
4/13/23,0
4/14/23,0
4/15/23,0
4/16/23,0
4/17/23,0
4/18/23,0
4/19/23,0
4/20/23,0
4/21/23,0
4/22/23,0
4/23/23,0
4/24/23,0
4/25/23,0
4/26/23,0
4/27/23,0
4/28/23,0
4/29/23,0
4/30/23,0
5/1/23,0
5/2/23,0
5/3/23,0
5/4/23,0
5/5/23,0
5/6/23,0
5/7/23,0
5/8/23,0
5/9/23,0
5/10/23,0
5/11/23,0
5/12/23,0
5/13/23,0
5/14/23,0
5/15/23,0
5/16/23,0
5/17/23,0
5/18/23,0
5/19/23,0
5/20/23,0
5/21/23,0
