Date,DATE,WS_1,WS_2,WS_3,WS_4,WS_5,WS_6,WS_7,WS_8,WS_9
90101,1/1/90,0,0,0,0,0,0,0,0,0
90102,1/2/90,0,0,0,0,0,0,0,0,0
90103,1/3/90,0,0,0,0,0,0,1.1,0.8,0.8
90104,1/4/90,0,0,0,0,0,0,0,0,0
90105,1/5/90,3,3,2.9,3.2,3.2,3.2,2.5,2.2,2.7
90106,1/6/90,0,0,0,0,0,0,0,0,0
90107,1/7/90,16,15.4,14,15.5,14.8,15.2,16,16.2,17.6
90108,1/8/90,5.3,5.7,5.9,4.7,5.3,5.6,5.4,5.3,5.6
90109,1/9/90,0,0,0,0,0,0,0,0,0
90110,1/10/90,0,0,0,0,0,0,0,0,0
90111,1/11/90,8.6,8.8,8.6,8,8.4,8.9,10,10,10.1
90112,1/12/90,0,0,0,0,0,0,0,0,0
90113,1/13/90,1.1,0.9,0.8,1.3,1.1,1.1,1.4,1.4,1.5
90114,1/14/90,0.8,0.9,1.2,0.8,1,0.9,0.9,0.8,1
90115,1/15/90,0,0,0,0,0,0,0,0,0
90116,1/16/90,0.4,0.3,0.3,0.5,0.3,0.2,0.3,0.3,0.3
90117,1/17/90,0,0,0,0,0,0,0,0,0
90118,1/18/90,9.5,8.9,8.8,10.9,10.4,11.5,13.1,12.8,12.7
90119,1/19/90,4.4,4.5,5.4,4.5,4.7,4.4,5.1,5,5.9
90120,1/20/90,0,0,0,0,0,0,0,0,0
90121,1/21/90,0,0,0,0,0,0,0,0,0
90122,1/22/90,0,0,0,0,0,0,0,0,0
90123,1/23/90,0,0,0,0,0,0,0,0,0
90124,1/24/90,3.1,3.2,3.9,3,3.2,3.1,1.3,0.5,0.3
90125,1/25/90,0,0,0,0,0,0,0,0,0
90126,1/26/90,0,0,0,0,0,0,0,0,0
90127,1/27/90,0,0,0,0,0,0,0,0,0
90128,1/28/90,24.1,23.1,23.1,26.2,26.5,28.5,35.3,35.2,35.8
90129,1/29/90,0.8,0.9,1,0.9,1,1,0.9,0.9,0.8
90130,1/30/90,0,0,0,0,0,0,0,0,0
90131,1/31/90,0,0,0,0,0,0,0,0,0
90201,2/1/90,0,0,0,0,0,0,0,0,0
90202,2/2/90,0,0,0,0,0,0,0,0,0
90203,2/3/90,0.4,0.3,0.3,0.4,0.3,0.3,0,0.1,0
90204,2/4/90,0,0,0,0,0,0,0,0,0
90205,2/5/90,0,0,0,0,0,0,0,0,0
90206,2/6/90,0,0,0,0,0,0,0,0,0
90207,2/7/90,0,0,0,0,0,0,0,0,0
90208,2/8/90,2.4,2.6,2.5,2.3,2.8,3.4,1.5,2,1.3
90209,2/9/90,0,0,0,0,0,0,0,0,0
90210,2/10/90,0,0,0,0,0,0,0,0,0
90211,2/11/90,6.1,5.9,5.7,6.2,6.1,6.3,5.3,5.3,5.7
90212,2/12/90,19.6,19.4,19.4,19.7,20.7,22.5,19.6,19.1,19.2
90213,2/13/90,0.9,0.9,0.9,0.9,0.9,1,1.1,0.9,0.7
90214,2/14/90,0,0,0,0,0,0,0,0,0
90215,2/15/90,0,0,0,0,0,0,0,0,0
90216,2/16/90,0,0,0,0,0,0,0,0,0
90217,2/17/90,0,0,0,0,0,0,0,0,0
90218,2/18/90,6,5.7,5.5,6.8,6.4,6.8,8.7,9.8,11.9
90219,2/19/90,8.7,8.8,9.4,9.4,9.5,9.4,14.1,14.1,14
90220,2/20/90,1.2,1.2,1.3,1.4,1.8,2.8,5,5,5.2
90221,2/21/90,0,0,0,0,0,0,0,0,0
90222,2/22/90,15.5,15.5,16.1,17.1,17.9,20,25.1,25.1,23.2
90223,2/23/90,4.7,4.7,4.9,5.2,5.8,7.1,5.7,6.2,7.1
90224,2/24/90,0.4,0.4,0.4,0.4,0.4,0.5,0.2,0.2,0.3
90225,2/25/90,0,0,0,0,0,0,0,0,0
90226,2/26/90,0,0,0,0,0,0,0,0,0
90227,2/27/90,11.8,11.4,11.3,11.8,11,11.1,14.4,15.1,15
90228,2/28/90,0.9,1,1.1,0.8,1,1,1,1,0.9
90301,3/1/90,0,0,0,0,0,0,0,0,0
90302,3/2/90,5.8,5.8,6.1,5.6,5.7,5.8,4.3,4.7,4.9
90303,3/3/90,0.5,0.5,0.7,0.4,0.4,0.3,0,0,0
90304,3/4/90,0,0,0,0,0,0,0,0,0
90305,3/5/90,0,0,0,0,0,0,0,0,0
90306,3/6/90,1.9,1.8,1.7,2,1.6,1.3,0.9,1.2,1.6
90307,3/7/90,6.8,6.4,6.1,7.2,7.5,9.2,5.5,5.9,7.4
90308,3/8/90,7.5,8,8.8,6.9,6.8,5.5,10.3,9.8,9
90309,3/9/90,11.1,11,11.2,11.2,10.8,10.8,9.6,9.8,11.1
90310,3/10/90,1.3,1.4,1.6,1.3,2.5,4.4,1.5,1.6,1.7
90311,3/11/90,25,24.6,25.2,25.7,24.1,22.8,24,24.3,23.1
90312,3/12/90,0,0,0,0,0,0,0,0,0
90313,3/13/90,0,0,0,0,0,0,0,0,0
90314,3/14/90,0,0,0,0,0,0,0,0,0
90315,3/15/90,0,0,0,0,0,0,0,0,0
90316,3/16/90,0,0,0,0,0,0,0,0,0
90317,3/17/90,0,0,0,0,0,0,0,0,0
90318,3/18/90,2.3,2.1,1.9,2.3,2.9,3,1.9,2,2.3
90319,3/19/90,0.9,0.9,0.9,0.9,1.1,0.9,1.6,1.3,0.9
90320,3/20/90,0,0,0,0,0,0,0,0,0
90321,3/21/90,0,0,0,0,0,0,0,0,0
90322,3/22/90,0.7,0.6,0.6,0.7,0.7,0.6,0.6,0.6,0.7
90323,3/23/90,0,0,0,0,0,0,0,0,0
90324,3/24/90,0,0,0,0,0,0,0,0,0
90325,3/25/90,0,0,0,0,0,0,0,0,0
90326,3/26/90,5.5,5.2,4.9,5.9,5.6,6.3,8.1,7.8,8.2
90327,3/27/90,1.4,1.7,2.1,1.1,1.2,0.8,1.1,0.9,0.9
90328,3/28/90,0,0,0,0,0,0,0,0,0
90329,3/29/90,12.1,12.1,12.5,12.2,12,12.3,13.8,13.2,15.8
90330,3/30/90,4.6,4.6,4.6,4.7,4.6,4.7,5.4,5.1,4.4
90331,3/31/90,0.5,0.5,0.5,0.5,0.5,0.5,0.5,0.5,0.5
90401,4/1/90,2.7,2.4,2.1,3.2,2.8,2.7,2.1,2.6,3
90402,4/2/90,0.7,0.8,1,0.6,0.8,0.8,1.1,0.9,0.5
90403,4/3/90,10.5,10.5,10.7,11.3,11.9,12.3,14.7,15.4,13.4
90404,4/4/90,4.1,4.1,4.2,4.3,4.6,4.5,5.3,5.5,4.8
90405,4/5/90,0,0,0,0,0,0,0.3,0.2,0.1
90406,4/6/90,24.7,24.3,23.3,24.8,24.4,25.3,24.8,25.1,25.9
90407,4/7/90,5.9,6.2,6.4,5.5,5.6,5.1,6.5,6.1,5.6
90408,4/8/90,0,0,0,0,0,0,0,0,0
90409,4/9/90,0,0,0,0,0,0,0,0,0
90410,4/10/90,0,0,0,0,0,0,0,0,0
90411,4/11/90,0,0,0,0,0,0,0,0,0
90412,4/12/90,0.8,0.9,1,0.7,0.9,1.1,0.3,0.3,0.3
90413,4/13/90,0,0,0,0,0,0,0,0,0
90414,4/14/90,0,0,0,0,0,0,0,0,0
90415,4/15/90,0,0,0,0,0,0,0,0,0
90416,4/16/90,0,0,0,0,0,0,0,0,0
90417,4/17/90,0,0,0,0,0,0,0,0,0
90418,4/18/90,0,0,0,0,0,0,0,0,0
90419,4/19/90,0,0,0,0,0,0,0,0,0
90420,4/20/90,0,0,0,0,0,0,0,0,0
90421,4/21/90,14.6,14.4,14,15.6,15.6,16.2,18.8,19.1,17.2
90422,4/22/90,13.1,12.7,12.1,14.2,14.2,15.2,14.3,14.5,13.2
90423,4/23/90,8.4,8.2,7.8,9.1,8.7,8.8,6.3,6.2,6.2
90424,4/24/90,0,0,0,0,0,0,0,0,0
90425,4/25/90,0,0,0,0,0,0,0,0,0
90426,4/26/90,0,0,0,0,0,0,0,0,0
90427,4/27/90,0,0,0,0,0,0,0,0,0
90428,4/28/90,0,0,0,0,0,0,0,0,0
90429,4/29/90,0,0,0,0,0,0,0,0,0
90430,4/30/90,1.6,1.5,1.3,1.8,1.5,1.4,1.4,1.7,2.3
90501,5/1/90,8.7,8.6,8.7,9.2,8.8,8.8,8.1,8.3,10
90502,5/2/90,5.2,5.3,5.5,5.3,5.6,6,9.2,8.2,6.9
90503,5/3/90,0,0,0,0,0,0,0,0,0
90504,5/4/90,0,0,0,0,0,0,0,0,0
90505,5/5/90,0.3,0.3,0.3,0.3,0.3,0.3,0.5,0.6,0.7
90506,5/6/90,2.1,2.2,2.4,2.2,2.3,2.1,2.2,2,2.5
90507,5/7/90,16.7,16.6,16.9,18.2,17.9,17.5,19.8,18.7,19.8
90508,5/8/90,0.4,0.3,0.2,0.6,0.7,1.3,0.5,0.5,0.2
90509,5/9/90,12.9,12.8,13,14,15,16.7,12.8,12.4,12.7
90510,5/10/90,3.8,3.9,4,4.1,4.7,5.7,5.7,5.4,4.6
90511,5/11/90,0,0,0,0,0,0,0,0,0
90512,5/12/90,0,0,0,0,0,0,0,0,0
90513,5/13/90,0,0,0,0,0,0,0,0,0
90514,5/14/90,11.8,11.7,11.9,12,11.6,11.2,13.1,13.1,13.4
90515,5/15/90,0,0,0,0,0,0,0,0,0
90516,5/16/90,13.6,13.3,13.2,14.2,13.4,13.3,13.9,14.1,13.3
90517,5/17/90,7.8,8.2,8.8,7.6,8.6,9.6,8.3,8,8
90518,5/18/90,0,0,0,0,0,0,0,0,0
90519,5/19/90,0,0,0,0,0,0,0,0,0
90520,5/20/90,0,0,0,0,0,0,0,0,0
90521,5/21/90,0,0,0,0,0,0,0,0,0
90522,5/22/90,0,0,0,0,0,0,0,0,0
90523,5/23/90,0.5,0.5,0.6,0.5,0.5,0.4,0.8,0.8,0.5
90524,5/24/90,4.1,4,4.1,4.3,4.3,4.3,3.3,3.2,3.8
90525,5/25/90,0,0,0,0,0,0,0,0,0
90526,5/26/90,0,0,0,0,0,0,0,0,0
90527,5/27/90,34.9,34.4,33.4,34.7,34,34.1,33.8,33,35.3
90528,5/28/90,19.2,19.1,18.9,18.9,18.6,18.2,20.3,19.4,19.7
90529,5/29/90,9.8,9.9,9.9,9.5,10.3,11.4,9.5,9,9.5
90530,5/30/90,1.2,1.2,1.2,1.2,0.9,0.5,1.1,1.1,0.7
90531,5/31/90,5.1,5.3,5.6,4.9,5.2,5.2,1.9,1.8,1.3
90601,6/1/90,0,0,0,0,0,0,0,0,0
90602,6/2/90,0,0,0,0,0,0,0,0,0
90603,6/3/90,0,0,0,0,0,0,0,0,0
90604,6/4/90,0,0,0,0,0,0,0,0,0
90605,6/5/90,0,0,0,0,0,0,0,0,0
90606,6/6/90,0,0,0,0,0,0,0,0,0
90607,6/7/90,1.1,1.2,1.1,1.2,1.3,1.4,1.1,1,1.2
90608,6/8/90,0,0,0,0,0,0,0,0,0
90609,6/9/90,12.7,12.5,12.3,13.1,12.5,11.8,14.8,14.4,16.3
90610,6/10/90,0,0,0,0,0,0,0,0,0
90611,6/11/90,8,7.9,7.8,8.3,8.6,9.3,9.4,9.4,10.8
90612,6/12/90,40.5,40.5,40.4,41.2,41.5,41.6,49.9,47.5,46.9
90613,6/13/90,0,0,0,0,0,0,0,0.4,0.6
90614,6/14/90,6.5,6.5,6.5,6.6,6.6,6.5,7.1,6.6,7.5
90615,6/15/90,2.5,2.5,2.4,2.6,2.6,2.8,6.5,6.3,6.1
90616,6/16/90,0,0,0,0,0,0,0,0,0
90617,6/17/90,0,0,0,0,0,0,0,0,0
90618,6/18/90,16.3,15.7,14.7,17.7,16.1,14.7,13.7,15,17
90619,6/19/90,18.1,19.3,20.2,18,21.2,23.4,24.6,23.6,22.6
90620,6/20/90,0,0,0,0,0,0,0,0,0
90621,6/21/90,1.9,1.7,1.6,2.1,1.9,1.9,1.4,1.4,1.3
90622,6/22/90,0,0,0,0,0,0,0,0,0
90623,6/23/90,0,0,0,0,0,0,0,0,0
90624,6/24/90,0,0,0,0,0,0,0,0,0
90625,6/25/90,0,0,0,0,0,0,0,0,0
90626,6/26/90,0.6,0.6,0.5,0.6,0.6,0.6,0.6,0.7,0.6
90627,6/27/90,4.7,5.3,5.7,4.7,6.6,8.4,5.3,5.6,8.6
90628,6/28/90,2.9,3.1,3.2,3,3.3,3.3,3.8,4.1,4.4
90629,6/29/90,22.7,22.5,21.4,25.1,25,24.8,28.1,29.3,29.7
90630,6/30/90,2,1.9,1.5,2.2,2,2.3,2.8,3,3.4
90701,7/1/90,4.8,4.7,4.5,4.6,4.7,5.3,11.2,10.7,7.7
90702,7/2/90,44.9,45.1,43.9,42.4,45,51.7,45.5,45.4,43.8
90703,7/3/90,11.2,10.5,9.2,11.8,9,6.9,3.4,4.2,5.4
90704,7/4/90,11.4,11.1,10.4,11.3,12.7,16.3,7.8,7.8,6.7
90705,7/5/90,0.5,0.5,0.5,0.5,0.6,0.8,0.6,0.6,0.5
90706,7/6/90,0,0,0,0,0,0,0,0,0
90707,7/7/90,9.1,8.9,8.1,8.6,8.6,9,5.8,6.2,8.7
90708,7/8/90,14.7,14.8,14,13.7,12.7,10.7,4.1,4.2,6.7
90709,7/9/90,0.7,0.9,1.2,0.5,1,1.4,0,0,0
90710,7/10/90,0,0,0,0,0,0,0,0,0
90711,7/11/90,16.2,15.9,14.5,15.4,14.7,14.3,22.6,22.8,21.2
90712,7/12/90,4.8,4.8,4.5,4.5,4.8,5.3,1.1,1.2,1.5
90713,7/13/90,0.3,0.3,0.3,0.3,0.3,0.3,0,0,0
90714,7/14/90,0.3,0.3,0.3,0.3,0.3,0.3,0,0,0
90715,7/15/90,0,0,0,0,0,0,0,0,0
90716,7/16/90,6.3,6.3,6.2,6.4,6.4,6.6,16.1,14.5,13.7
90717,7/17/90,1.9,1.9,1.9,2,2,2,3.3,3.3,3.1
90718,7/18/90,6.1,6.1,5.9,6.1,6.3,6.9,4.9,4.4,5.5
90719,7/19/90,0,0,0,0,0,0,0,0,0
90720,7/20/90,0,0,0,0,0,0,0,0,0
90721,7/21/90,23.3,23.1,22.2,23.5,23.9,25.2,25.9,25.3,27.6
90722,7/22/90,5.6,5.8,5.8,5.5,4.7,3,4.1,3.8,3.2
90723,7/23/90,0,0,0,0,0,0,0,0,0
90724,7/24/90,18.2,18.1,17.3,18.4,18.1,18.2,19.3,18.9,19
90725,7/25/90,4.9,5.1,5.2,4.7,5.4,6.1,1.4,1.2,0.8
90726,7/26/90,1.1,1.1,0.9,1.2,0.9,0.5,0.8,0.8,0.8
90727,7/27/90,3,3.2,3.4,2.8,3.4,3.8,3.6,3.6,3
90728,7/28/90,0,0,0,0,0,0,0,0,0
90729,7/29/90,27,26.4,25.7,27.5,25.8,24.5,25.4,26.2,28
90730,7/30/90,19.6,20.2,21,19,20.3,20.7,18,18.1,21
90731,7/31/90,17.1,17.3,17.5,16.9,17.8,18.6,18.3,18.2,18.3
90801,8/1/90,0,0,0,0,0,0,0,0,0
90802,8/2/90,42.4,42.5,42.6,42.2,41.9,40.8,38.4,38.3,37.4
90803,8/3/90,1.4,1.2,1.1,1.5,1.1,0.8,4.4,3.7,2.3
90804,8/4/90,0,0,0,0,0,0,0,0,0
90805,8/5/90,0,0,0,0,0,0,0,0,0
90806,8/6/90,0,0,0,0,0,0,0,0,0
90807,8/7/90,0,0,0,0,0,0,0,0,0
90808,8/8/90,0,0,0,0,0,0,0,0,0
90809,8/9/90,2.8,2.6,2.5,2.9,2.8,2.7,3.9,3.6,4.2
90810,8/10/90,0.8,0.9,1.2,0.7,1,1,0.4,0.4,0.5
90811,8/11/90,10.5,10.6,11.2,10.9,11.5,11.9,9.6,11.9,12.7
90812,8/12/90,0.8,0.7,0.6,1,0.7,0.6,0,0,0
90813,8/13/90,0,0,0,0,0,0,0,0,0
90814,8/14/90,0,0,0,0,0,0,0,0,0
90815,8/15/90,0,0,0,0,0,0,0,0,0
90816,8/16/90,0,0,0,0,0,0,0,0,0
90817,8/17/90,0,0,0,0,0,0,0,0,0
90818,8/18/90,0,0,0,0,0,0,0,0,0
90819,8/19/90,0,0,0,0,0,0,0,0,0
90820,8/20/90,0,0,0,0,0,0,0,0,0
90821,8/21/90,47.4,46.9,45.4,45.4,44.4,45.1,41,39.3,43.2
90822,8/22/90,21.2,21.2,20.8,20,20.8,22.5,12.8,12,16.6
90823,8/23/90,0.9,0.9,0.9,0.9,1,1.3,0.8,0.7,0.6
90824,8/24/90,1.2,1.2,1.3,1.1,1.1,1,0.8,0.7,0.7
90825,8/25/90,0,0,0,0,0,0,0,0,0
90826,8/26/90,0.1,0.1,0.1,0.2,0.1,0,1.3,1.3,1.3
90827,8/27/90,0,0,0,0,0,0,0,0,0
90828,8/28/90,4.5,3.9,3.2,5.1,3.6,2.7,4,3.7,3.1
90829,8/29/90,21.5,22.1,22.5,21.1,22.9,24.2,26.7,26.1,26.9
90830,8/30/90,0.5,0.6,0.6,0.4,0.7,1.1,0.8,0.7,0.6
90831,8/31/90,0.6,0.7,0.7,0.6,0.5,0.3,0.5,0.5,0.5
90901,9/1/90,0,0,0,0,0,0,0,0,0
90902,9/2/90,0,0,0,0,0,0,0,0,0
90903,9/3/90,0,0,0,0,0,0,0,0,0
90904,9/4/90,0,0,0,0,0,0,0,0,0
90905,9/5/90,0,0,0,0,0,0,0,0,0
90906,9/6/90,0,0,0,0,0,0,0,0,0
90907,9/7/90,0,0,0,0,0,0,0,0,0
90908,9/8/90,0,0,0,0,0,0,0,0,0
90909,9/9/90,0,0,0,0,0,0,0,0,0
90910,9/10/90,0,0,0,0,0,0,0,0,0
90911,9/11/90,2.1,2,2,2.3,2.3,2.3,4.8,4.2,4.5
90912,9/12/90,1.1,1.1,1.2,1.1,1.3,1.3,0.8,0.7,0.7
90913,9/13/90,0,0,0,0,0,0,0,0,0
90914,9/14/90,0,0,0,0,0,0,0,0,0
90915,9/15/90,1.3,1.4,0.9,1.4,1.7,2.1,2.3,2.1,2.3
90916,9/16/90,0,0,0,0,0,0,0,0,0
90917,9/17/90,0,0,0,0,0,0,0,0,0
90918,9/18/90,1.4,1.4,0.9,1.6,1.8,2.1,1.9,1.6,1.4
90919,9/19/90,0,0,0,0,0,0,0,0,0
90920,9/20/90,0,0,0,0,0,0,0,0,0
90921,9/21/90,0,0,0,0,0,0,0,0,0
90922,9/22/90,0,0,0,0,0,0,0,0,0
90923,9/23/90,3.3,3.1,2.9,3.5,3.2,3.1,6.8,7,7.5
90924,9/24/90,0,0,0,0,0,0,0,0,0
90925,9/25/90,0,0,0,0,0,0,0,0,0
90926,9/26/90,0,0,0,0,0,0,0,0,0
90927,9/27/90,36.1,35.9,35.2,36.9,37.7,39.4,40.7,42.5,41.9
90928,9/28/90,7.6,8,8.5,7.4,7.8,7.3,11.4,11.1,11
90929,9/29/90,2.4,2.4,2.5,2.4,2.5,2.6,2.4,2.4,2.5
90930,9/30/90,0.5,0.5,0.4,0.6,0.4,0.3,0.3,0.2,0.2
91001,10/1/90,0,0,0,0,0,0,0,0,0
91002,10/2/90,3.6,3.5,3.4,3.7,3,2.1,4.1,4,3.7
91003,10/3/90,32.3,32.3,32.1,33,34,35.7,35.4,35.4,35.2
91004,10/4/90,0.8,0.8,0.8,0.8,0.7,0.5,0.8,0.8,0.6
91005,10/5/90,2.1,2.1,2.2,2.1,2,1.9,3.6,3.7,4.4
91006,10/6/90,0,0,0,0,0,0,0,0,0
91007,10/7/90,37.1,37.2,37.3,36.9,37.2,37.4,40.3,39.6,39.2
91008,10/8/90,0.4,0.4,0.5,0.4,0.5,0.5,1.3,1.3,1.1
91009,10/9/90,2.8,2.6,2.3,2.9,2.4,2.1,3.1,3,2.6
91010,10/10/90,2.8,3.1,3.5,2.5,3.2,3.5,2.1,2.1,2.1
91011,10/11/90,0.4,0.3,0.2,0.5,0.3,0.3,0,0,0
91012,10/12/90,0,0,0,0,0,0,0,0,0
91013,10/13/90,7.3,7.1,6.9,7.4,7.4,7.8,6.2,5.9,6.3
91014,10/14/90,0,0,0,0,0,0,0,0,0
91015,10/15/90,0,0,0,0,0,0,0,0,0
91016,10/16/90,0,0,0,0,0,0,0,0,0
91017,10/17/90,0,0,0,0,0,0,0,0,0
91018,10/18/90,0,0,0,0,0,0,0,0,0
91019,10/19/90,0,0,0,0,0,0,0,0,0
91020,10/20/90,0,0,0,0,0,0,0,0,0
91021,10/21/90,2.6,2.5,2.3,2.8,2.3,1.8,1.3,1.7,1.6
91022,10/22/90,4.7,4.8,4.9,4.7,5,5.5,5,4.8,4.6
91023,10/23/90,2.2,1.9,1.4,2.6,1.7,1.3,1.8,2.6,1.9
91024,10/24/90,68.4,68.6,67.4,69.9,69.6,71.6,64.3,66.2,67.1
91025,10/25/90,1.7,2,2.3,1.4,1.6,1.3,1.3,1.1,1.1
91026,10/26/90,0,0,0,0,0,0,0,0,0
91027,10/27/90,0,0,0,0,0,0,0,0,0
91028,10/28/90,4.3,4.2,4,3.5,3.9,4.1,3.9,3.9,4.5
91029,10/29/90,0,0,0,0,0,0,0,0,0
91030,10/30/90,0.9,0.7,0.5,0.7,0.8,1,0.6,0.6,1
91031,10/31/90,6.6,6.5,6.5,5.2,6,6.2,12.2,11.3,10.9
91101,11/1/90,0,0,0,0,0,0,0,0,0
91102,11/2/90,0,0,0,0,0,0,0,0,0
91103,11/3/90,0,0,0,0,0,0,0,0,0
91104,11/4/90,0,0,0,0,0,0,0,0,0
91105,11/5/90,0,0,0,0,0,0,0,0,0
91106,11/6/90,0,0,0,0,0,0,0,0,0
91107,11/7/90,0,0,0,0,0,0,0,0,0
91108,11/8/90,0,0,0,0,0,0,0,0,0
91109,11/9/90,0,0,0,0,0,0,0,0,0
91110,11/10/90,0,0,0,0,0,0,0,0,0
91111,11/11/90,0,0,0,0,0,0,0,0,0
91112,11/12/90,0,0,0,0,0,0,0,0,0
91113,11/13/90,0,0,0,0,0,0,0,0,0
91114,11/14/90,53.1,52.9,51.1,52.8,51.5,50.1,44.6,47.4,49.9
91115,11/15/90,2,2.1,2.3,1.9,2.5,3.2,3.6,3.4,3
91116,11/16/90,0,0,0,0,0,0,0,0,0
91117,11/17/90,0,0,0,0,0,0,0,0,0
91118,11/18/90,0,0,0,0,0,0,0,0,0
91119,11/19/90,0,0,0,0,0,0,0,0,0
91120,11/20/90,34.1,33.5,33.2,35.8,33.9,33.3,33.9,34.9,33.9
91121,11/21/90,0,0,0,0,0,0,0,0,0
91122,11/22/90,0,0,0,0,0,0,0,0,0
91123,11/23/90,0,0,0,0,0,0,0,0,0
91124,11/24/90,0,0,0,0,0,0,0,0,0
91125,11/25/90,2,1.8,1.9,2.2,1.6,1.3,2.3,2.2,2.7
91126,11/26/90,0.5,0.5,0.6,0.5,0.4,0.3,0.3,0.2,0.3
91127,11/27/90,23,22.6,26.1,23.7,22.2,22.3,22.1,20.3,23.1
91128,11/28/90,2.4,2.7,3.6,2.1,4.3,7.5,5.2,5.1,3.4
91129,11/29/90,0,0,0,0,0,0,0,0,0
91130,11/30/90,1.9,1.9,2.3,1.9,1.7,1.3,5.2,4.6,3.8
91201,12/1/90,0,0,0,0,0,0,0,0,0
91202,12/2/90,1.3,1.3,1.3,1.3,1.1,0.8,0.8,0.9,1.1
91203,12/3/90,34.2,33.9,33.1,34.2,33.7,35.4,32.8,34,34.1
91204,12/4/90,0,0,0,0,0,0,0,0,0
91205,12/5/90,6.8,6.9,6.9,6.6,5.9,4.8,6.4,6.6,6.1
91206,12/6/90,0.5,0.5,0.5,0.5,1.2,2.3,0.3,0.2,0.1
91207,12/7/90,1.4,1.4,1.3,1.5,1.4,1.4,1.6,1.5,2.1
91208,12/8/90,0.5,0.5,0.5,0.5,0.5,0.6,0.3,0.3,0.2
91209,12/9/90,14.7,14.2,14.4,15.2,15.6,16.4,23.5,22.7,22.9
91210,12/10/90,2.7,2.6,2.6,2.9,2.8,2.8,1,1,1.1
91211,12/11/90,2.6,2.7,3.2,2.5,2.9,2.8,1,1,1.3
91212,12/12/90,0,0,0,0,0,0,0,0,0
91213,12/13/90,9.7,9.3,9.3,10.2,9.8,9.6,11.5,11.1,11.7
91214,12/14/90,2.6,2.5,2.5,2.7,3.3,4.2,1.3,1.3,1.1
91215,12/15/90,8.9,8.6,8.7,9.3,10.1,11.6,9.2,8.8,7.8
91216,12/16/90,0,0,0,0,0,0,0,0,0
91217,12/17/90,0,0,0,0,0,0,0,0,0
91218,12/18/90,0,0,0,0,0,0,0,0,0
91219,12/19/90,0,0,0,0,0,0,0,0,0
91220,12/20/90,0,0,0,0,0,0,0,0,0
91221,12/21/90,0,0,0,0,0,0,0,0,0
91222,12/22/90,0,0,0,0,0,0,0,0,0
91223,12/23/90,0,0,0,0,0,0,0,0,0
91224,12/24/90,0,0,0,0,0,0,0,0,0
91225,12/25/90,0,0,0,0,0,0,0,0,0
91226,12/26/90,0,0,0,0,0,0,0,0,0
91227,12/27/90,30.2,29.9,30.6,32.7,31.3,31.5,35.3,37.9,38.7
91228,12/28/90,10.3,9.9,9.6,10.7,11.1,13.1,11.2,11.8,13.7
91229,12/29/90,2.6,2.6,2.7,2.6,3.2,4.2,4.2,4.3,3.5
91230,12/30/90,0,0,0,0,0,0,0,0,0
91231,12/31/90,1.8,1.7,1.6,1.9,1.8,1.8,1.4,1.5,1.5
100101,1/1/91,2.7,2.6,2.5,2.8,2.6,2.6,3.4,3.6,3.2
100102,1/2/91,7.7,8,8.7,7.8,8.4,8.7,5.6,6.1,6.8
100103,1/3/91,2.2,2.5,2.9,2.1,2.9,3.4,0.8,0.8,1.3
100104,1/4/91,0,0,0,0,0,0,0,0,0
100105,1/5/91,0,0,0,0,0,0,0,0,0
100106,1/6/91,0,0,0,0,0,0,0,0,0
100107,1/7/91,0,0,0,0,0,0,0,0,0
100108,1/8/91,0,0,0,0,0,0,0,0,0
100109,1/9/91,0,0,0,0,0,0,0,0,0
100110,1/10/91,0,0,0,0,0,0,0,0,0
100111,1/11/91,0,0,0,0,0,0,0,0,0
100112,1/12/91,0,0,0,0,0,0,0,0,0
100113,1/13/91,0,0,0,0,0,0,0,0,0
100114,1/14/91,0,0,0,0,0,0,0,0,0
100115,1/15/91,0,0,0,0,0,0,0,0,0
100116,1/16/91,0,0,0,0,0,0,0,0,0
100117,1/17/91,1,0.9,0.8,1,1,1.1,1.6,1.8,2.1
100118,1/18/91,9.1,9.4,9.2,8.9,9.6,10.8,8.9,9.2,10.8
100119,1/19/91,5.8,5.8,5.5,5.8,5.5,5.4,3.5,3.7,3.9
100120,1/20/91,0.7,0.8,0.8,0.6,0.7,0.8,3.2,2.8,1.1
100121,1/21/91,0,0,0,0,0,0,0,0,0
100122,1/22/91,0,0,0,0,0,0,0,0,0
100123,1/23/91,0,0,0,0,0,0,0,0,0
100124,1/24/91,1.2,1.1,1,1.3,1,0.8,1.3,1.3,1.2
100125,1/25/91,49.4,47.6,49.7,51.7,50.1,52.3,54.9,55.7,54.9
100126,1/26/91,0,0,0,0,0,0,0,0,0
100127,1/27/91,0,0,0,0,0,0,0,0,0
100128,1/28/91,5.8,5.5,5.1,6.6,7.5,7.6,4.1,4.3,4.8
100129,1/29/91,0,0,0,0,0,0,0,0,0
100130,1/30/91,0,0,0,0,0,0,0,0,0
100131,1/31/91,0,0,0,0,0,0,0,0,0
100201,2/1/91,0,0,0,0,0,0,0,0,0
100202,2/2/91,0,0,0,0,0,0,0,0,0
100203,2/3/91,0,0,0,0,0,0,0,0,0
100204,2/4/91,0,0,0,0,0,0,0,0,0
100205,2/5/91,0,0,0,0,0,0,0,0,0
100206,2/6/91,0,0,0,0,0,0,0,0,0
100207,2/7/91,0,0,0,0,0,0,0,0,0
100208,2/8/91,0,0,0,0,0,0,0,0,0
100209,2/9/91,0,0,0,0,0,0,0,0,0
100210,2/10/91,0,0,0,0,0,0,0,0,0
100211,2/11/91,0,0,0,0,0,0,0,0,0
100212,2/12/91,0,0,0,0,0,0,0,0,0
100213,2/13/91,0,0,0,0,0,0,0,0,0
100214,2/14/91,1.1,1.2,1.6,1.7,1.2,1.6,2,1.8,2.3
100215,2/15/91,0,0,0,0,0,0,0,0,0
100216,2/16/91,2,2,1.8,2.4,2.4,2.5,2,1.9,2.1
100217,2/17/91,0,0,0,0,0,0,0,0,0
100218,2/18/91,0.8,0.8,0.7,0.9,0.9,0.8,0.7,0.6,0.4
100219,2/19/91,1.9,2.1,2.3,2.1,2.5,2.5,1.6,1.7,2
100220,2/20/91,0,0,0,0,0,0,0,0,0
100221,2/21/91,1.8,1.8,1.7,2,2.1,2.1,1.6,1.5,1.1
100222,2/22/91,0,0,0,0,0,0,0,0,0
100223,2/23/91,0,0,0,0,0,0,0,0,0
100224,2/24/91,12.6,12.7,13.6,11.8,12.3,13.1,24,21.7,20.2
100225,2/25/91,35.4,34.7,35.9,33.9,33.7,35.8,24,22.7,28.2
100226,2/26/91,11.9,11.3,11.3,11.6,7.9,3.2,10.7,9.8,9.3
100227,2/27/91,6,6,6.5,5.5,6.3,7.6,11.7,10.8,8.7
100228,2/28/91,2,2.3,2.9,1.5,2,1.8,1.1,0.8,2.1
100301,3/1/91,1.8,1.9,2.2,1.6,1.4,0.8,2.1,1.7,1.2
100302,3/2/91,0,0,0,0,0,0,0,0,0
100303,3/3/91,0,0,0,0,0,0,0,0,0
100304,3/4/91,0,0,0,0,0,0,0,0,0
100305,3/5/91,0,0,0,0,0,0,0,0,0
100306,3/6/91,0,0,0,0,0,0,0,0,0
100307,3/7/91,0,0,0,0,0,0,0,0,0
100308,3/8/91,0,0,0,0,0,0,0,0,0
100309,3/9/91,0,0,0,0,0,0,0,0,0
100310,3/10/91,0,0,0,0,0,0,0,0,0
100311,3/11/91,0,0,0,0,0,0,0,0,0
100312,3/12/91,0,0,0,0,0,0,0,0,0
100313,3/13/91,0,0,0,0,0,0,0,0,0
100314,3/14/91,11.2,10.6,9.2,8.5,6.7,5.3,3.2,3.9,4.3
100315,3/15/91,11.7,12,12.1,8.5,8.9,9,5.2,7.2,6.6
100316,3/16/91,0,0,0,0,0,0,0,0,0
100317,3/17/91,0,0,0,0,0,0,0,0,0
100318,3/18/91,0,0,0,0,0,0,0,0,0
100319,3/19/91,0,0,0,0,0,0,0,0,0
100320,3/20/91,0,0,0,0,0,0,0,0,0
100321,3/21/91,0,0,0,0,0,0,0,0,0
100322,3/22/91,7.4,7.2,6.9,7.5,7.4,7.8,6.6,6.9,8
100323,3/23/91,35.7,36,36.4,35,35.9,37.1,33.1,33.6,33.5
100324,3/24/91,1.1,1.2,1.4,1,1.5,2,4.2,4.3,3.2
100325,3/25/91,2.8,2.5,2.1,3.1,2.9,3.4,1.1,1.1,1.1
100326,3/26/91,1.7,1.7,1.8,1.7,1.6,1.3,2.4,2.1,2
100327,3/27/91,0,0,0,0,0,0,0,0,0
100328,3/28/91,6,5.7,5.2,6.3,5.7,5.8,4.8,5.2,5.5
100329,3/29/91,35.9,35.4,34.7,36,33.8,32,35.2,35.7,37.4
100330,3/30/91,16.1,16.2,16.4,15.8,16,16.3,20.4,20,17.4
100331,3/31/91,0,0,0,0,0,0,0,0,0
100401,4/1/91,0,0,0,0,0,0,0,0,0
100402,4/2/91,0,0,0,0,0,0,0,0,0
100403,4/3/91,0,0,0,0,0,0,0,0,0
100404,4/4/91,0,0,0,0,0,0,0,0,0
100405,4/5/91,0,0,0,0,0,0,0,0,0
100406,4/6/91,16.4,14.9,13.1,17.6,15.3,15.4,13.7,14.9,11.6
100407,4/7/91,7.8,9.1,11,6.6,8.5,8.3,5.5,5.3,8.8
100408,4/8/91,0.5,0.5,0.6,0.4,0.8,1.2,1.6,1.6,1.9
100409,4/9/91,10.6,10.5,10.4,10.6,10.5,10.7,12,12.3,11
100410,4/10/91,2,1.9,1.9,2,1.7,1.4,1.1,1,1.1
100411,4/11/91,2.6,2.4,2.2,2.7,2.3,2.1,1.6,1.7,1.4
100412,4/12/91,0,0,0,0,0,0,0,0,0
100413,4/13/91,0,0,0,0,0,0,0,0,0
100414,4/14/91,0,0,0,0,0,0,0,0,0
100415,4/15/91,0,0,0,0,0,0,0,0,0
100416,4/16/91,24,23,22.5,26.7,25,25.4,23.7,24,27.1
100417,4/17/91,11.1,11.4,12.1,11.5,11.8,11.8,11.2,11.5,9.1
100418,4/18/91,3.1,3.3,3.5,3.1,3.2,2.9,3,3,2.1
100419,4/19/91,0.6,0.7,0.8,0.6,1,1.5,1,0.9,0.7
100420,4/20/91,0,0,0,0,0,0,0,0,0
100421,4/21/91,0,0,0,0,0,0,0,0,0
100422,4/22/91,0,0,0,0,0,0,0,0,0
100423,4/23/91,0,0,0,0,0,0,0,0,0
100424,4/24/91,0,0,0,0,0,0,0,0,0
100425,4/25/91,0,0,0,0,0,0,0,0,0
100426,4/26/91,0.7,0.7,0.8,0.7,0.5,0,0.6,0.6,0.4
100427,4/27/91,12.8,12.3,12,14,12.6,12.2,14.3,14.3,15.9
100428,4/28/91,4.6,5.2,5.9,4.3,5.8,7.3,5.9,5.9,5.3
100429,4/29/91,0.8,0.9,1,0.8,0.9,1,0,0,0
100430,4/30/91,0,0,0,0,0,0,0,0,0
100501,5/1/91,2.2,2.2,2.2,2.4,2.4,2.6,2.4,2.4,2.5
100502,5/2/91,0.6,0.8,1,0.4,0.8,1,0.6,0.5,0.4
100503,5/3/91,2.9,2.9,3,3,2.8,2.6,1.5,1.5,1.6
100504,5/4/91,3.2,3.2,3.3,3.2,3.5,3.8,2.4,2.3,2.4
100505,5/5/91,0,0,0,0,0,0,0,0,0
100506,5/6/91,10.4,10.3,10.2,10.6,10.4,10.4,11.8,11.6,12.3
100507,5/7/91,0,0,0,0,0,0,0,0,0
100508,5/8/91,34.3,34,33.9,34.7,34.7,35.3,35.3,34.2,36.4
100509,5/9/91,4,4,4.1,4,4,4.1,3.8,3.6,3
100510,5/10/91,0,0,0,0,0,0,0,0,0
100511,5/11/91,0,0,0,0,0,0,0,0,0
100512,5/12/91,0,0,0,0,0,0,0,0,0
100513,5/13/91,0,0,0,0,0,0,0,0,0
100514,5/14/91,1.1,1.2,1.2,1.1,1.2,1.3,1.2,1.4,1.3
100515,5/15/91,1.1,1.2,1.2,1.1,1.1,1,0.6,0.6,0.4
100516,5/16/91,0,0,0,0,0,0,0,0,0
100517,5/17/91,0,0,0,0,0,0,0,0,0
100518,5/18/91,0,0,0,0,0,0,0,0,0
100519,5/19/91,2.4,2.4,2.3,2.7,3,3.4,6.4,5,4.8
100520,5/20/91,0,0,0,0,0,0,0,0,0
100521,5/21/91,0,0,0,0,0,0,0,0,0
100522,5/22/91,0,0,0,0,0,0,0,0,0
100523,5/23/91,0,0,0,0,0,0,0,0,0
100524,5/24/91,0,0,0,0,0,0,0,0,0
100525,5/25/91,0,0,0,0,0,0,0,0,0
100526,5/26/91,0,0,0,0,0,0,0,0,0
100527,5/27/91,0,0,0,0,0,0,0,0,0
100528,5/28/91,0,0,0,0,0,0,0,0,0
100529,5/29/91,0,0,0,0,0,0,0,0,0
100530,5/30/91,0,0,0,0,0,0,0,0,0
100531,5/31/91,0,0,0,0,0,0,0,0,0
100601,6/1/91,9.5,9.4,9.4,10.1,10.3,11.3,8.4,7.8,8.1
100602,6/2/91,0,0,0,0,0,0,0,0,0
100603,6/3/91,1.5,1.4,1.3,1.6,1.6,1.9,1.7,1.6,1.7
100604,6/4/91,0,0,0,0,0,0,0,0,0
100605,6/5/91,21,20.4,20.6,21.5,21.2,21,27.2,26.7,27.1
100606,6/6/91,19.9,20.1,21.2,19.7,20.2,19.7,24.6,23.7,25.5
100607,6/7/91,0,0,0,0,0,0,0,0,0
100608,6/8/91,0,0,0,0,0,0,0,0,0
100609,6/9/91,0,0,0,0,0,0,0,0,0
100610,6/10/91,18.5,18.3,18.4,19.9,20.5,20.9,20.3,20.2,23.3
100611,6/11/91,0,0,0,0,0,0,0,0,0
100612,6/12/91,1.5,1.6,1.7,1.5,1.7,1.6,2.6,2.5,1.8
100613,6/13/91,0,0,0,0,0,0,0,0,0
100614,6/14/91,0,0,0,0,0,0,0,0,0
100615,6/15/91,0,0,0,0,0,0,0,0,0
100616,6/16/91,9.1,9.1,9,9.3,8.5,7.1,10.8,10.4,10.9
100617,6/17/91,1.9,2,2.1,1.8,2.9,4.5,3,2.8,3.3
100618,6/18/91,0,0,0,0,0,0,0,0,0
100619,6/19/91,0,0,0,0,0,0,0,0,0
100620,6/20/91,0,0,0,0,0,0,0,0,0
100621,6/21/91,0,0,0,0,0,0,0,0,0
100622,6/22/91,2.4,2.1,1.8,2.5,1.6,0.5,1.3,1.4,1.3
100623,6/23/91,21,20.9,20.6,20.7,20.9,21.5,24.1,23.2,26.7
100624,6/24/91,26.2,26.6,26.8,25.4,25.6,25,28.3,27.2,26.9
100625,6/25/91,0,0,0,0,0,0,0,0,0
100626,6/26/91,0,0,0,0,0,0,0,0,0
100627,6/27/91,1.3,1,0.6,1.5,0.7,0,0,0,0
100628,6/28/91,46.9,47.5,47.9,45.6,47,48.1,47.1,45,45
100629,6/29/91,0,0,0,0,0,0,0,0,0
100630,6/30/91,0,0,0,0,0,0,0,0,0
100701,7/1/91,2.3,2.5,2.7,1.9,2,1.9,1.5,1.6,1.8
100702,7/2/91,0,0,0,0,0,0,0,0,0
100703,7/3/91,0,0,0,0,0,0,0,0,0
100704,7/4/91,0,0,0,0,0,0,0,0,0
100705,7/5/91,0,0,0,0,0,0,0,0,0
100706,7/6/91,0,0,0,0,0,0,0,0,0
100707,7/7/91,0,0,0,0,0,0,0,0,0
100708,7/8/91,0,0,0,0,0,0,0,0,0
100709,7/9/91,0,0,0,0,0,0,0,0,0
100710,7/10/91,20.8,20.9,21.2,21.7,21.7,21.7,21.1,21.5,22.6
100711,7/11/91,0,0,0,0,0,0,0,0,0
100712,7/12/91,0,0,0,0,0,0,0,0,0
100713,7/13/91,14.9,15,14.3,14.2,14,13.7,6.9,7.7,9.9
100714,7/14/91,9.9,10.1,9.8,9.2,9.9,10.7,12.5,11.4,9
100715,7/15/91,0,0,0,0,0,0,0,0,0
100716,7/16/91,8.7,8.8,8.4,8.2,6.8,4.6,25.2,24.2,23.5
100717,7/17/91,0,0,0,0,0,0,0,0,0
100718,7/18/91,0,0,0,0,0,0,0,0,0
100719,7/19/91,2.1,2.2,2.1,1.9,2.3,2.7,5,4.9,4.6
100720,7/20/91,0,0,0,0,0,0,0,0,0
100721,7/21/91,31.8,32.2,32.6,34.3,34.9,34.6,52.5,51.5,54
100722,7/22/91,0.4,0.4,0.3,0.5,0.9,1.6,1.1,1,0.7
100723,7/23/91,0.8,0.8,0.7,1,0.8,0.8,1.3,1.2,1.2
100724,7/24/91,0.9,0.9,0.9,1.1,0.9,0.8,0.3,0.4,0.3
100725,7/25/91,9.7,9.7,9.7,10.6,10.7,10.8,19.5,19,20.4
100726,7/26/91,0,0,0,0,0,0,0,0,0
100727,7/27/91,0,0,0,0,0,0,0,0,0
100728,7/28/91,15.6,15.3,14.4,15.6,14.3,12.7,20,19.1,20.4
100729,7/29/91,3.1,3,2.7,3.1,3.3,3.9,2.4,2.2,2.6
100730,7/30/91,0,0,0,0,0,0,0,0,0
100731,7/31/91,0,0,0,0,0,0,0,0,0
100801,8/1/91,0,0,0,0,0,0,0,0,0
100802,8/2/91,10.6,10.9,10.9,10.2,11.4,12.5,3,3.1,4
100803,8/3/91,0,0,0,0,0,0,0,0,0
100804,8/4/91,0,0,0,0,0,0,0,0,0
100805,8/5/91,0,0,0,0,0,0,0,0,0
100806,8/6/91,0,0,0,0,0,0,0,0,0
100807,8/7/91,0,0,0,0,0,0,0,0,0
100808,8/8/91,0,0,0,0,0,0,0,0,0
100809,8/9/91,11.4,11.9,12.4,11,10.9,9.2,9.5,9.3,10.7
100810,8/10/91,0,0,0,0,0,0,0,0,0
100811,8/11/91,0,0,0,0,0,0,0,0,0
100812,8/12/91,0,0,0,0,0,0,0,0,0
100813,8/13/91,0,0,0,0,0,0,0,0,0
100814,8/14/91,0,0,0,0,0,0,0,0,0
100815,8/15/91,24.9,24.5,23.8,24.5,24.3,24.3,27.2,25.1,25.1
100816,8/16/91,0,0,0,0,0,0,0,0,0
100817,8/17/91,0,0,0,0,0,0,0,0,0
100818,8/18/91,0,0,0,0,0,0,0,0,0
100819,8/19/91,0,0,0,0,0,0,0,0,0
100820,8/20/91,0,0,0,0,0,0,0,0,0
100821,8/21/91,0,0,0,0,0,0,0,0,0
100822,8/22/91,22.5,22.7,21.7,22.9,23.8,23.9,23.7,23.2,24.6
100823,8/23/91,4.1,4,3.7,4.3,4.2,4.3,5.5,5.2,4.6
100824,8/24/91,0,0,0,0,0,0,0,0,0
100825,8/25/91,19.5,19.3,18.7,19.6,19.4,19,17.8,17.9,18.9
100826,8/26/91,1.9,2.1,2.2,1.8,1.7,1.1,0.3,0.3,0.3
100827,8/27/91,0,0,0,0,0,0,0,0,0
100828,8/28/91,0,0,0,0,0,0,0,0,0
100829,8/29/91,0,0,0,0,0,0,0,0,0
100830,8/30/91,0,0,0,0,0,0,0,0,0
100831,8/31/91,0,0,0,0,0,0,0,0,0
100901,9/1/91,0,0,0,0,0,0,0,0,0
100902,9/2/91,0,0,0,0,0,0,0,0,0
100903,9/3/91,4.3,4.1,4.1,4.5,4.5,4.6,4.3,4,3.9
100904,9/4/91,5.7,5.4,5.5,6.1,5.7,5.3,6.8,6.4,6.4
100905,9/5/91,0.4,0.5,0.5,0.5,0.6,0.7,0.3,0.3,0.3
100906,9/6/91,0,0,0,0,0,0,0,0,0
100907,9/7/91,0,0,0,0,0,0,0,0,0
100908,9/8/91,3.7,3.5,3.4,4.6,4.4,4.6,3.6,3.4,5
100909,9/9/91,0.5,0.4,0.4,0.6,0.5,0.3,2.4,2.1,1.7
100910,9/10/91,2.7,3.4,4.3,2.3,2.6,0.9,0.9,0.7,0.5
100911,9/11/91,0,0,0,0,0,0,0,0,0
100912,9/12/91,1.7,1.8,1.9,1.9,2.5,3.4,6.6,5.9,5.7
100913,9/13/91,6.4,6.2,6.1,7.8,7.8,8.3,5.7,5,4.6
100914,9/14/91,2.3,2.1,2,2.8,2.6,2.5,4.5,3.9,3.9
100915,9/15/91,0.3,0.3,0.4,0.4,1.3,2.8,1.5,1.6,1.2
100916,9/16/91,24.1,23.8,23.3,23.8,22.8,22.3,24.6,24.3,25.7
100917,9/17/91,3.9,4,4.1,3.8,4.2,4.7,3.7,3.7,3.2
100918,9/18/91,0,0,0,0,0,0,0,0,0
100919,9/19/91,0,0,0,0,0,0,0,0,0
100920,9/20/91,0,0,0,0,0,0,0,0,0
100921,9/21/91,0,0,0,0,0,0,0,0,0
100922,9/22/91,1.3,1.3,1.3,1.4,1.2,1.1,0.4,0.4,0.5
100923,9/23/91,0,0,0,0,0,0,0,0,0
100924,9/24/91,4,3.9,3.9,4.1,4.1,4.3,3.3,3.4,3.3
100925,9/25/91,0,0,0,0,0,0,0,0,0
100926,9/26/91,0,0,0,0,0,0,0,0,0
100927,9/27/91,17.8,17.7,17.4,17.1,16.2,15.1,15.5,17.6,16.9
100928,9/28/91,35,34.4,33.4,34,32.8,32.4,28.4,32.5,32.7
100929,9/29/91,0,0,0,0,0,0,0,0,0
100930,9/30/91,61,60.7,59.8,58.6,58.4,59.3,52.1,58.8,56.3
101001,10/1/91,50.5,50.3,49.8,48.4,49.8,52.7,36.6,41.7,44.9
101002,10/2/91,0,0,0,0,0,0,0,0,0
101003,10/3/91,0,0,0,0,0,0,0,0,0
101004,10/4/91,0,0,0,0,0,0,0,0,0
101005,10/5/91,0,0,0,0,0,0,0,0,0
101006,10/6/91,5.4,5.6,5.6,5.4,5.7,6.1,10.2,9,8.3
101007,10/7/91,4.3,4.2,4,4.5,4.5,5,6.9,5.9,6.9
101008,10/8/91,2.6,2.7,2.7,2.5,2.7,2.8,2.4,2.2,1.9
101009,10/9/91,0,0,0,0,0,0,0,0,0
101010,10/10/91,0,0,0,0,0,0,0,0,0
101011,10/11/91,0,0,0,0,0,0,0,0,0
101012,10/12/91,0,0,0,0,0,0,0,0,0
101013,10/13/91,0,0,0,0,0,0,0,0,0
101014,10/14/91,1.9,1.8,1.7,2,1.9,2,2.7,2.2,1.8
101015,10/15/91,46.2,45.9,44.7,47,48.1,50.5,60.3,49.7,59.4
101016,10/16/91,2.4,2.5,2.6,2.4,2.7,3,2.4,2,3.3
101017,10/17/91,0.6,0.7,0.7,0.6,0.5,0.2,0.5,0.4,0.4
101018,10/18/91,0,0,0,0,0,0,0,0,0
101019,10/19/91,0,0,0,0,0,0,0,0,0
101020,10/20/91,0,0,0,0,0,0,0,0,0
101021,10/21/91,7.4,7.2,6.9,7.8,7.4,7.3,7.7,7.4,7.5
101022,10/22/91,0,0,0,0,0.1,0.3,0.9,0.7,0.3
101023,10/23/91,0,0,0,0,0,0,0,0,0
101024,10/24/91,5.1,5.1,5.1,5.2,5.3,5.4,4.9,4.8,5.3
101025,10/25/91,8.7,8.8,9.2,8.7,9.8,11.4,6.8,7.1,8
101026,10/26/91,5.1,5,5.2,5.2,4.6,3.9,6.2,5.9,4.9
101027,10/27/91,15.5,15,15,16.2,14.4,13.2,16.3,16,16.1
101028,10/28/91,0,0,0,0,0,0,0,0,0
101029,10/29/91,1.3,1.3,1.4,1.3,1.6,2.1,2.5,2.5,2.1
101030,10/30/91,3.6,3.6,3.9,3.6,3.4,3.1,3,2.9,3
101031,10/31/91,1,1.1,1.3,1,1.3,1.5,1.5,1.4,1.2
101101,11/1/91,0,0,0,0,0,0,0,0,0
101102,11/2/91,0,0,0,0,0,0,0,0,0
101103,11/3/91,0,0,0,0,0,0,0,0,0
101104,11/4/91,19.4,18.9,18.7,20.1,19.2,18.8,22.9,22.9,20.7
101105,11/5/91,13.9,14,14.4,14.1,14.9,16,17.8,17.6,16.8
101106,11/6/91,1.1,1,0.8,1.3,0.7,0.3,0,0,0
101107,11/7/91,0,0,0,0,0,0,0,0,0
101108,11/8/91,3,3,3.1,3,3.6,4.5,2.4,2.5,2.3
101109,11/9/91,0,0,0,0,0,0,0,0,0
101110,11/10/91,0,0,0,0,0,0,0,0,0
101111,11/11/91,0,0,0,0,0,0,0,0,0
101112,11/12/91,0,0,0,0,0,0,0,0,0
101113,11/13/91,0,0,0,0,0,0,0,0,0
101114,11/14/91,0,0,0,0,0,0,0,0,0
101115,11/15/91,0,0,0,0,0,0,0,0,0
101116,11/16/91,0.5,0.5,0.6,0.6,0.5,0.5,1.1,1.1,0.6
101117,11/17/91,34.1,34,34.1,34.5,34.7,35.6,33.7,33.8,37.3
101118,11/18/91,0,0,0,0,0,0,0,0,0
101119,11/19/91,0,0,0,0,0,0,0,0,0
101120,11/20/91,0,0,0,0,0,0,0,0,0
101121,11/21/91,0,0,0,0,0,0,0,0,0
101122,11/22/91,7.5,7.4,7.3,7.6,7.7,8.2,6.4,6.6,6.3
101123,11/23/91,3,3.1,3.5,3.1,3.5,3.6,2.1,2.1,3.3
101124,11/24/91,0,0,0,0,0,0,0,0,0
101125,11/25/91,0,0,0,0,0,0,0,0,0
101126,11/26/91,8.2,8.1,8.6,9.5,9.5,9.6,12.7,11.8,10.8
101127,11/27/91,1.5,1.7,1.9,1.6,1.8,1.6,1.2,1.2,1.7
101128,11/28/91,0,0,0,0,0,0,0,0,0
101129,11/29/91,0,0,0,0,0,0,0,0,0
101130,11/30/91,1.4,1.3,1.4,1.7,1.6,1.6,1,1.2,1.6
101201,12/1/91,35.4,34.1,38.2,44.6,45.6,49.4,51.1,53.6,53.8
101202,12/2/91,1.5,1.5,1.8,1.9,1.5,0.8,0.2,0.3,0.4
101203,12/3/91,0.5,0.5,0.6,0.6,1.1,1.8,0,0,0
101204,12/4/91,0,0,0,0,0,0,0,0,0
101205,12/5/91,0,0,0,0,0,0,0,0,0
101206,12/6/91,3.1,3.3,4,3.7,4.4,5,5.9,6.2,5.8
101207,12/7/91,1,1.1,1.3,1.2,0.9,0.3,1,0.9,1
101208,12/8/91,0,0,0,0,0,0,0,0,0
101209,12/9/91,0,0,0,0,0,0,0,0,0
101210,12/10/91,0,0,0,0,0.4,1,0.5,0.7,0.8
101211,12/11/91,0,0,0,0,0.3,0.8,0.5,0.5,0.8
101212,12/12/91,46,44.5,43.9,48.7,48.4,50.8,54.4,55.3,54
101213,12/13/91,17.2,16.7,16.6,18.1,18.1,18.9,23.6,23.4,19.8
101214,12/14/91,2,2.1,2.5,2,1.6,0.8,1,1.1,1.7
101215,12/15/91,0.9,1,1.2,0.6,0.9,1.2,0.3,0,0.6
101216,12/16/91,0.2,0.2,0.2,0.1,0.2,0.2,0.5,0,0.3
101217,12/17/91,0.3,0.4,0.4,0.2,0.2,0,0,0,0
101218,12/18/91,0,0,0,0,0.2,0.5,0.3,0,0
101219,12/19/91,0,0,0,0,0,0,0,0,0
101220,12/20/91,0,0,0,0,0,0,0,0,0
101221,12/21/91,0,0,0,0,0,0,0,0,0
101222,12/22/91,2.4,2.3,2.7,2.8,2.4,1.9,0.5,0.6,0.7
101223,12/23/91,1.2,1.4,1.9,1.3,2,2.9,0.3,0.3,0.4
101224,12/24/91,0,0,0,0,0,0,0,0,0
101225,12/25/91,0,0,0,0,0,0,0,0,0
101226,12/26/91,2.9,2.7,2.9,3.6,2.4,1,2.3,2.4,1.5
101227,12/27/91,17.8,18,21.6,20.8,22.4,25.8,13.5,15.7,16.8
101228,12/28/91,0.4,0.3,0.3,0.4,0.5,0.6,1,1,0.6
101229,12/29/91,0,0,0,0,0,0,0,0,0
101230,12/30/91,0,0,0,0,0,0,0,0,0
101231,12/31/91,0,0,0,0,0,0,0,0,0
110101,1/1/92,0,0,0,0,0,0,0,0,0
110102,1/2/92,0,0,0,0,0,0,0.1,0.2,0.1
110103,1/3/92,0,0,0,0,0,0,0,0,0
110104,1/4/92,1.4,1.2,1.1,1.7,1.3,0.9,0.3,0.6,1.3
110105,1/5/92,1.8,1.8,2,2.2,2.8,4,2,1.9,1.8
110106,1/6/92,0.2,0.2,0.1,0.3,0.1,0,0,0,0
110107,1/7/92,0,0,0,0,0,0,0,0,0
110108,1/8/92,1.2,1.1,0.9,1.6,1,0.4,2,1.8,1.6
110109,1/9/92,1,1.2,1.7,1.1,1.5,1.8,2,1.8,1.6
110110,1/10/92,0,0,0,0,0,0,0,0,0
110111,1/11/92,0,0,0,0,0,0,0,0,0
110112,1/12/92,19.1,19.2,19.4,19.1,19.4,19.3,18.2,18.3,18.8
110113,1/13/92,0.9,0.8,0.7,1,0.9,1.1,1,1,0.5
110114,1/14/92,0,0,0,0,0,0,0,0,0
110115,1/15/92,1.3,1.4,1.4,1.3,1.4,1.3,0.8,0.9,1.6
110116,1/16/92,1.8,1.9,1.9,1.8,2.1,2.4,2.8,2.7,3.2
110117,1/17/92,0,0,0,0,0,0,0,0,0
110118,1/18/92,31.7,31.2,30.8,32.4,33.4,36,34.3,32.8,34.6
110119,1/19/92,3.3,3.2,3,3.6,3.5,3.7,4.4,4.3,4.3
110120,1/20/92,0.6,0.6,0.9,1,0.9,0.9,0.4,0.6,0.3
110121,1/21/92,3.2,3.3,4.7,5.3,4.8,4.9,5.4,6.3,4.9
110122,1/22/92,0,0,0,0,0,0,0,0,0
110123,1/23/92,0,0,0,0,0,0,0,0,0
110124,1/24/92,0.6,0.7,0.6,0.4,0.5,0.3,0,0,0
110125,1/25/92,0.6,0.6,0.4,0.7,0.7,1.3,0,0,0
110126,1/26/92,0,0,0,0,0,0,0,0,0
110127,1/27/92,0,0,0,0,0,0,0,0,0
110128,1/28/92,0,0,0,0,0,0,0,0,0
110129,1/29/92,0.6,0.6,0.5,0.6,0.6,0.8,0.7,0.3,0.3
110130,1/30/92,1,1,0.7,1.1,0.8,0.5,0.7,0.3,0.3
110131,1/31/92,0,0,0,0,0,0,0,0,0
110201,2/1/92,6.4,6.5,6.5,6.2,6.4,6.6,4.7,4.7,6
110202,2/2/92,23.6,23.8,23.6,23.3,23.8,25,30.1,29,28
110203,2/3/92,0.3,0.2,0.1,0.4,0.2,0,0,0,0
110204,2/4/92,0,0,0,0,0,0,0,0,0
110205,2/5/92,17.4,16.6,15.5,18.1,17.8,20,17.6,17.3,18.3
110206,2/6/92,5.5,6.2,6.9,4.7,5.3,4.5,6.2,6.2,6.9
110207,2/7/92,1.7,1.7,1.7,2,1.4,0.3,0.9,0.9,1.1
110208,2/8/92,5.6,5.6,5.7,6.4,6.5,6.8,6.2,5.7,6
110209,2/9/92,0,0,0,0,0,0,0,0,0
110210,2/10/92,0,0,0,0,0,0,0,0,0
110211,2/11/92,0,0,0,0,0,0,0,0,0
110212,2/12/92,3.5,3.7,4.1,3.8,4.6,5.6,1.6,1.6,2.6
110213,2/13/92,0.1,0.1,0.2,0.1,0.1,0,0,0,0
110214,2/14/92,1.7,1.7,1.8,1.6,1.6,1.9,0.8,0.2,1.1
110215,2/15/92,0,0,0,0,0,0,0,0,0
110216,2/16/92,0,0,0,0,0,0,0,0,0
110217,2/17/92,0,0,0,0,0,0,0,0,0
110218,2/18/92,0.1,0.1,0.1,0.1,0,0,0,0,0
110219,2/19/92,3.7,4.1,4.3,3.4,3.4,3.8,1,0.3,0.5
110220,2/20/92,0,0,0,0,0,0,0,0,0
110221,2/21/92,1,1,1,0.9,0.9,1.2,1,0.3,0.6
110222,2/22/92,0,0,0,0,0,0,0,0,0
110223,2/23/92,0,0,0,0,0,0,0,0,0
110224,2/24/92,0,0,0,0,0,0,0,0,0
110225,2/25/92,26.2,26.2,27.4,26.6,26,24.7,22.7,24.5,28.3
110226,2/26/92,0.5,0.5,0.4,0.6,0.5,0.5,1.3,1.3,1
110227,2/27/92,5,5.1,5.6,4.9,5.8,6.9,4,4.7,7.6
110228,2/28/92,21,19.9,19.3,22.2,22.1,24.7,26.7,28.5,25.5
110301,2/29/92,0,0,0,0,0,0,0,0,0
110302,3/1/92,2.1,2.2,2.4,1.9,2.2,2.2,1.7,1.9,1.8
110303,3/2/92,0,0,0,0,0,0,0,0,0
110304,3/3/92,0,0,0,0,0,0,0,0,0
110305,3/4/92,0.7,0.6,0.5,0.8,2.7,6.2,0.7,1,0.7
110306,3/5/92,64.8,63.4,60.8,66,69.2,79.6,56.2,57.9,63.6
110307,3/6/92,34.8,36.7,38.4,32.9,28.1,16.1,37.5,36.1,29.7
110308,3/7/92,0,0,0,0,0,0,0,0,0
110309,3/8/92,0,0,0,0,0,0,0,0,0
110310,3/9/92,5.3,4.9,4.4,6.1,7.2,10.4,17,17.5,17.1
110311,3/10/92,16.1,16.1,16.3,17.5,17.3,17,20.9,21.6,21.2
110312,3/11/92,2.5,2.7,3.1,2.5,2.3,1.3,2.2,2.3,2.1
110313,3/12/92,2.2,2.2,2.3,2.3,2.5,2.6,2.8,2.9,2.6
110314,3/13/92,0,0,0,0,0,0,0,0,0
110315,3/14/92,0,0,0,0,0,0,0,0,0
110316,3/15/92,11.1,10.7,10.7,11.9,11.1,11,11.3,10.6,11.4
110317,3/16/92,0,0,0,0,0,0,0,0,0
110318,3/17/92,0.3,0.3,0.3,0.3,0.3,0.3,0.3,0.3,0.3
110319,3/18/92,0.3,0.3,0.3,0.3,0.3,0.3,0.3,0.3,0.3
110320,3/19/92,0,0,0,0,0,0,0,0,0
110321,3/20/92,14.3,14,14.4,15.1,14.8,15,16.7,15.9,18.5
110322,3/21/92,2,2.1,2,2,2.3,2.4,1.8,1.6,1.3
110323,3/22/92,0.8,0.7,0.6,1,1,0.9,0.6,0.4,0.2
110324,3/23/92,0.9,1,0.9,0.9,1.4,1.8,0.6,0.4,0.2
110325,3/24/92,0,0,0,0,0,0,0,0,0
110326,3/25/92,0,0,0,0,0,0,0,0,0
110327,3/26/92,0,0,0,0,0,0,0,0,0
110328,3/27/92,0,0,0,0,0,0,0,0,0
110329,3/28/92,0,0,0,0,0,0,0,0,0
110330,3/29/92,0,0,0,0,0,0,0,0,0
110331,3/30/92,0.2,0.1,0.1,0.2,0.2,0.2,0,0,0
110401,3/31/92,10.6,10.6,10.6,11,11.4,11.7,14.2,13.7,14
110402,4/1/92,0,0,0,0,0,0,0,0,0
110403,4/2/92,0,0,0,0,0,0,0,0,0
110404,4/3/92,11.7,10.7,9.4,13,11.3,11,14.2,13.7,14
110405,4/4/92,5,5.7,6.5,4.6,6.9,8.7,7,6.7,7
110406,4/5/92,2.9,2.9,3.1,3.4,3.5,3.6,4.5,4.3,4.8
110407,4/6/92,0,0,0,0,0,0,0,0,0
110408,4/7/92,0,0,0,0,0,0,0,0,0
110409,4/8/92,0,0,0,0,0,0,0,0,0
110410,4/9/92,12.6,11.2,10.8,15.6,13.3,12,9.2,9.5,11.8
110411,4/10/92,22.4,21.9,25,26.9,30.1,32.6,31.7,30.4,30.5
110412,4/11/92,0.5,0.4,0.4,0.6,0.3,0,0.3,0.3,0.3
110413,4/12/92,8.5,8.2,8.4,9.1,8.5,8.3,9.8,10.2,9.8
110414,4/13/92,1.3,1.6,2.1,1.2,1.5,1.3,1,1,0.8
110415,4/14/92,0,0,0,0,0,0,0,0,0
110416,4/15/92,8.7,7.7,7,9.8,8.4,8.8,6.2,7.6,11.5
110417,4/16/92,20.9,20.9,22.9,21.5,22.1,22.6,28.3,28.1,23.7
110418,4/17/92,0.6,0.6,0.6,0.7,0.6,0.5,0.6,0.6,0.4
110419,4/18/92,0,0,0,0,0,0,0,0,0
110420,4/19/92,8.5,8.2,8.9,9.1,9,9.1,9,8.7,8.9
110421,4/20/92,1.7,1.7,2,1.7,2.1,2.4,3.2,3,3.2
110422,4/21/92,0,0,0,0,0,0,0,0,0
110423,4/22/92,14.5,13.6,14.2,15.7,14.9,15.1,15.7,15.9,18.1
110424,4/23/92,0.7,0.7,1,0.7,0.9,1.1,1.5,1.4,1
110425,4/24/92,10.9,10.6,10.1,11.7,10.6,9.9,2.7,2.9,2.3
110426,4/25/92,24.7,25.2,25.6,25,25.3,24.8,29.3,29.9,31.1
110427,4/26/92,1,1.1,1.2,1,1.4,2,2.7,2.5,2.3
110428,4/27/92,8.1,8,7.8,8.6,9.4,11.2,14.4,14.4,13.4
110429,4/28/92,0.2,0.3,0.4,0.2,0.4,0.5,0.8,0.8,0.8
110430,4/29/92,0,0,0,0,0,0,0,0,0
110501,4/30/92,0,0,0,0,0,0,0,0,0
110502,5/1/92,0,0,0,0,0,0,0,0,0
110503,5/2/92,0.2,0.1,0.1,0.2,0.2,0.2,0.3,0.3,0.3
110504,5/3/92,18,17.9,17.9,17.6,18,18.4,18.9,19.6,18.7
110505,5/4/92,1.7,1.5,1.2,1.8,1.5,1.5,2.4,2.5,2.4
110506,5/5/92,0,0,0,0,0,0,0,0,0
110507,5/6/92,0,0,0,0,0,0,0,0,0
110508,5/7/92,0,0,0,0,0,0,0,0,0
110509,5/8/92,0,0,0,0,0,0,0,0,0
110510,5/9/92,0,0,0,0,0,0,0,0,0
110511,5/10/92,0,0,0,0,0,0,0,0,0
110512,5/11/92,0,0,0,0,0,0,0,0,0
110513,5/12/92,0,0,0,0,0,0,0,0,0
110514,5/13/92,12.8,12.4,11.6,12.9,12.5,12.9,11.6,11.8,12
110515,5/14/92,33.8,34,33.7,32.7,32.8,32.2,31.1,31.7,31.2
110516,5/15/92,1.4,1.4,1.4,1.4,1.2,0.5,0.9,1.2,1.2
110517,5/16/92,4,4,3.7,4.2,3.8,3,2.7,2.9,3.3
110518,5/17/92,7.4,7.2,6.5,8,8.2,8.7,18.3,18.5,16.3
110519,5/18/92,17.9,17.6,16.5,18.8,18.6,17.7,13.5,14.2,14
110520,5/19/92,3.4,3.6,3.5,3.5,3.9,4.1,1.5,1.8,5
110521,5/20/92,16.4,16.9,16.6,16.7,19.7,22.3,12.6,13.6,16.5
110522,5/21/92,1,1,1,1,1.1,1.1,1.2,1.1,0.8
110523,5/22/92,12.5,11.8,10.5,13.4,12.7,12.7,11.5,12.1,10.9
110524,5/23/92,0,0,0,0,0.4,1,0.9,0.9,1.1
110525,5/24/92,0,0,0,0,0,0,0,0,0
110526,5/25/92,3.7,3.7,4,3.7,4.1,4.1,0,0,0
110527,5/26/92,1.3,1.4,1.6,1.3,1.2,0.7,3.6,3.5,2.8
110528,5/27/92,0,0,0,0,0,0,0,0,0
110529,5/28/92,0,0,0,0,0,0,0,0,0
110530,5/29/92,3.5,3.6,3.9,3.5,3.4,2.8,2.7,2.7,2.5
110531,5/30/92,0,0,0,0,0,0,0,0,0
110601,5/31/92,0,0,0,0,0,0,0,0,0
110602,6/1/92,1.1,1.1,0.9,1.1,1.4,1.7,2.1,1.8,1.6
110603,6/2/92,0,0,0,0,0,0,0,0,0
110604,6/3/92,0,0,0,0,0,0,0,0,0
110605,6/4/92,0,0,0,0,0,0,0,0,0
110606,6/5/92,0,0,0,0,0,0,0,0,0
110607,6/6/92,0,0,0,0,0,0,0,0,0
110608,6/7/92,0.2,0.3,0.4,0.2,0.2,0,0,0.5,1.5
110609,6/8/92,6.1,5.8,5.3,6.5,5.8,5.4,10.2,10.3,8.1
110610,6/9/92,0,0,0,0,0,0,0,0,0
110611,6/10/92,18.2,18.1,17.5,18.7,19,19.8,24.3,24.8,25
110612,6/11/92,5.3,5.2,4.9,5.5,5.4,5.4,3.5,3.9,5.1
110613,6/12/92,15.3,15.5,16.3,15.4,18,21.2,9.7,10.3,10.2
110614,6/13/92,3,3.1,3.6,2.9,3,2.7,3.7,3.6,3.2
110615,6/14/92,1.8,1.6,1.4,1.9,1.2,0.3,0.3,0.4,0.4
110616,6/15/92,0.4,0.4,0.4,0.5,0.3,0,0,0,0
110617,6/16/92,5.1,4.7,4.2,5.6,5.4,6.2,2.7,2.5,7
110618,6/17/92,3.3,3.7,4.4,3.1,3.5,3,5.4,5.3,3.8
110619,6/18/92,0.8,1,1.2,0.7,0.6,0,0,0,0
110620,6/19/92,0,0,0,0,0,0,0,0,0
110621,6/20/92,0,0,0,0,0,0,0,0,0
110622,6/21/92,9.3,8.3,6.7,9.9,6.4,3,4.2,5.6,9
110623,6/22/92,14.4,15.2,15.6,13.3,15.7,17.7,29.5,30.9,30.1
110624,6/23/92,22,22.1,21.4,21.1,22.5,24.3,14.8,14.7,13.6
110625,6/24/92,0.6,0.8,1,0.4,1.5,2.8,1.1,1.2,1.1
110626,6/25/92,4.3,4.3,4.1,4.2,2.9,0.8,6.4,6.3,6.2
110627,6/26/92,0.2,0.3,0.4,0.2,0.5,0.8,0,0,0
110628,6/27/92,0.9,0.9,1.1,0.9,1.2,1.6,1,1,1.3
110629,6/28/92,0,0,0,0,0,0,0,0,0
110630,6/29/92,0.5,0.5,0.6,0.5,0.5,0.3,0.5,0.5,0.6
110701,6/30/92,0.5,0.5,0.6,0.5,0.5,0.3,0.5,0.5,0.6
110702,7/1/92,0,0,0,0,0,0,0,0,0
110703,7/2/92,2.9,3,3.7,2.9,3,3,2.6,2.4,2.2
110704,7/3/92,0,0,0,0,0,0,0,0,0
110705,7/4/92,0,0,0,0,0,0,0,0,0
110706,7/5/92,13.1,12.9,12.3,13.6,13.8,14.5,16.5,15.4,16.6
110707,7/6/92,0,0,0,0,0,0,0,0,0
110708,7/7/92,0.4,0.4,0.3,0.5,0.4,0.3,0.3,0.3,0.3
110709,7/8/92,9.1,9.2,9.1,9.2,9.2,8.8,17,15.3,17.7
110710,7/9/92,0,0,0,0,0,0,0,0,0
110711,7/10/92,0,0,0,0,0,0,0,0,0
110712,7/11/92,0,0,0,0,0,0,0,0,0
110713,7/12/92,0.7,0.8,0.8,0.7,0.8,0.6,5,5.8,6.5
110714,7/13/92,0,0,0,0,0,0,0,0,0
110715,7/14/92,0,0,0,0,0,0,0,0,0
110716,7/15/92,0,0,0,0,0,0,0,0,0
110717,7/16/92,0,0,0,0,0,0,0,0,0
110718,7/17/92,12.5,12.2,10.3,14.1,14.5,15.5,4.3,4.7,4.5
110719,7/18/92,0,0,0,0,0,0,0,0,0
110720,7/19/92,0,0,0,0,0,0,0,0,0
110721,7/20/92,0,0,0,0,0,0,0,0,0
110722,7/21/92,0,0,0,0,0,0,0,0,0
110723,7/22/92,0,0,0,0,0,0,0,0,0
110724,7/23/92,0,0,0,0,0,0,0,0,0
110725,7/24/92,8.3,8.3,8.2,8.2,8.6,9,6.4,6.7,7.1
110726,7/25/92,3.8,3.7,3.5,3.8,3.6,3.4,3.8,3.6,4
110727,7/26/92,0,0,0,0,0,0,0,0,0
110728,7/27/92,0,0,0,0,0,0,0,0,0
110729,7/28/92,10.1,9.9,9.5,10.2,9.9,9.6,13.2,12.6,12.4
110730,7/29/92,0.5,0.6,0.8,0.4,0.4,0,0.3,0.2,0.3
110731,7/30/92,0,0,0,0,0,0,0,0,0
110801,7/31/92,0,0,0,0,0,0,0,0,0
110802,8/1/92,2.6,2.6,2.3,2.6,2.1,1.3,0,0.5,0.6
110803,8/2/92,0.8,0.8,0.9,0.7,0.9,1.1,0.8,0.8,1
110804,8/3/92,2.9,2.8,2.5,2.9,1.9,0.5,0,0,0
110805,8/4/92,0,0,0,0,0,0,0,0,0
110806,8/5/92,1.1,1,0.9,1.2,1.3,1.6,2.5,2.3,2.4
110807,8/6/92,13.2,13.3,12.4,13,13.1,13.1,12.1,11.5,11.4
110808,8/7/92,1.1,1.1,1,1.1,1.1,1.1,0.6,0.4,0.5
110809,8/8/92,6.6,6.3,5.9,6.6,6.2,6.3,8.9,9.3,10.6
110810,8/9/92,15.2,15.1,14.4,14.9,14.1,13.2,16.4,17,17.1
110811,8/10/92,0,0,0,0,0,0,0,0,0
110812,8/11/92,0,0,0,0,0,0,0,0,0
110813,8/12/92,0,0,0,0,0,0,0,0,0
110814,8/13/92,25.4,25.7,25.3,24.2,26.3,29.1,23.6,25.1,27.1
110815,8/14/92,50.8,50,47.3,49.9,49.8,52.1,56.1,56.8,56.8
110816,8/15/92,14.4,15.4,16.1,13,13.2,11.1,12.1,14.4,10.9
110817,8/16/92,0,0,0,0,0,0,0,0,0
110818,8/17/92,0.5,0.5,0.4,0.6,0.5,0.5,0.3,0.3,0.3
110819,8/18/92,0.4,0.4,0.3,0.4,0.3,0.2,0.3,0.3,0.5
110820,8/19/92,0,0,0,0,0,0,0,0,0
110821,8/20/92,40.2,39.3,38.8,40.7,40.1,41.7,42.3,43.2,45.1
110822,8/21/92,3.7,4.4,5.5,2.9,4.3,4.5,3.3,3.1,3
110823,8/22/92,0,0,0,0,0,0,0,0,0
110824,8/23/92,0,0,0,0,0,0,0,0,0
110825,8/24/92,10.6,10.2,9.4,10.9,10.8,11.2,15.5,15.3,15.6
110826,8/25/92,0,0,0,0,0,0,0,0,0
110827,8/26/92,4.2,4.1,3.8,4.3,6.2,9.5,7,7.8,2.9
110828,8/27/92,129.9,129.4,123.7,131.5,135.5,139.4,159.8,158.4,151.8
110829,8/28/92,1.6,1.5,1.4,1.7,2,2.7,2.1,2.1,3.3
110830,8/29/92,0,0,0,0,0,0,0,0,0
110831,8/30/92,0,0,0,0,0,0,0,0,0
110901,8/31/92,0,0,0,0,0,0,0,0,0
110902,9/1/92,0,0,0,0,0,0,0,0,0
110903,9/2/92,0,0,0,0,0,0,0,0,0
110904,9/3/92,11.4,11.3,10.6,11.4,11.1,10.9,16.8,16.3,13.4
110905,9/4/92,23.6,23.6,22.6,23.3,24,25.2,24.6,24.5,24
110906,9/5/92,9,9,8.7,8.9,9.3,9.9,10.1,9.9,9.5
110907,9/6/92,19.7,19.7,18.8,19.4,19.5,19.6,20.9,20.5,21.2
110908,9/7/92,7.8,8,8,7.5,8.4,9.4,6.2,6.1,5.8
110909,9/8/92,0,0,0,0,0,0,0,0,0
110910,9/9/92,0,0,0,0,0,0,0,0,0
110911,9/10/92,0,0,0,0,0,0,0,0,0
110912,9/11/92,0,0,0,0,0,0,0,0,0
110913,9/12/92,0,0,0,0,0,0,0,0,0
110914,9/13/92,0,0,0,0,0,0,0,0,0
110915,9/14/92,17.6,17.3,17.7,16.9,15.5,13.7,17.3,16.8,13.9
110916,9/15/92,0,0,0,0,0.2,0.5,0.5,0.5,0.3
110917,9/16/92,0,0,0,0,0,0,0,0,0
110918,9/17/92,0,0,0,0,0,0,0,0,0
110919,9/18/92,0,0,0,0,0,0,0,0,0
110920,9/19/92,2.6,2.1,2.2,3.8,3.3,3,4.1,4.2,4.4
110921,9/20/92,0,0,0,0,0,0,0,0,0
110922,9/21/92,12.5,10.1,12.2,19.5,19.7,19.8,23.6,23,23.3
110923,9/22/92,4.4,3.5,3.9,6.5,6.8,7.6,4.4,4.6,5.9
110924,9/23/92,2.3,1.9,3.5,4.5,5.2,4.9,5.2,5.4,5.6
110925,9/24/92,0,0,0,0,0,0,0,0,0
110926,9/25/92,0,0,0,0,0,0,0,0,0
110927,9/26/92,0,0,0,0,0,0,0,0,0
110928,9/27/92,0,0,0,0,0,0,0,0,0
110929,9/28/92,34.9,34.9,33.4,33.6,32.8,31.7,37.8,39.2,38.6
110930,9/29/92,33.5,32.6,30,33.2,32,32.7,39.1,40,35.2
111001,9/30/92,9.3,9.9,10.1,8.5,9.4,9.7,9.8,9.8,8.3
111002,10/1/92,35.1,35.5,34.3,33.5,35.2,37.4,39.7,40.6,36.9
111003,10/2/92,2.8,2.9,2.7,2.7,2.8,2.8,2.1,2.4,2.7
111004,10/3/92,1.2,1.1,0.8,1.4,1.2,1.3,0.9,1.1,1.4
111005,10/4/92,1.8,1.9,2,1.6,1.6,1.3,0.9,0.9,0.6
111006,10/5/92,0,0,0,0,0,0,0,0,0
111007,10/6/92,0,0,0,0,0,0,0,0,0
111008,10/7/92,0,0,0,0,0,0,0,0,0
111009,10/8/92,0,0,0,0,0,0,0,0,0
111010,10/9/92,0,0,0,0,0,0,0,0,0
111011,10/10/92,0,0,0,0,0,0,0,0,0
111012,10/11/92,0,0,0,0,0,0,0,0,0
111013,10/12/92,6.5,5.9,4.6,7,7.1,8.8,10.6,10.4,10.5
111014,10/13/92,51,51.3,46.8,49.7,48,44.3,55.3,53.2,50.5
111015,10/14/92,8.6,8.7,7.9,8.4,9,9.8,6.3,6.2,7.2
111016,10/15/92,3.7,4.6,5.3,2.7,3,1,0.5,0.6,0.3
111017,10/16/92,2.1,1.9,1.5,2.3,2.4,3.1,1.6,1.8,2.3
111018,10/17/92,0,0,0,0,0,0,0,0,0
111019,10/18/92,4.1,4,3.9,4.1,4.1,4.5,4.7,4.6,5.5
111020,10/19/92,7.4,7.5,7.7,7.1,7.1,7.1,9.1,8.7,9.4
111021,10/20/92,0,0,0,0,0,0,0,0,0
111022,10/21/92,0.6,0.6,0.7,0.5,0.7,1,3,2.7,1.2
111023,10/22/92,0,0,0,0,0,0,0,0,0
111024,10/23/92,2.7,2.6,2.5,3,2.6,2.4,1.9,1.9,2.8
111025,10/24/92,0,0,0,0,0,0,0,0,0
111026,10/25/92,0,0,0,0,0,0,0,0,0
111027,10/26/92,9.9,9.1,8.4,11.3,9.3,8.6,10.3,9.5,8.7
111028,10/27/92,2.9,2.5,2,3.6,1.9,0.5,0.3,0.3,0.3
111029,10/28/92,4.2,5.5,7.3,3.1,7.2,10.8,9.2,8.7,9.1
111030,10/29/92,4.5,4.5,4.7,4.8,4.6,4.6,5.1,4.5,4.6
111031,10/30/92,0,0,0,0,0,0,0,0,0
111101,10/31/92,0,0,0,0,0,0,0,0,0
111102,11/1/92,0,0,0,0,0,0,0,0,0
111103,11/2/92,0,0,0,0,0,0,0,0,0
111104,11/3/92,0,0,0,0,0,0,0,0,0
111105,11/4/92,0,0,0,0,0,0,0,0,0
111106,11/5/92,0,0,0,0,0,0,0,0,0
111107,11/6/92,0,0,0,0,0,0,0,0,0
111108,11/7/92,0,0,0,0,0,0,0,0,0
111109,11/8/92,0,0,0,0,0,0,0,0,0
111110,11/9/92,15.7,15.6,15.5,15.8,15.5,15,14,13.5,14.4
111111,11/10/92,0.8,0.9,0.9,0.7,1,1.3,2.5,2.2,1.7
111112,11/11/92,0,0,0,0,0,0,0,0,0
111113,11/12/92,0,0,0,0,0,0,0,0,0
111114,11/13/92,5.3,5.2,5.3,5.7,5.4,5.2,5.7,5.5,4.9
111115,11/14/92,0.5,0.6,0.7,0.4,0.4,0.3,1.1,0.9,0.9
111116,11/15/92,7.6,7.7,8.1,7.9,8.5,9.1,7.6,7.4,8.5
111117,11/16/92,1.4,1.3,1.4,1.5,1.4,1.3,0.8,0.7,0.4
111118,11/17/92,0,0,0,0,0,0,0,0,0
111119,11/18/92,0,0,0,0,0,0,0,0,0
111120,11/19/92,0,0,0,0,0,0,0,0,0
111121,11/20/92,0,0,0,0,0,0,0,0,0
111122,11/21/92,0.1,0.2,0.2,0.1,0.1,0,0,0.2,0
111123,11/22/92,31.3,31.3,30.9,31.9,32.4,34.4,36.9,35.5,35.3
111124,11/23/92,0.1,0.2,0.2,0.1,0.4,0.8,0.3,0.2,0.3
111125,11/24/92,0.1,0.2,0.2,0.1,0.2,0.3,1.2,1,0.6
111126,11/25/92,0,0,0,0,0,0,0,0,0
111127,11/26/92,0,0,0,0,0,0,0,0,0
111128,11/27/92,0,0,0,0,0,0,0,0,0
111129,11/28/92,5.4,5.1,5,5.9,5.8,6.3,6.7,6.5,7.8
111130,11/29/92,26.3,26,26.9,27.3,27.6,28.5,26.8,26.6,26.3
111201,11/30/92,0.4,0.4,0.4,0.3,0.4,0.5,0.5,0.5,0.3
111202,12/1/92,0,0,0,0,0,0,0,0,0
111203,12/2/92,0,0,0,0,0,0,0,0,0
111204,12/3/92,0,0,0,0,0,0,0,0,0
111205,12/4/92,0,0,0,0,0,0,0,0,0
111206,12/5/92,5.8,5.5,5.4,6.3,6.3,7,7.7,7.5,8.3
111207,12/6/92,17.5,17.1,17.2,18.6,18.9,20.3,17.9,17.4,19.9
111208,12/7/92,11.6,12,13,11.6,11.6,10.3,10,10.6,8.5
111209,12/8/92,0,0,0,0,0,0,0,0,0
111210,12/9/92,0.1,0.1,0.2,0.1,0.1,0,0,0,0
111211,12/10/92,0,0,0,0,0,0,0,0,0
111212,12/11/92,0,0,0,0,0,0,0,0,0
111213,12/12/92,0,0,0,0,0,0,0,0,0
111214,12/13/92,0,0,0,0,0,0,0,0,0
111215,12/14/92,19.1,19,19.3,18.6,18.3,18,13.5,12.4,13.8
111216,12/15/92,2,1.9,1.8,2.1,2.2,2.6,1.2,1.1,2.1
111217,12/16/92,0,0,0,0,0,0,0.5,0.5,0.2
111218,12/17/92,0,0,0,0,0,0,0,0,0
111219,12/18/92,0,0,0,0,0,0,0,0,0
111220,12/19/92,0,0,0,0,0,0,0,0,0
111221,12/20/92,10.8,10.7,10.6,10.9,11,11.4,11.5,11.1,11.6
111222,12/21/92,1.9,1.9,2,1.9,2,2.3,0.8,0.8,0.8
111223,12/22/92,11.6,11.8,11.9,11.5,11.6,11.4,12.3,11.6,11.7
111224,12/23/92,0,0,0,0,0,0,0,0,0
111225,12/24/92,1.2,1.1,1.1,1.2,1.2,1.3,0.8,0.8,0.8
111226,12/25/92,3,3.1,3.3,2.9,3.1,3.3,3.9,3.8,4
111227,12/26/92,22.2,22.4,22.9,21.7,24.4,27.9,26.1,27,28
111228,12/27/92,13.3,12.7,12,13.7,11.3,8.6,10.4,10.3,9.9
111229,12/28/92,0,0,0,0,0,0,0,0,0
111230,12/29/92,0.5,0.5,0.5,0.5,0.6,0.8,0.8,0.9,0.8
111231,12/30/92,1.9,1.9,2,1.9,2.2,2.8,2.2,2.3,2.1
120101,12/31/92,5.8,5.7,5.7,5.8,7.2,9.7,6.2,7.8,10.1
120102,1/1/93,8.8,8.5,8.3,8.9,7.5,5.6,8.7,8.3,7.8
120103,1/2/93,0,0,0,0,0,0,0,0,0
120104,1/3/93,0,0,0,0,0,0,0,0,0
120105,1/4/93,0,0,0,0,0,0,0,0,0
120106,1/5/93,0.8,0.9,1.3,2.3,2.7,2.2,1.6,1.4,1.6
120107,1/6/93,0,0,0,0,0,0,0,0,0
120108,1/7/93,0,0,0,0,0,0,0,0,0
120109,1/8/93,0,0,0,0,0,0,0,0,0
120110,1/9/93,0,0,0,0,0,0,0,0,0
120111,1/10/93,0,0,0,0,0,0,0,0,0
120112,1/11/93,13.2,13.5,13.9,13.6,14.4,15.5,18.4,17.5,20.3
120113,1/12/93,6.3,6.6,6.8,6.4,6.8,7,8.7,8,7.6
120114,1/13/93,1.4,1.4,1.4,1.4,1.1,0.6,0.6,0.6,0.8
120115,1/14/93,0,0,0,0,0,0,0,0,0
120116,1/15/93,0,0,0,0,0,0,0,0,0
120117,1/16/93,5.7,5.4,5,6.3,6.4,7.6,8.1,7.6,6.9
120118,1/17/93,1.9,1.9,2,1.9,2,2,2.4,2.2,2.7
120119,1/18/93,3.3,3.2,3.5,3.5,3.3,3.1,3.4,3.7,2.5
120120,1/19/93,2.6,2.5,2.8,2.7,2.5,2.2,2.2,2.3,3
120121,1/20/93,1.4,1.3,1.3,1.6,1.3,1.1,0.9,1.1,1
120122,1/21/93,0,0,0,0,0,0,0,0,0
120123,1/22/93,24.4,23.1,24.8,26,24.7,24.7,22,23.3,21.5
120124,1/23/93,1.6,1.6,2,1.5,2.6,3.8,1.6,1.7,2.6
120125,1/24/93,0.5,0.4,0.5,0.5,0.5,0.4,0.2,0.2,0.2
120126,1/25/93,5.9,5.8,5.7,6.1,5.5,4.8,4.2,4.9,5.5
120127,1/26/93,32.2,32,31.9,32.9,33.7,35.7,33.7,36.2,39
120128,1/27/93,0,0,0,0,0,0,0,0,0
120129,1/28/93,1.2,1.2,1.2,1.2,1,0.8,0,0,0
120130,1/29/93,0,0,0,0,0,0,0,0,0
120131,1/30/93,3.6,3.6,3.4,3.4,3.5,3.6,2.6,1.8,0.9
120201,1/31/93,2.2,2.3,2.2,2,1.9,1.7,3.3,1.8,1.3
120202,2/1/93,0,0,0,0,0,0,0,0,0
120203,2/2/93,0,0,0,0,0,0,0.3,0.2,0
120204,2/3/93,0.5,0.6,0.6,0.4,0.5,0.6,0.3,0.2,0.1
120205,2/4/93,0,0,0,0,0,0,0,0,0
120206,2/5/93,0,0,0,0,0,0,0,0,0
120207,2/6/93,0,0,0,0,0,0,0,0,0
120208,2/7/93,0,0,0,0,0,0,0,0,0
120209,2/8/93,0,0,0,0,0,0,0,0,0
120210,2/9/93,0,0,0,0,0,0,0,0,0
120211,2/10/93,0.5,0.5,1.1,1.4,1.4,1.4,1.7,1.5,1.6
120212,2/11/93,0,0,0,0,0,0,0,0,0
120213,2/12/93,0,0,0,0,0,0,0,0,0
120214,2/13/93,0,0,0,0,0,0,0,0,0
120215,2/14/93,0,0,0,0,0,0,0,0,0.1
120216,2/15/93,1.5,1.3,1,1.7,1.5,1.5,2.5,2.7,2.3
120217,2/16/93,3.7,3.8,4.1,3.6,3.9,3.7,2.3,2.4,2.1
120218,2/17/93,0,0,0,0,0,0,0,0,0
120219,2/18/93,0,0,0,0,0,0,0,0,0
120220,2/19/93,0,0,0,0,0,0,0,0,0
120221,2/20/93,1.1,1,0.9,1.2,1,1.1,1.1,1.2,1.4
120222,2/21/93,0.5,0.5,0.6,0.4,0.5,0.5,0,0,0.5
120223,2/22/93,1.1,1.1,1,1.1,1,1.1,0.5,0.6,1
120224,2/23/93,13.9,13.4,12.8,14.3,14.3,16,18.6,18.1,17.7
120225,2/24/93,4.3,4.8,5.5,3.9,4,3.2,3.3,3.1,2.9
120226,2/25/93,0,0,0,0,0,0,0,0,0
120227,2/26/93,0.3,0.4,0.6,0.3,0.6,0.8,0,0,0.9
120228,2/27/93,0.4,0.5,0.7,0.4,0.9,1.3,0.6,0.7,0.5
120229,2/28/93,1,1,1,1.2,1.2,1.3,1.1,1.2,1.6
120301,3/1/93,7.6,7.3,7.5,8.8,9.4,10.8,17.7,17.4,15.8
120302,3/2/93,0.9,0.9,1,1,1.2,1.3,0.8,0.7,0.5
120303,3/3/93,14.1,13.2,13.1,16.3,15.2,14.8,14.4,14.5,16.1
120304,3/4/93,0.2,0.2,0.2,0.3,0.5,0.8,0.3,0.3,0.3
120305,3/5/93,0,0,0,0,0,0,0,0,0
120306,3/6/93,0,0,0,0,0,0,0,0,0
120307,3/7/93,0,0,0,0,0,0,0,0,0
120308,3/8/93,5.6,5.2,4.7,6.4,6.2,7.2,5.3,5,6.8
120309,3/9/93,6.5,7.1,7.7,6.2,7.1,7.2,9.9,8.8,6.9
120310,3/10/93,4.1,4,3.9,4.4,4.4,4.6,4.9,4.4,4.7
120311,3/11/93,0,0,0,0,0,0,0,0,0
120312,3/12/93,0,0,0,0,0,0,0,0,0
120313,3/13/93,0,0,0,0,0,0,0,0,0
120314,3/14/93,0.7,0.8,1,0.6,0.5,0,0,0,0.4
120315,3/15/93,1.4,1.3,1.4,1.5,0.8,0,0.3,0.2,0.3
120316,3/16/93,6,5.9,6.4,6.1,7.4,9.7,8.3,8.7,8.1
120317,3/17/93,0,0,0,0,0,0,0,0,0
120318,3/18/93,0,0,0,0,0,0,0,0,0
120319,3/19/93,0,0,0,0,0,0,0,0,0
120320,3/20/93,0,0,0,0,0,0,0,0,0
120321,3/21/93,0,0,0,0,0,0,0,0,0
120322,3/22/93,0,0,0,0,0,0,0,0,0
120323,3/23/93,0,0,0,0,0,0,0,0,0
120324,3/24/93,0.8,0.9,1.1,0.7,0.7,0.2,0.6,0.5,0.4
120325,3/25/93,5.3,5,5.3,6.5,6.4,7.1,6.8,6,7.5
120326,3/26/93,2.6,3,3.7,2.4,2.8,2.5,2.5,1.9,1.8
120327,3/27/93,0.4,0.4,0.5,0.4,0.3,0,0,0,0
120328,3/28/93,2.2,2,2,2.8,2.1,1.7,0,0.3,2.4
120329,3/29/93,2.1,2.3,2.6,2.2,2.5,2.8,1.3,1.6,1.6
120330,3/30/93,0.5,0.7,0.8,0.4,0.9,1.4,5.2,4.6,2.2
120331,3/31/93,0,0,0,0,0,0,0,0,0
120401,4/1/93,0.7,0.8,0.8,0.8,0.9,1.1,0.6,0.8,1.2
120402,4/2/93,0,0,0,0,0,0,0,0,0
120403,4/3/93,0,0,0,0,0,0,0,0,0
120404,4/4/93,0,0,0,0,0,0,0,0,0
120405,4/5/93,0,0,0,0,0,0,0,0,0
120406,4/6/93,0,0,0,0,0,0,0,0,0
120407,4/7/93,0,0,0,0,0,0,0,0,0
120408,4/8/93,0.6,0.6,0.6,0.6,0.5,0.3,0.3,0.3,0.6
120409,4/9/93,13.4,13.7,13.1,12.7,12.5,11.7,4.1,4.9,5.4
120410,4/10/93,0,0,0,0,0,0,0,0,0
120411,4/11/93,0,0,0,0,0,0,0,0,0
120412,4/12/93,0,0,0,0,0,0,0,0,0
120413,4/13/93,0,0,0,0,0,0,0,0,0
120414,4/14/93,0,0,0,0,0,0,0,0,0
120415,4/15/93,0,0,0,0,0,0,0,0,0
120416,4/16/93,0,0,0,0,0,0,0,0,0
120417,4/17/93,0,0,0,0,0,0,0,0,0
120418,4/18/93,0,0,0,0,0,0,0,0,0
120419,4/19/93,0,0,0,0,0,0,0,0,0
120420,4/20/93,0,0,0,0,0,0,0,0,0
120421,4/21/93,13.6,13.1,12.8,14.7,13.1,11.9,13.7,13.8,12.2
120422,4/22/93,22.1,21.6,21.6,23.5,22.9,23.2,23.3,24.4,22.1
120423,4/23/93,30,31.3,33.3,29.9,32.7,34.4,30.1,30.4,33
120424,4/24/93,2.3,2.2,2.2,2.5,2.3,2.3,2.7,2.6,3.5
120425,4/25/93,0,0,0,0,0,0,0,0,0
120426,4/26/93,12.1,11.9,11.6,11.9,11.8,12,13,13.2,12.5
120427,4/27/93,2.7,2.8,2.9,2.6,2.6,2.4,4.5,4.2,4
120428,4/28/93,0,0,0,0,0,0,0,0,0
120429,4/29/93,0,0,0,0,0,0,0,0,0
120430,4/30/93,0,0,0,0,0,0,0,0,0
120501,5/1/93,19.3,18.7,18.5,19.8,19.6,20.1,24.1,23.9,24.9
120502,5/2/93,1.3,1.4,1.6,1.2,1.4,1.3,1.1,1.2,1.7
120503,5/3/93,2.5,2.4,2.4,2.5,2.7,3,2.9,2.9,2.6
120504,5/4/93,16.1,15.7,15.5,16.6,16,15.8,14.9,15,14.9
120505,5/5/93,0.6,0.7,0.9,0.5,0.9,1.3,0.6,0.6,0.2
120506,5/6/93,0,0,0,0,0,0,0,0,0
120507,5/7/93,0,0,0,0,0,0,0,0,0
120508,5/8/93,40.3,33.3,23.7,45.8,43.9,58.7,112.1,106.9,86
120509,5/9/93,5,5.2,5.5,4.7,4.6,3.9,0.4,0.8,1.3
120510,5/10/93,17.5,18.8,20.5,16,16.5,13.8,2.6,4.3,9.3
120511,5/11/93,2.5,3,3.6,2,2.2,1.3,0.4,0.6,1.7
120512,5/12/93,0,0,0,0,0,0,0,0,0
120513,5/13/93,0,0,0,0,0,0,0,0,0
120514,5/14/93,4.2,3.6,2.7,4.7,4.2,4.9,1.1,1.6,4.3
120515,5/15/93,44.6,48.4,53.3,40.4,40.7,30.9,8.1,13.3,24.8
120516,5/16/93,8.7,9.5,10.5,7.9,8.6,7.8,1.2,2.3,6.3
120517,5/17/93,2.5,2.4,2.2,2.6,1.8,0.8,0.2,0.2,0.3
120518,5/18/93,0,0,0,0,0,0,0,0,0
120519,5/19/93,0,0,0,0,0,0,0,0,0
120520,5/20/93,0,0,0,0,0,0,0,0,0
120521,5/21/93,1.1,1.4,1.8,0.8,1.4,1.6,1.9,2,1.9
120522,5/22/93,3.1,3,2.8,3.1,3.2,3.7,6.4,5.6,3.7
120523,5/23/93,0,0,0,0,0,0,0,0,0
120524,5/24/93,0,0,0,0,0.4,1.1,0,0,0
120525,5/25/93,6.8,6.7,6.4,6.8,6.3,5.9,8.6,8,7.3
120526,5/26/93,0,0,0,0,0,0,0,0,0
120527,5/27/93,0,0,0,0,0,0,0,0,0
120528,5/28/93,2.1,1.8,1.3,2.2,1.3,0.5,0.3,0.6,0.5
120529,5/29/93,64.1,64.2,63.3,62.9,63.7,64.8,42.7,42,41.4
120530,5/30/93,0.4,0.4,0.4,0.4,0.9,1.9,0.3,0.3,0.3
120531,5/31/93,0,0,0,0,0,0,0,0,0
120601,6/1/93,0,0,0,0,0,0,0,0,0
120602,6/2/93,55,54.7,51.2,55.1,54.6,55.4,56.3,60,60.4
120603,6/3/93,7.6,7.7,7.4,7.4,8.9,11,7.5,6.9,7.5
120604,6/4/93,5.3,5.6,5.6,5,5.1,4.5,9.7,9.8,8.4
120605,6/5/93,0.5,0.5,0.5,0.6,0.5,0.6,0,0,0
120606,6/6/93,8.8,8.4,8.4,9,7.6,6.3,14.7,15.7,14.2
120607,6/7/93,1,0.9,0.9,1.1,1,1.2,1,1,1.7
120608,6/8/93,7.9,8.3,9.2,7.4,9.6,12.1,5.7,6,7.6
120609,6/9/93,0.2,0.1,0.1,0.2,0.1,0,0,0,0
120610,6/10/93,0,0,0,0,0,0,0,0,0
120611,6/11/93,0,0,0,0,0,0,0,0,0
120612,6/12/93,19.4,18.8,18.2,20.1,19.7,19.9,22.3,23.2,22.7
120613,6/13/93,22.4,22.9,23.6,22.2,23.3,23.2,26.5,27.1,26.7
120614,6/14/93,0,0,0,0,0,0,0,0,0
120615,6/15/93,0,0,0,0,0,0,0,0,0
120616,6/16/93,0,0,0,0,0,0,0,0,0
120617,6/17/93,0,0,0,0,0,0,0,0,0
120618,6/18/93,0,0,0,0,0,0,0,0,0
120619,6/19/93,0,0,0,0,0,0,0,0,0
120620,6/20/93,0,0,0,0,0,0,0,0,0
120621,6/21/93,0,0,0,0,0,0,0,0,0
120622,6/22/93,0,0,0,0,0,0,0,0,0
120623,6/23/93,0,0,0,0,0,0,0,0,0
120624,6/24/93,0,0,0,0,0,0,0,0,0
120625,6/25/93,38.8,38.5,38.9,39.8,40,37.6,42.6,47.9,50.4
120626,6/26/93,1.2,1.1,0.9,1.5,1.2,0.9,8,7.3,6.1
120627,6/27/93,4.4,4.7,4.6,4.7,6.6,9.2,13.8,12.5,12.8
120628,6/28/93,0,0,0,0,0,0,0,0,0
120629,6/29/93,0,0,0,0,0,0,0.3,0.3,0.3
120630,6/30/93,0,0,0,0,0,0,0,0,0
120701,7/1/93,1.9,1.8,1.4,2.4,2,1.8,0,0,0
120702,7/2/93,0.5,0.5,0.4,0.6,0.4,0,0,0,0
120703,7/3/93,0,0,0,0,8.1,22.2,0,0,0
120704,7/4/93,19.8,19.8,18.3,19.3,12.3,0,30.1,28.5,27.3
120705,7/5/93,0,0,0,0,0,0,0,0,0
120706,7/6/93,0,0,0,0,0,0,0,0,0
120707,7/7/93,0,0,0,0,0,0,0,0,0
120708,7/8/93,0,0,0,0,0,0,0,0,0
120709,7/9/93,0,0,0,0,0,0,0,0,0
120710,7/10/93,0,0,0,0,0,0,0,0,0
120711,7/11/93,0,0,0,0,0,0,0,0,0
120712,7/12/93,0,0,0,0,0,0,0,0,0
120713,7/13/93,0,0,0,0,0,0,0,0,0
120714,7/14/93,0,0,0,0,0,0,0,0,0
120715,7/15/93,1.9,1.8,1.9,1.9,1.6,1.3,2.7,3.1,2.7
120716,7/16/93,1.4,1.5,1.6,1.3,1.4,1.3,1.9,1.9,2.1
120717,7/17/93,7.9,8,7.5,8.9,9.5,10.3,17.7,16,16.2
120718,7/18/93,0.3,0.3,0.2,0.5,0.2,0,0,0,0
120719,7/19/93,0,0,0,0,0,0,0,0,0
120720,7/20/93,0,0,0,0,0,0,0,0,0
120721,7/21/93,0,0,0,0,0,0,0,0,0
120722,7/22/93,0,0,0,0,0,0,0,0,0
120723,7/23/93,10.1,9.5,7.5,11.8,11.5,11.3,12.5,11.9,13.7
120724,7/24/93,12.1,12,10.5,13.7,13.3,11.1,5.8,4.8,4.6
120725,7/25/93,0,0,0,0,0,0,0,0,0
120726,7/26/93,7.5,7.2,5.8,8.7,8.8,8.8,7.5,7.2,7.7
120727,7/27/93,1.6,1.6,1.4,1.7,2,2,1.9,1.7,1.5
120728,7/28/93,12.4,12.4,10.9,13.9,14.3,13.1,12.5,11.2,10.1
120729,7/29/93,16.5,17.9,17.9,17.4,22.4,24.2,20.5,17.1,17.2
120730,7/30/93,0,0,0,0,0,0,0,0,0
120731,7/31/93,0,0,0,0,0,0,0,0,0
120801,8/1/93,8.2,7.7,6.3,8.7,7.9,8.3,1.7,3,4.1
120802,8/2/93,0,0,0,0,0,0,0,0,0
120803,8/3/93,0,0,0,0,0,0,0,0,0
120804,8/4/93,0,0,0,0,0,0,0,0,0
120805,8/5/93,17.6,18.3,17.4,16.8,17.5,17.3,12.9,13.5,9.8
120806,8/6/93,0,0,0,0,0,0,0.7,0.6,0.3
120807,8/7/93,0,0,0,0,0,0,0,0,0
120808,8/8/93,0,0,0,0,0,0,0,0,0
120809,8/9/93,48.3,46.2,44.6,48.6,44.2,41.3,34.7,38,43
120810,8/10/93,78.8,78.2,79,76.9,77.9,79,67.5,72.5,77.6
120811,8/11/93,8.6,8.6,8.8,8.3,8.2,7.9,5.8,6.1,6.8
120812,8/12/93,4.5,4.9,5.6,4,4.1,3.1,13.8,13.4,9.9
120813,8/13/93,0,0,0,0,0,0,0,0,0
120814,8/14/93,0,0,0,0,0,0,0,0,0
120815,8/15/93,8.5,7.7,8.2,8.9,6.9,7.1,6.8,7.5,6.9
120816,8/16/93,0,0,0,0,0,0,0,0,0
120817,8/17/93,2.1,2.1,2.4,2,1.8,1.7,3.4,3.8,3.2
120818,8/18/93,0,0,0,0,0,0,0,0,0
120819,8/19/93,0,0,0,0,0,0,0,0,0
120820,8/20/93,0,0,0,0,0,0,0,0,0
120821,8/21/93,0,0,0,0,0,0,0,0,0
120822,8/22/93,0,0,0,0,0,0,0,0,0
120823,8/23/93,0,0,0,0,0,0,0,0,0
120824,8/24/93,0,0,0,0,0,0,0,0,0
120825,8/25/93,0,0,0,0,0,0,0,0,0
120826,8/26/93,0,0,0,0,0,0,0,0,0
120827,8/27/93,20.2,19.7,15.5,15.4,18,23.6,21.1,21.9,19.7
120828,8/28/93,29.7,29.3,23.6,22.6,17.7,10.4,14.3,13,10.9
120829,8/29/93,0,0,0,0,0,0,0,0,0
120830,8/30/93,0,0,0,0,0,0,0,0,0
120831,8/31/93,0.9,0.9,0.8,0.7,0.6,0.5,0.3,0.5,0.4
120901,9/1/93,0,0,0,0,0,0,0,0,0
120902,9/2/93,11.3,11.7,10.4,8.5,8.9,8.6,1.4,1.5,1.8
120903,9/3/93,0,0,0,0,0,0,0,0,0
120904,9/4/93,17.7,16.4,11.1,13.6,11.7,11.9,11.5,11.4,10
120905,9/5/93,20.7,20.4,16.6,15.7,16.7,19,17.7,17.7,16.7
120906,9/6/93,0,0,0,0,0,0,0,0,0
120907,9/7/93,0,0,0,0,0,0,0,0,0
120908,9/8/93,32.3,30.8,22.9,24.7,21.8,20.8,19.7,19.6,19.4
120909,9/9/93,0,0,0,0,0,0,0,0,0
120910,9/10/93,0,0,0,0,0,0,0,0,0
120911,9/11/93,0,0,0,0,0,0,0,0,0
120912,9/12/93,0,0,0,0,0,0,0,0,0
120913,9/13/93,0,0,0,0,0,0,0,0,0
120914,9/14/93,0,0,0,0,0,0,0,0,0
120915,9/15/93,0,0,0,0,0,0,0,0,0
120916,9/16/93,0,0,0,0,0,0,0,0,0
120917,9/17/93,0,0,0,0,0,0,0,0,0
120918,9/18/93,85.2,83.4,80.3,86.2,83.9,83.2,71,75.3,78.9
120919,9/19/93,2.8,3.2,3.7,2.4,3.5,4.1,4.1,4.2,4.4
120920,9/20/93,0,0,0,0,0,0,0,0,0
120921,9/21/93,0,0,0,0,0,0,0,0,0
120922,9/22/93,3.5,3.6,3.6,3.5,4.5,5.8,4.9,5.4,4.5
120923,9/23/93,2.7,2.8,2.9,2.7,2.6,2.3,3.5,3.6,3
120924,9/24/93,0,0,0,0,0,0,0,0,0
120925,9/25/93,0,0,0,0,0,0,0,0,0
120926,9/26/93,1.1,1.1,1.1,1,1,0.8,1.4,1.3,1.2
120927,9/27/93,0.9,0.8,0.7,0.9,1,1.3,0.5,0.6,1
120928,9/28/93,11.4,11.4,11,11.4,11,10.1,11.8,11.9,12.2
120929,9/29/93,1.8,1.8,1.7,1.8,2.1,2.5,2.7,2.6,2.3
120930,9/30/93,4,3.8,3.3,4.2,3.8,3.8,7.4,7.5,7.4
121001,10/1/93,10.2,10.5,10.5,9.9,10.5,10.6,7.7,7.2,7.5
121002,10/2/93,0,0,0,0,0,0,0,0,0
121003,10/3/93,14.2,14.1,13.6,14.5,14,13.4,14.3,14.4,15.4
121004,10/4/93,3.9,3.9,3.8,3.9,4.6,5.7,3.6,3.4,3.4
121005,10/5/93,0.5,0.4,0.2,0.6,0.5,0.5,0.6,0.5,0.2
121006,10/6/93,7.4,7.8,8,7.2,8.2,8.8,7.1,6.9,5.5
121007,10/7/93,4.6,4.4,4,4.9,4.1,3.3,2.4,2.7,4.7
121008,10/8/93,0.8,0.9,0.9,0.8,1.1,1.6,1.8,1.6,1
121009,10/9/93,0,0,0,0,0,0,0,0,0
121010,10/10/93,8.7,8.7,8.7,8.7,9.2,9.9,9.3,9.6,10.4
121011,10/11/93,0.3,0.3,0.3,0.3,0.3,0.3,0,0,0.2
121012,10/12/93,4,4,4,4,4.1,4.2,3.7,3.9,3.9
121013,10/13/93,0,0,0,0,0,0,0,0,0
121014,10/14/93,9.5,9.3,9.1,9.7,9.6,9.9,9,8.8,8
121015,10/15/93,3.9,3.6,3.1,4.2,3.3,2.7,2.5,2.8,3.1
121016,10/16/93,0.6,0.7,0.7,0.6,0.6,0.5,0.6,0.6,0.4
121017,10/17/93,0,0,0,0,0,0,0,0,0
121018,10/18/93,0,0,0,0,0,0,0,0,0
121019,10/19/93,33.4,33.1,31.7,34,35.2,37.1,36,39.5,42
121020,10/20/93,5.3,5.3,5.1,5.3,5.9,6.6,4.7,5.1,4.6
121021,10/21/93,1.1,1.2,1.3,1.1,1.3,1.3,0.8,1,1.2
121022,10/22/93,0,0,0,0,0,0,0,0,0
121023,10/23/93,0,0,0,0,0,0,0,0,0
121024,10/24/93,0,0,0,0,0,0,0,0,0
121025,10/25/93,0,0,0,0,0,0,0,0,0
121026,10/26/93,0,0,0,0,0,0,0,0,0
121027,10/27/93,0,0,0,0,0,0,0,0,0
121028,10/28/93,0,0,0,0,0,0,0,0,0
121029,10/29/93,20.3,19.6,19.5,19.8,18.4,17.4,21.8,20.1,19.4
121030,10/30/93,40.8,39.9,40.2,39.5,39.3,40.5,49.2,46.3,44.4
121031,10/31/93,2.5,2.5,2.4,2.5,2.3,2.1,2.9,2.5,2.2
121101,11/1/93,0,0,0,0,0,0,0,0,0
121102,11/2/93,0.3,0.3,0.3,0.3,0.4,0.5,0.3,0.2,0.1
121103,11/3/93,0,0,0,0,0,0,0,0,0
121104,11/4/93,0,0,0,0,0.3,0.8,0.3,0.2,0.2
121105,11/5/93,0,0,0,0,0,0,0,0,0
121106,11/6/93,0,0,0,0,0,0,0,0,0
121107,11/7/93,0,0,0,0,0,0,0,0,0
121108,11/8/93,2.2,2.1,2,2.4,2.1,1.9,1.5,1.3,1.4
121109,11/9/93,0.3,0.4,0.6,0.3,0.4,0.2,0,0,0
121110,11/10/93,0,0,0,0,0,0,0,0,0
121111,11/11/93,0,0,0,0,0,0,0,0,0
121112,11/12/93,0,0,0,0,0,0,0,0,0
121113,11/13/93,14.2,14.2,14.3,15,15.4,16,17.8,16.4,16.4
121114,11/14/93,0,0,0,0,0,0,0,0,0
121115,11/15/93,0,0,0,0,0,0,0,0,0
121116,11/16/93,0,0,0,0,0,0,0,0,0
121117,11/17/93,0,0,0,0,0,0,0,0,0
121118,11/18/93,0,0,0,0,0,0,0,0,0
121119,11/19/93,0,0,0,0,0,0,0,0,0
121120,11/20/93,0,0,0,0,0,0,0,0,0
121121,11/21/93,0,0,0,0,0,0,0,0,0
121122,11/22/93,0,0,0,0,0,0,0,0,0
121123,11/23/93,0.2,0.2,0.3,0.2,0.3,0.4,0,0,0
121124,11/24/93,1.9,1.9,1.7,2.1,2.4,3,0.9,1.2,1.2
121125,11/25/93,0.3,0.3,0.4,0.2,0.4,0.4,0.9,1,0.7
121126,11/26/93,0,0,0,0,0,0,0,0,0
121127,11/27/93,0,0,0,0,0,0,0,0,0
121128,11/28/93,0.3,0.3,0.3,0.3,0.3,0.3,0,0,0.2
121129,11/29/93,2.6,2.6,2.6,2.6,2.6,2.7,2.8,2.9,3.6
121130,11/30/93,0,0,0,0,0,0,0,0,0
121201,12/1/93,4,3.9,3.7,4.1,4.1,4.2,4.1,4.1,4.2
121202,12/2/93,19.3,19.3,19.1,19.5,19.3,19.1,16,16.1,15.5
121203,12/3/93,1,1.2,1.3,0.9,0.9,0.5,0.6,0.6,1.1
121204,12/4/93,0.7,0.6,0.6,0.7,0.5,0.3,0.8,0.7,0.4
121205,12/5/93,9.5,9.4,9.6,9.7,10.9,12.7,11.4,11.4,11.1
121206,12/6/93,0,0,0,0,0,0,0,0,0
121207,12/7/93,0,0,0,0,0,0,0,0,0
121208,12/8/93,0.9,0.9,0.9,1,1.1,1.3,1.3,1.2,1.1
121209,12/9/93,0.1,0.1,0.2,0.1,0.1,0,0,0,0
121210,12/10/93,25.1,24.8,25.2,25.8,24.7,23.1,23.6,23.9,24.5
121211,12/11/93,0,0,0,0,0,0,0,0,0
121212,12/12/93,0,0,0,0,0,0,0,0,0
121213,12/13/93,0,0,0,0,0,0,0,0,0
121214,12/14/93,0,0,0,0,0,0,0,0,0
121215,12/15/93,0,0,0,0,0,0,0,0,0
121216,12/16/93,8.3,7.9,7.8,9.2,8.8,8.6,7,7.4,8.6
121217,12/17/93,9.3,8.9,8.8,10.3,10.5,11.3,12,11.6,11.3
121218,12/18/93,16.4,16,16.3,18,19.7,22.7,24.9,24.2,21.6
121219,12/19/93,2.6,2.8,3.3,2.6,2.4,1.3,0.8,0.9,1
121220,12/20/93,0,0,0,0,0,0,0,0,0
121221,12/21/93,21.2,20.6,20.8,23.4,23.7,24.7,35.3,34.7,35.9
121222,12/22/93,0.4,0.5,0.7,0.3,1,1.8,3.9,3.4,2.1
121223,12/23/93,0.3,0.2,0.1,0.4,0.3,0.3,0,0,0
121224,12/24/93,0.3,0.4,0.5,0.2,0.6,1,0,0,0
121225,12/25/93,2.6,2.6,2.5,2.5,2.2,1.8,2.3,2.2,2.6
121226,12/26/93,0,0,0,0,0,0,0,0,0
121227,12/27/93,13.4,13.5,13.5,13.1,14.6,17.5,17.3,15.7,16.7
121228,12/28/93,1.4,1.7,2,1.1,1.2,0.6,0.6,0.5,0.9
121229,12/29/93,7.7,7.7,7.6,7.6,7.7,8.3,8.5,7.8,8.1
121230,12/30/93,3.3,3.3,3.3,3.3,3,2.7,3.7,3.2,2.5
121231,12/31/93,0,0,0,0,0,0,0,0,0