Date,DATE,STA_1,STA_6,STA_14,STA_INT,STA_HQ,STA_23,STA_17,STA_24
90101,1/1/2009,-17,-21,-21,-18,-17,-20,-23,-26
90102,1/2/2009,-11,-12,-11,-11,-13,-13,-14,-17
90103,1/3/2009,-8,-11,-11,-8,-7,-10,-13,-15
90104,1/4/2009,-9,-8,-9,-9,-7,-8,-9,-9
90105,1/5/2009,-3,-4,-4,-2,-2,-5,-6,-7
90106,1/6/2009,-6,-8,-9,-6,-6,-9,-10,-10
90107,1/7/2009,-6,-7,-6,-6,-6,-6,-7,-7
90108,1/8/2009,-7,-9,-9,-7,-7,-9,-10,-9
90109,1/9/2009,-12,-14,-16,-12,-11,-16,-17,-17
90110,1/10/2009,-11,-13,-15,-11,-9,-16,-16,-16
90111,1/11/2009,-8,-9,-9,-8,-8,-9,-10,-10
90112,1/12/2009,-9,-10,-12,-9,-10,-12,-12,-12
90113,1/13/2009,-9,-9,-9,-9,-11,-10,-9,-10
90114,1/14/2009,-12,-14,-14,-12,-12,-15,-15,-14
90115,1/15/2009,-16,-18,-17,-17,-17,-22,-22,-22
90116,1/16/2009,-18,-19,-21,-18,-21,-22,-22,-23
90117,1/17/2009,-16,-17,-18,-16,-17,-19,-20,-19
90118,1/18/2009,-11,-12,-12,-11,-11,-12,-13,-12
90119,1/19/2009,-6,-7,-8,-6,-6,-9,-9,-7
90120,1/20/2009,-8,-10,-12,-8,-7,-13,-14,-12
90121,1/21/2009,-11,-13,-16,-11,-11,-16,-16,-16
90122,1/22/2009,-7,-8,-9,-7,-8,-8,-11,-9
90123,1/23/2009,-5,-5,-6,-5,-4,-6,-6,-6
90124,1/24/2009,-10,-12,-11,-10,-9,-11,-12,-12
90125,1/25/2009,-14,-15,-16,-14,-14,-17,-18,-18
90126,1/26/2009,-13,-13,-16,-13,-13,-16,-17,-17
90127,1/27/2009,-10,-11,-13,-11,-12,-14,-15,-14
90128,1/28/2009,-8,-9,-9,-9,-9,-9,-10,-9
90129,1/29/2009,-7,-7,-9,-7,-7,-9,-11,-9
90130,1/30/2009,-7,-8,-9,-8,-9,-9,-10,-9
90131,1/31/2009,-12,-12,-13,-12,-10,-13,-14,-14
90201,2/1/2009,-10,-9,-9,-11,-11,-10,-11,-12
90202,2/2/2009,0,-2,-3,-1,-6,-3,-3,-3
90203,2/3/2009,-6,-9,-9,-7,-6,-8,-9,-9
90204,2/4/2009,-12,-14,-16,-12,-12,-16,-18,-16
90205,2/5/2009,-16,-17,-18,-16,-14,-19,-21,-19
90206,2/6/2009,-10,-12,-13,-10,-10,-15,-14,-14
90207,2/7/2009,-4,-5,-8,-5,-9,-6,-6,-6
90208,2/8/2009,-1,-4,-4,-2,0,-4,-6,-4
90209,2/9/2009,-7,-10,-10,-8,-7,-10,-12,-12
90210,2/10/2009,-7,-7,-6,-7,-7,-8,-6,-8
90211,2/11/2009,4,4,4,4,4,4,3,2
90212,2/12/2009,2,0,-1,2,2,-1,-1,1
90213,2/13/2009,-6,-8,-9,-6,-5,-9,-9,-8
90214,2/14/2009,-7,-8,-9,-7,-6,-9,-12,-9
90215,2/15/2009,-6,-8,-8,-5,-4,-8,-9,-8
90216,2/16/2009,-6,-6,-8,-7,-3,-8,-9,-7
90217,2/17/2009,-7,-7,-8,-5,-5,-9,-10,-8
90218,2/18/2009,-6,-8,-8,-5,-7,-8,-8,-7
90219,2/19/2009,-3,-6,-5,-2,-2,-3,-6,-4
90220,2/20/2009,-9,-12,-11,-9,-7,-11,-12,-11
90221,2/21/2009,-7,-9,-10,-6,-5,-10,-11,-9
90222,2/22/2009,-5,-7,-7,-4,-4,-6,-7,-6
90223,2/23/2009,-8,-11,-11,-8,-6,-10,-12,-11
90224,2/24/2009,-9,-11,-12,-8,-7,-12,-12,-12
90225,2/25/2009,-5,-8,-9,-5,-7,-9,-9,-8
90226,2/26/2009,-2,-4,-5,-1,-2,-6,-4,-5
90227,2/27/2009,1,-1,-2,1,-2,-1,0,0
90228,2/28/2009,-4,-5,-6,-4,-5,-6,-5,-5
90301,3/1/2009,-8,-10,-10,-8,-8,-10,-10,-9
90302,3/2/2009,-10,-13,-13,-10,-9,-12,-14,-12
90303,3/3/2009,-12,-14,-14,-12,-10,-14,-15,-13
90304,3/4/2009,-11,-13,-14,-11,-9,-14,-15,-14
90305,3/5/2009,-7,-9,-10,-6,-8,-10,-10,-10
90306,3/6/2009,1,-1,-1,1,-2,0,-2,-1
90307,3/7/2009,6,3,2,6,4,4,2,4
90308,3/8/2009,2,1,0,3,4,1,0,2
90309,3/9/2009,-2,-4,-4,-2,-2,-4,-4,-3
90310,3/10/2009,-1,-3,-3,-1,-2,-2,-3,-2
90311,3/11/2009,0,-2,-2,1,0,-1,-2,-2
90312,3/12/2009,-8,-10,-11,-8,-6,-10,-11,-12
90313,3/13/2009,-7,-10,-10,-8,-7,-12,-12,-11
90314,3/14/2009,-2,-2,-4,-1,-3,-4,-4,-4
90315,3/15/2009,4,2,0,4,3,2,1,2
90316,3/16/2009,3,1,0,3,2,1,1,2
90317,3/17/2009,3,1,1,3,2,1,2,2
90318,3/18/2009,2,2,2,2,1,3,3,2
90319,3/19/2009,2,0,0,3,4,0,-1,0
90320,3/20/2009,-2,-5,-5,-2,-1,-4,-6,-4
90321,3/21/2009,-2,-4,-4,-2,-2,-5,-4,-4
90322,3/22/2009,-2,-4,-6,-2,-1,-5,-6,-5
90323,3/23/2009,-9,-11,-9,-9,-7,-12,-11,-11
90324,3/24/2009,-2,-5,-5,-2,-1,-5,-6,-5
90325,3/25/2009,3,1,1,3,1,0,1,1
90326,3/26/2009,3,2,1,4,1,1,2,2
90327,3/27/2009,4,4,3,6,6,3,2,3
90328,3/28/2009,6,5,5,7,6,5,6,5
90329,3/29/2009,3,2,2,3,2,2,2,2
90330,3/30/2009,3,0,1,2,4,1,0,1
90331,3/31/2009,2,0,0,3,2,1,0,2
90401,4/1/2009,2,-1,-2,2,1,0,-1,0
90402,4/2/2009,7,5,3,7,7,5,4,5
90403,4/3/2009,8,5,5,8,7,5,5,5
90404,4/4/2009,4,1,1,4,5,2,1,2
90405,4/5/2009,4,1,0,4,6,0,-1,0
90406,4/6/2009,2,0,0,2,3,0,-1,1
90407,4/7/2009,1,-2,-2,1,2,-2,-2,-1
90408,4/8/2009,0,-3,-3,0,0,-2,-5,-2
90409,4/9/2009,3,1,1,3,4,1,0,1
90410,4/10/2009,5,4,3,6,5,3,2,4
90411,4/11/2009,4,2,2,4,6,2,1,2
90412,4/12/2009,-2,-5,-5,-2,-1,-5,-6,-4
90413,4/13/2009,2,-1,-1,2,4,-1,-2,-1
90414,4/14/2009,5,4,3,6,5,4,3,4
90415,4/15/2009,8,6,5,8,6,5,6,5
90416,4/16/2009,7,6,5,7,6,4,5,5
90417,4/17/2009,9,8,7,9,8,7,7,7
90418,4/18/2009,6,4,4,6,7,5,3,4
90419,4/19/2009,7,5,5,7,7,5,4,5
90420,4/20/2009,5,4,2,4,6,3,2,3
90421,4/21/2009,5,3,2,4,7,2,0,2
90422,4/22/2009,9,6,4,8,9,6,4,5
90423,4/23/2009,4,2,0,4,5,1,-1,0
90424,4/24/2009,10,9,7,11,12,8,5,6
90425,4/25/2009,19,19,16,19,18,14,14,11
90426,4/26/2009,17,14,13,16,17,12,8,9
90427,4/27/2009,17,14,14,16,18,13,9,11
90428,4/28/2009,19,16,15,17,19,16,12,12
90429,4/29/2009,8,6,6,7,9,6,4,4
90430,4/30/2009,11,11,9,11,9,9,8,7
90501,5/1/2009,13,10,10,12,14,10,11,8
90502,5/2/2009,9,8,7,9,9,7,5,5
90503,5/3/2009,10,9,8,10,9,8,7,7
90504,5/4/2009,13,12,10,12,13,11,10,9
90505,5/5/2009,12,9,8,11,12,9,7,8
90506,5/6/2009,11,9,7,10,11,9,6,7
90507,5/7/2009,9,8,7,9,10,9,7,7
90508,5/8/2009,14,13,12,14,15,12,11,11
90509,5/9/2009,16,15,14,15,15,14,12,12
90510,5/10/2009,8,6,4,7,8,6,4,4
90511,5/11/2009,9,7,6,8,10,7,6,6
90512,5/12/2009,9,8,7,9,8,7,6,6
90513,5/13/2009,12,11,9,11,10,9,10,9
90514,5/14/2009,9,9,7,9,9,7,6,7
90515,5/15/2009,16,15,14,16,16,14,12,13
90516,5/16/2009,14,13,12,13,12,11,11,11
90517,5/17/2009,7,7,6,7,10,6,6,7
90518,5/18/2009,6,6,5,6,7,4,4,4
90519,5/19/2009,11,9,9,10,10,9,9,8
90520,5/20/2009,15,15,15,14,13,14,13,13
90521,5/21/2009,22,22,22,22,19,21,21,22
90522,5/22/2009,18,17,17,17,18,17,16,17
90523,5/23/2009,12,10,9,10,12,10,9,10
90524,5/24/2009,14,13,13,13,16,13,12,14
90525,5/25/2009,12,11,9,10,13,10,9,11
90526,5/26/2009,11,9,9,10,10,9,8,9
90527,5/27/2009,7,6,5,6,7,5,5,5
90528,5/28/2009,7,5,6,6,8,6,4,5
90529,5/29/2009,9,9,8,9,11,9,8,9
90530,5/30/2009,14,14,13,13,14,13,12,13
90531,5/31/2009,10,9,7,9,11,8,6,7
90601,6/1/2009,10,9,9,9,11,7,7,8
90602,6/2/2009,14,12,12,13,14,12,12,13
90603,6/3/2009,14,13,12,13,15,12,12,12
90604,6/4/2009,15,13,13,14,14,13,12,13
90605,6/5/2009,15,13,12,14,14,13,12,12
90606,6/6/2009,16,14,14,14,16,14,13,14
90607,6/7/2009,15,13,13,14,16,13,13,14
90608,6/8/2009,13,12,12,14,15,12,12,12
90609,6/9/2009,9,8,7,9,10,8,7,8
90610,6/10/2009,11,9,10,11,12,10,8,9
90611,6/11/2009,13,12,11,13,14,12,11,12
90612,6/12/2009,17,15,15,16,18,14,13,14
90613,6/13/2009,17,16,14,16,17,15,13,14
90614,6/14/2009,14,13,12,14,16,13,11,12
90615,6/15/2009,12,10,9,11,13,10,8,10
90616,6/16/2009,15,13,12,15,14,13,11,12
90617,6/17/2009,16,14,13,16,14,14,13,13
90618,6/18/2009,12,10,9,11,11,9,9,9
90619,6/19/2009,15,13,13,14,16,13,12,13
90620,6/20/2009,16,15,14,16,17,15,14,14
90621,6/21/2009,19,17,17,18,20,17,16,16
90622,6/22/2009,17,14,14,16,18,16,13,14
90623,6/23/2009,17,15,15,17,19,16,14,15
90624,6/24/2009,20,18,19,19,20,19,16,17
90625,6/25/2009,22,19,19,21,21,21,18,19
90626,6/26/2009,22,20,19,21,23,20,18,19
90627,6/27/2009,18,16,16,17,20,16,14,15
90628,6/28/2009,19,17,17,19,20,18,16,17
90629,6/29/2009,18,16,15,17,19,17,14,16
90630,6/30/2009,20,17,16,19,19,17,15,16
90701,7/1/2009,16,14,13,14,16,14,12,13
90702,7/2/2009,15,13,12,14,15,13,12,13
90703,7/3/2009,18,16,16,17,19,17,14,16
90704,7/4/2009,16,14,12,15,17,13,11,12
90705,7/5/2009,16,16,12,16,17,14,12,13
90706,7/6/2009,18,16,16,17,17,16,14,14
90707,7/7/2009,14,12,12,13,14,12,11,11
90708,7/8/2009,14,11,11,13,15,13,10,11
90709,7/9/2009,14,12,12,14,16,12,10,11
90710,7/10/2009,18,16,16,18,17,16,15,14
90711,7/11/2009,19,17,17,18,19,17,16,16
90712,7/12/2009,17,16,15,17,18,16,14,14
90713,7/13/2009,15,14,13,14,16,14,12,12
90714,7/14/2009,14,12,12,13,14,12,10,10
90715,7/15/2009,16,14,14,15,16,15,12,13
90716,7/16/2009,17,15,16,16,16,16,14,14
90717,7/17/2009,20,18,18,20,20,18,17,17
90718,7/18/2009,20,18,18,19,21,19,16,17
90719,7/19/2009,17,16,15,16,17,15,13,14
90720,7/20/2009,19,17,18,18,18,18,16,16
90721,7/21/2009,18,16,16,17,17,16,14,15
90722,7/22/2009,19,16,17,18,19,17,15,16
90723,7/23/2009,17,15,14,17,17,16,13,14
90724,7/24/2009,16,14,14,16,17,15,13,13
90725,7/25/2009,20,19,18,20,21,19,16,17
90726,7/26/2009,21,18,18,20,22,18,16,17
90727,7/27/2009,21,20,19,21,21,19,18,18
90728,7/28/2009,21,19,21,21,23,20,19,19
90729,7/29/2009,22,21,21,22,21,21,21,20
90730,7/30/2009,20,19,19,20,21,19,17,17
90731,7/31/2009,16,15,15,15,16,15,14,14
90801,8/1/2009,20,19,19,19,20,19,17,18
90802,8/2/2009,18,16,16,18,18,16,15,15
90803,8/3/2009,18,18,15,18,19,17,16,15
90804,8/4/2009,20,19,16,19,20,18,17,17
90805,8/5/2009,19,17,15,19,19,17,16,17
90806,8/6/2009,18,16,13,17,17,16,14,15
90807,8/7/2009,16,15,12,15,16,15,12,14
90808,8/8/2009,15,13,11,14,15,14,12,12
90809,8/9/2009,17,16,12,16,15,14,14,13
90810,8/10/2009,22,20,17,20,22,19,18,19
90811,8/11/2009,23,21,18,21,23,20,19,19
90812,8/12/2009,21,19,16,20,21,19,17,17
90813,8/13/2009,19,18,18,19,19,18,16,16
90814,8/14/2009,22,20,18,21,22,20,19,19
90815,8/15/2009,23,21,20,22,22,21,19,20
90816,8/16/2009,24,21,21,23,24,22,21,21
90817,8/17/2009,26,23,22,24,25,22,21,22
90818,8/18/2009,26,24,24,25,25,23,23,23
90819,8/19/2009,23,21,19,22,23,20,19,20
90820,8/20/2009,21,18,18,20,20,19,18,18
90821,8/21/2009,21,19,18,21,22,20,19,19
90822,8/22/2009,21,19,18,21,22,19,17,19
90823,8/23/2009,22,20,18,21,22,20,18,19
90824,8/24/2009,20,20,17,20,22,19,17,16
90825,8/25/2009,20,18,16,21,19,17,16,17
90826,8/26/2009,18,16,13,17,18,16,14,15
90827,8/27/2009,14,12,10,14,14,12,10,10
90828,8/28/2009,14,12,10,14,13,11,11,10
90829,8/29/2009,12,10,8,11,13,10,9,9
90830,8/30/2009,16,15,13,16,18,14,13,13
90831,8/31/2009,13,11,9,13,14,11,9,9
90901,9/1/2009,13,12,10,13,13,12,11,10
90902,9/2/2009,16,15,13,16,15,14,14,13
90903,9/3/2009,19,17,16,19,17,17,17,16
90904,9/4/2009,19,17,16,20,18,18,17,17
90905,9/5/2009,16,13,12,16,17,14,12,12
90906,9/6/2009,13,11,8,13,12,10,10,9
90907,9/7/2009,13,12,10,13,12,11,10,9
90908,9/8/2009,18,16,14,17,17,16,15,15
90909,9/9/2009,16,14,11,16,16,13,12,11
90910,9/10/2009,13,11,7,12,11,10,9,8
90911,9/11/2009,12,11,7,12,12,10,9,9
90912,9/12/2009,17,15,13,17,17,15,13,14
90913,9/13/2009,16,15,12,16,19,15,13,13
90914,9/14/2009,15,12,13,15,16,14,10,11
90915,9/15/2009,13,11,9,13,12,11,9,9
90916,9/16/2009,12,11,7,12,11,11,9,8
90917,9/17/2009,12,10,7,12,11,9,7,8
90918,9/18/2009,11,8,6,11,11,9,6,7
90919,9/19/2009,9,7,5,9,9,6,5,4
90920,9/20/2009,12,11,8,12,11,9,8,7
90921,9/21/2009,16,14,12,16,14,13,13,12
90922,9/22/2009,14,13,13,15,14,14,16,13
90923,9/23/2009,17,17,16,18,19,17,16,16
90924,9/24/2009,12,12,10,13,15,12,11,10
90925,9/25/2009,9,8,4,11,8,6,4,4
90926,9/26/2009,7,6,4,8,7,6,6,4
90927,9/27/2009,9,9,7,10,11,9,9,7
90928,9/28/2009,15,13,12,15,16,13,12,11
90929,9/29/2009,13,11,9,12,13,10,9,8
90930,9/30/2009,7,4,2,6,6,5,3,2
91001,10/1/2009,5,3,0,5,5,3,1,0
91002,10/2/2009,9,5,2,9,7,4,3,1
91003,10/3/2009,9,7,6,9,9,8,7,6
91004,10/4/2009,13,12,10,13,14,12,10,9
91005,10/5/2009,12,9,8,11,12,9,8,8
91006,10/6/2009,10,8,7,9,10,8,6,6
91007,10/7/2009,10,6,7,9,9,8,6,7
91008,10/8/2009,7,6,4,7,7,6,3,4
91009,10/9/2009,8,6,5,6,7,6,5,5
91010,10/10/2009,6,5,3,5,6,5,3,4
91011,10/11/2009,6,5,2,6,6,4,2,3
91012,10/12/2009,5,2,1,4,6,3,1,1
91013,10/13/2009,3,1,-1,2,2,1,-1,-1
91014,10/14/2009,1,-2,-3,0,1,-1,-4,-4
91015,10/15/2009,0,-3,-4,-1,0,-2,-4,-5
91016,10/16/2009,2,-1,-2,1,1,-1,-3,-4
91017,10/17/2009,4,1,-1,3,2,1,-2,-2
91018,10/18/2009,2,0,-1,2,2,1,-2,-2
91019,10/19/2009,6,3,2,5,5,2,0,-1
91020,10/20/2009,7,7,6,7,4,4,3,2
91021,10/21/2009,9,9,9,10,5,7,5,6
91022,10/22/2009,4,4,5,6,7,4,3,3
91023,10/23/2009,2,1,1,5,3,0,-2,-1
91024,10/24/2009,4,4,6,6,4,4,4,4
91025,10/25/2009,6,6,7,9,8,6,5,5
91026,10/26/2009,5,4,4,7,6,3,1,3
91027,10/27/2009,4,3,2,6,2,3,1,3
91028,10/28/2009,5,3,3,6,5,3,2,3
91029,10/29/2009,6,4,4,8,5,3,2,4
91030,10/30/2009,5,5,4,7,6,3,3,4
91031,10/31/2009,10,9,9,12,11,9,8,9
91101,11/1/2009,5,4,2,7,6,3,1,3
91102,11/2/2009,5,3,1,6,4,1,-1,2
91103,11/3/2009,4,3,2,5,4,2,1,2
91104,11/4/2009,2,0,-1,4,2,-1,-3,0
91105,11/5/2009,0,-1,-2,1,1,-2,-3,-1
91106,11/6/2009,-1,-3,-3,1,1,-3,-4,-2
91107,11/7/2009,1,-1,-2,2,2,-2,-4,-2
91108,11/8/2009,9,7,6,10,9,4,2,5
91109,11/9/2009,10,10,9,11,9,8,7,7
91110,11/10/2009,9,8,8,9,10,8,6,7
91111,11/11/2009,5,4,2,5,4,1,1,2
91112,11/12/2009,4,4,2,4,2,1,1,2
91113,11/13/2009,5,6,3,5,4,3,3,3
91114,11/14/2009,7,7,6,7,7,7,6,7
91115,11/15/2009,12,12,11,13,13,11,10,11
91116,11/16/2009,7,5,4,6,8,4,3,5
91117,11/17/2009,4,2,-1,3,6,-1,-2,0
91118,11/18/2009,4,6,1,5,6,1,1,2
91119,11/19/2009,7,10,6,7,6,4,6,5
91120,11/20/2009,7,6,6,8,8,6,5,5
91121,11/21/2009,6,4,2,6,6,3,1,2
91122,11/22/2009,4,4,1,5,5,1,1,1
91123,11/23/2009,3,1,1,3,2,1,-1,1
91124,11/24/2009,7,6,4,7,6,3,3,4
91125,11/25/2009,5,5,5,5,3,3,4,4
91126,11/26/2009,5,4,4,5,6,2,3,4
91127,11/27/2009,2,1,0,2,2,0,0,1
91128,11/28/2009,1,1,-2,1,2,-2,-3,-1
91129,11/29/2009,2,1,-1,3,4,-1,-2,-1
91130,11/30/2009,1,0,-1,3,2,-1,-2,0
91201,12/1/2009,-1,-2,-4,0,0,-4,-3,-3
91202,12/2/2009,1,0,-1,1,1,-1,-1,0
91203,12/3/2009,7,6,4,7,7,5,4,6
91204,12/4/2009,3,2,-1,3,3,0,-1,1
91205,12/5/2009,-1,-2,-4,-1,0,-3,-4,-2
91206,12/6/2009,-3,-4,-7,-3,-1,-6,-7,-5
91207,12/7/2009,-3,-5,-6,-3,-3,-6,-6,-4
91208,12/8/2009,-5,-6,-9,-5,-4,-8,-9,-7
91209,12/9/2009,-4,-5,-6,-4,-4,-6,-6,-6
91210,12/10/2009,-3,-4,-6,-3,-1,-5,-7,-4
91211,12/11/2009,-8,-10,-12,-8,-6,-11,-13,-11
91212,12/12/2009,-8,-10,-13,-8,-6,-12,-14,-12
91213,12/13/2009,-5,-5,-7,-6,-7,-7,-7,-6
91214,12/14/2009,1,0,-3,1,2,-2,-4,-2
91215,12/15/2009,0,-2,-3,0,-1,-2,-3,-2
91216,12/16/2009,-7,-11,-11,-7,-7,-10,-12,-11
91217,12/17/2009,-15,-19,-19,-17,-15,-19,-21,-21
91218,12/18/2009,-13,-15,-14,-13,-12,-17,-20,-19
91219,12/19/2009,-8,-11,-10,-8,-7,-10,-13,-12
91220,12/20/2009,-11,-12,-12,-11,-9,-12,-13,-12
91221,12/21/2009,-10,-12,-12,-10,-8,-11,-14,-12
91222,12/22/2009,-11,-13,-14,-11,-9,-14,-15,-14
91223,12/23/2009,-12,-14,-13,-13,-10,-13,-15,-14
91224,12/24/2009,-2,-3,-6,-2,-1,-5,-7,-6
91225,12/25/2009,-4,-2,-5,-4,-6,-5,-6,-5
91226,12/26/2009,-3,-4,-5,-2,-1,-4,-6,-5
91227,12/27/2009,1,1,0,1,1,1,-1,0
91228,12/28/2009,-3,-4,-6,-3,-2,-4,-6,-5
91229,12/29/2009,-12,-13,-16,-12,-10,-14,-16,-15
91230,12/30/2009,-13,-14,-17,-13,-11,-17,-17,-17
91231,12/31/2009,-9,-10,-10,-9,-9,-9,-9,-8
100101,1/1/2010,-4,-6,-4,-4,-4,-4,-5,-4
100102,1/2/2010,-8,-9,-10,-8,-7,-9,-10,-9
100103,1/3/2010,-9,-10,-10,-9,-7,-10,-11,-10
100104,1/4/2010,-7,-8,-9,-7,-5,-7,-9,-8
100105,1/5/2010,-6,-8,-10,-6,-5,-7,-10,-7
100106,1/6/2010,-7,-8,-10,-6,-5,-9,-11,-9
100107,1/7/2010,-7,-7,-11,-6,-5,-9,-11,-10
100108,1/8/2010,-9,-10,-12,-9,-8,-11,-12,-11
100109,1/9/2010,-13,-15,-17,-14,-11,-15,-17,-16
100110,1/10/2010,-13,-14,-17,-13,-11,-14,-17,-16
100111,1/11/2010,-6,-9,-11,-6,-6,-8,-11,-9
100112,1/12/2010,-10,-12,-14,-10,-9,-12,-14,-14
100113,1/13/2010,-11,-13,-16,-11,-9,-14,-15,-16
100114,1/14/2010,-7,-10,-9,-7,-9,-8,-8,-9
100115,1/15/2010,-2,-3,-2,-2,-2,-2,-4,-3
100116,1/16/2010,0,-2,-3,0,2,-2,-5,-3
100117,1/17/2010,-2,-3,-4,-2,0,-3,-5,-4
100118,1/18/2010,-1,-1,-2,1,1,-2,-3,-2
100119,1/19/2010,-2,-4,-4,-2,-2,-3,-4,-4
100120,1/20/2010,-3,-5,-6,-3,-2,-4,-7,-5
100121,1/21/2010,-3,-5,-8,-4,-4,-6,-8,-7
100122,1/22/2010,-1,-2,-6,-2,-3,-4,-6,-6
100123,1/23/2010,-2,-4,-7,-2,-5,-6,-9,-7
100124,1/24/2010,-3,-5,-4,-3,-3,-4,-5,-5
100125,1/25/2010,2,1,2,2,4,2,1,2
100126,1/26/2010,1,-1,-2,0,1,1,-1,-2
100127,1/27/2010,-2,-2,-5,-2,-1,-3,-6,-4
100128,1/28/2010,-8,-11,-12,-9,-7,-10,-13,-12
100129,1/29/2010,-16,-19,-22,-17,-14,-19,-22,-21
100130,1/30/2010,-15,-17,-21,-16,-13,-19,-22,-21
100131,1/31/2010,-11,-12,-17,-11,-10,-15,-17,-16
100201,2/1/2010,-8,-9,-12,-8,-7,-11,-14,-12
100202,2/2/2010,-7,-9,-11,-7,-7,-10,-13,-11
100203,2/3/2010,-7,-7,-9,-7,-7,-8,-10,-9
100204,2/4/2010,-10,-10,-14,-9,-8,-11,-14,-13
100205,2/5/2010,-9,-9,-13,-9,-7,-11,-14,-12
100206,2/6/2010,-10,-11,-14,-9,-7,-14,-15,-13
100207,2/7/2010,-11,-12,-15,-11,-9,-15,-15,-13
100208,2/8/2010,-9,-11,-13,-9,-7,-13,-14,-12
100209,2/9/2010,-5,-7,-9,-5,-3,-8,-9,-9
100210,2/10/2010,-2,-2,-3,-2,-3,-2,-4,-4
100211,2/11/2010,-5,-7,-8,-5,-3,-6,-9,-8
100212,2/12/2010,-5,-5,-8,-4,-2,-8,-11,-8
100213,2/13/2010,-6,-7,-9,-5,-3,-8,-11,-9
100214,2/14/2010,-5,-6,-8,-5,-2,-7,-9,-8
100215,2/15/2010,-3,-5,-7,-4,-1,-5,-8,-6
100216,2/16/2010,-4,-5,-7,-4,-4,-6,-7,-6
100217,2/17/2010,-3,-4,-6,-3,-2,-4,-7,-5
100218,2/18/2010,0,-2,-4,0,1,-2,-5,-3
100219,2/19/2010,-4,-4,-7,-3,-3,-6,-8,-7
100220,2/20/2010,0,-1,-3,0,2,-2,-6,-3
100221,2/21/2010,-4,-5,-7,-4,-2,-6,-8,-6
100222,2/22/2010,1,-1,-2,0,2,-1,-4,-2
100223,2/23/2010,-1,-3,-3,0,0,-2,-5,-4
100224,2/24/2010,0,-2,-2,0,1,-1,-3,-3
100225,2/25/2010,1,0,0,2,2,1,-1,0
100226,2/26/2010,0,-1,-2,1,1,0,-2,-1
100227,2/27/2010,-2,-3,-3,-2,-1,-3,-5,-3
100228,2/28/2010,-1,-2,-3,0,1,-2,-4,-3
100301,3/1/2010,-1,-2,-2,0,2,0,-2,-1
100302,3/2/2010,4,3,0,3,4,4,-1,1
100303,3/3/2010,1,-1,-2,1,1,0,-3,-1
100304,3/4/2010,0,-2,-2,0,1,-1,-4,-2
100305,3/5/2010,0,-1,-2,0,2,-1,-4,-2
100306,3/6/2010,2,1,0,2,4,2,-3,0
100307,3/7/2010,3,3,1,4,6,2,-2,1
100308,3/8/2010,6,4,2,5,7,3,0,3
100309,3/9/2010,0,-1,-2,1,2,-1,-4,-2
100310,3/10/2010,1,0,-2,1,1,-1,-3,-1
100311,3/11/2010,3,2,0,3,1,0,0,1
100312,3/12/2010,2,1,0,2,2,0,-1,1
100313,3/13/2010,3,1,1,2,2,1,-2,1
100314,3/14/2010,2,1,0,3,4,0,-1,1
100315,3/15/2010,4,2,2,4,6,2,1,2
100316,3/16/2010,6,6,5,6,7,6,5,6
100317,3/17/2010,8,6,6,8,6,6,4,6
100318,3/18/2010,8,8,6,9,7,7,5,7
100319,3/19/2010,9,9,7,10,9,8,7,8
100320,3/20/2010,9,7,7,10,9,8,6,7
100321,3/21/2010,4,3,3,6,6,4,2,4
100322,3/22/2010,5,4,3,7,5,4,4,6
100323,3/23/2010,4,2,2,4,5,3,2,6
100324,3/24/2010,1,-1,-1,1,1,0,-2,2
100325,3/25/2010,5,4,4,5,5,5,1,6
100326,3/26/2010,-3,-6,-6,-3,-1,-4,-7,-3
100327,3/27/2010,-4,-5,-7,-3,-6,-5,-8,-3
100328,3/28/2010,-2,-4,-5,-2,-1,-2,-5,0
100329,3/29/2010,3,2,4,2,3,2,1,4
100330,3/30/2010,5,3,2,4,5,4,1,6
100331,3/31/2010,8,6,5,8,8,6,4,8
100401,4/1/2010,10,8,7,11,11,9,7,10
100402,4/2/2010,13,11,9,14,13,11,10,12
100403,4/3/2010,16,14,13,17,16,14,14,15
100404,4/4/2010,12,11,11,13,14,12,9,13
100405,4/5/2010,11,8,8,11,11,9,5,11
100406,4/6/2010,12,8,7,9,11,9,6,7
100407,4/7/2010,16,13,11,16,16,13,12,12
100408,4/8/2010,10,6,4,8,10,7,5,6
100409,4/9/2010,5,2,-1,4,5,2,1,0
100410,4/10/2010,5,2,1,5,6,1,-2,-2
100411,4/11/2010,7,4,3,7,8,4,2,3
100412,4/12/2010,6,3,2,6,5,3,1,2
100413,4/13/2010,7,5,5,7,8,5,3,4
100414,4/14/2010,8,6,6,7,6,6,4,5
100415,4/15/2010,8,6,5,7,8,6,4,5
100416,4/16/2010,2,-1,-1,4,2,0,-2,-1
100417,4/17/2010,2,-1,0,1,2,0,-1,0
100418,4/18/2010,4,1,2,3,5,2,0,2
100419,4/19/2010,6,2,3,5,7,4,3,3
100420,4/20/2010,9,8,7,9,10,8,5,7
100421,4/21/2010,12,10,10,12,11,10,8,8
100422,4/22/2010,12,11,12,12,11,11,9,9
100423,4/23/2010,9,6,7,8,10,7,4,6
100424,4/24/2010,10,8,9,9,10,10,7,7
100425,4/25/2010,13,10,12,12,12,11,10,11
100426,4/26/2010,11,10,7,12,13,11,9,11
100427,4/27/2010,2,0,0,3,4,2,0,1
100428,4/28/2010,1,-2,-2,0,1,-1,-2,-1
100429,4/29/2010,3,1,0,3,4,3,-2,0
100430,4/30/2010,11,9,9,11,11,10,4,8
100501,5/1/2010,16,14,14,16,15,15,12,14
100502,5/2/2010,21,18,20,20,21,20,19,19
100503,5/3/2010,20,16,17,19,19,18,16,17
100504,5/4/2010,17,15,14,16,16,16,13,14
100505,5/5/2010,14,13,14,14,14,14,11,13
100506,5/6/2010,14,11,11,13,14,13,9,11
100507,5/7/2010,11,8,8,11,12,9,5,8
100508,5/8/2010,6,4,3,5,6,5,2,3
100509,5/9/2010,3,0,-2,2,4,1,-2,-1
100510,5/10/2010,4,1,1,4,5,2,-1,0
100511,5/11/2010,6,5,4,6,6,6,3,4
100512,5/12/2010,9,7,6,9,6,7,6,6
100513,5/13/2010,10,8,8,9,8,8,6,7
100514,5/14/2010,9,8,9,9,10,9,7,9
100515,5/15/2010,11,8,8,9,11,10,7,9
100516,5/16/2010,13,11,11,12,13,12,10,11
100517,5/17/2010,17,14,16,16,13,16,17,15
100518,5/18/2010,16,13,13,14,12,14,12,13
100519,5/19/2010,11,8,9,10,11,10,8,9
100520,5/20/2010,16,14,15,16,16,16,13,15
100521,5/21/2010,19,16,17,18,18,17,15,17
100522,5/22/2010,17,16,16,16,16,17,16,16
100523,5/23/2010,20,16,17,18,18,18,17,18
100524,5/24/2010,22,19,21,21,20,20,19,18
100525,5/25/2010,25,22,24,24,23,23,23,20
100526,5/26/2010,25,21,22,22,23,22,21,19
100527,5/27/2010,19,17,18,18,18,18,17,14
100528,5/28/2010,17,15,16,16,16,16,15,12
100529,5/29/2010,18,15,18,17,17,17,17,13
100530,5/30/2010,17,17,15,16,18,16,15,13
100531,5/31/2010,18,16,15,17,19,17,15,13
100601,6/1/2010,17,15,16,16,17,17,16,13
100602,6/2/2010,20,17,17,19,18,19,19,16
100603,6/3/2010,18,16,16,17,17,18,16,14
100604,6/4/2010,19,17,17,18,19,19,17,15
100605,6/5/2010,21,18,17,19,20,19,17,16
100606,6/6/2010,14,11,10,12,14,14,10,9
100607,6/7/2010,14,15,11,13,15,13,10,9
100608,6/8/2010,12,10,10,11,11,12,9,8
100609,6/9/2010,13,11,11,12,11,12,11,9
100610,6/10/2010,11,9,8,10,11,10,8,7
100611,6/11/2010,13,11,10,12,14,12,10,9
100612,6/12/2010,14,12,11,13,13,13,11,9
100613,6/13/2010,18,16,14,17,16,17,14,12
100614,6/14/2010,16,16,13,14,16,15,16,12
100615,6/15/2010,16,14,14,15,15,15,14,12
100616,6/16/2010,14,11,10,12,11,12,12,9
100617,6/17/2010,16,14,13,15,16,15,13,12
100618,6/18/2010,21,18,19,19,19,20,18,17
100619,6/19/2010,24,21,21,22,21,22,22,20
100620,6/20/2010,23,21,21,21,23,22,22,21
100621,6/21/2010,20,17,18,19,19,20,20,18
100622,6/22/2010,19,16,16,18,16,18,17,15
100623,6/23/2010,20,17,17,19,20,18,17,16
100624,6/24/2010,21,17,17,20,20,20,17,16
100625,6/25/2010,19,16,16,18,20,18,16,15
100626,6/26/2010,19,16,16,17,18,17,15,15
100627,6/27/2010,19,15,16,17,18,17,16,15
100628,6/28/2010,22,19,19,21,22,21,19,18
100629,6/29/2010,19,16,15,17,19,18,15,15
100630,6/30/2010,16,12,12,14,14,14,12,11
100701,7/1/2010,14,11,10,13,13,13,10,9
100702,7/2/2010,16,15,15,16,16,17,15,14
100703,7/3/2010,21,19,19,21,21,20,19,17
100704,7/4/2010,24,22,22,23,22,23,22,21
100705,7/5/2010,26,23,24,25,25,25,24,22
100706,7/6/2010,29,24,26,27,28,27,26,25
100707,7/7/2010,29,25,26,27,26,27,26,25
100708,7/8/2010,26,22,24,25,25,25,24,22
100709,7/9/2010,26,21,23,24,24,24,23,21
100710,7/10/2010,21,17,18,20,20,20,18,18
100711,7/11/2010,24,21,21,22,23,22,21,19
100712,7/12/2010,25,21,22,23,24,23,22,21
100713,7/13/2010,23,20,20,22,22,22,21,20
100714,7/14/2010,22,19,19,21,21,21,19,18
100715,7/15/2010,24,21,21,24,23,22,21,20
100716,7/16/2010,23,20,20,22,22,22,21,20
100717,7/17/2010,24,21,21,23,23,22,21,20
100718,7/18/2010,22,20,20,22,22,21,20,19
100719,7/19/2010,21,19,19,19,21,20,19,18
100720,7/20/2010,20,19,19,21,21,21,18,18
100721,7/21/2010,20,19,19,21,20,21,19,19
100722,7/22/2010,17,17,17,18,19,19,16,17
100723,7/23/2010,18,17,17,19,19,19,17,17
100724,7/24/2010,21,21,22,23,24,23,21,21
100725,7/25/2010,18,18,17,19,21,19,16,17
100726,7/26/2010,17,17,16,18,20,18,15,16
100727,7/27/2010,19,19,18,21,20,21,18,18
100728,7/28/2010,21,21,21,22,21,22,21,20
100729,7/29/2010,16,16,16,17,19,18,15,15
100730,7/30/2010,14,13,13,15,15,15,12,13
100731,7/31/2010,15,14,13,16,16,15,13,13
100801,8/1/2010,19,18,16,19,18,17,16,15
100802,8/2/2010,20,18,17,20,20,19,19,17
100803,8/3/2010,18,18,17,19,19,19,18,17
100804,8/4/2010,24,22,23,24,24,24,22,22
100805,8/5/2010,21,20,21,22,21,22,21,20
100806,8/6/2010,14,14,14,16,17,16,14,13
100807,8/7/2010,12,12,12,13,14,13,12,11
100808,8/8/2010,16,15,17,17,17,18,17,15
100809,8/9/2010,21,21,21,22,23,22,21,20
100810,8/10/2010,21,20,19,22,22,21,19,19
100811,8/11/2010,19,19,18,20,20,20,18,18
100812,8/12/2010,18,17,16,19,17,18,17,15
100813,8/13/2010,17,16,17,19,19,19,17,16
100814,8/14/2010,18,17,18,19,18,18,17,16
100815,8/15/2010,16,15,16,17,19,18,17,16
100816,8/16/2010,16,16,16,16,19,19,17,16
100817,8/17/2010,19,18,17,21,20,19,17,16
100818,8/18/2010,18,18,17,20,18,19,17,17
100819,8/19/2010,19,19,19,21,20,20,20,18
100820,8/20/2010,15,13,14,16,15,16,14,13
100821,8/21/2010,14,14,12,15,15,14,14,12
100822,8/22/2010,13,12,11,14,15,14,12,11
100823,8/23/2010,12,12,11,14,15,14,11,11
100824,8/24/2010,17,16,14,18,18,18,15,14
100825,8/25/2010,14,13,13,16,16,16,13,13
100826,8/26/2010,16,15,15,17,18,17,15,15
100827,8/27/2010,13,13,13,15,15,15,13,12
100828,8/28/2010,16,16,15,17,17,17,14,14
100829,8/29/2010,21,20,21,22,21,22,20,19
100830,8/30/2010,21,21,21,22,23,21,21,20
100831,8/31/2010,23,22,24,24,24,23,23,22
100901,9/1/2010,24,23,24,25,24,24,24,23
100902,9/2/2010,24,23,24,25,24,24,24,23
100903,9/3/2010,23,22,22,24,24,23,23,22
100904,9/4/2010,16,15,15,17,18,16,14,14
100905,9/5/2010,12,12,11,14,14,13,11,11
100906,9/6/2010,14,12,13,15,16,13,12,11
100907,9/7/2010,18,17,17,19,19,18,17,16
100908,9/8/2010,15,14,14,16,16,15,14,13
100909,9/9/2010,12,11,10,12,14,12,11,10
100910,9/10/2010,10,8,8,11,13,10,8,8
100911,9/11/2010,13,13,12,15,16,14,11,12
100912,9/12/2010,9,9,8,11,11,10,8,7
100913,9/13/2010,9,9,8,11,12,10,9,8
100914,9/14/2010,11,10,11,12,12,12,10,9
100915,9/15/2010,8,9,6,9,10,8,6,6
100916,9/16/2010,10,10,8,12,11,10,8,8
100917,9/17/2010,9,9,8,11,11,10,8,7
100918,9/18/2010,11,11,8,12,11,11,8,7
100919,9/19/2010,13,14,12,15,15,13,12,11
100920,9/20/2010,10,9,9,11,12,10,8,8
100921,9/21/2010,8,9,9,11,10,10,8,7
100922,9/22/2010,16,16,16,17,15,16,15,15
100923,9/23/2010,12,12,12,14,15,13,11,10
100924,9/24/2010,15,16,16,17,17,16,15,15
100925,9/25/2010,15,15,14,17,19,16,14,14
100926,9/26/2010,10,10,9,11,12,11,9,9
100927,9/27/2010,10,10,9,11,12,11,10,9
100928,9/28/2010,14,14,14,16,15,15,15,14
100929,9/29/2010,16,16,14,17,17,15,14,13
100930,9/30/2010,15,16,15,16,16,16,15,14
101001,10/1/2010,13,13,12,14,16,13,12,12
101002,10/2/2010,7,6,4,8,9,6,4,4
101003,10/3/2010,7,7,5,9,8,6,5,4
101004,10/4/2010,9,8,6,10,10,8,6,6
101005,10/5/2010,12,13,10,14,15,12,10,10
101006,10/6/2010,9,9,7,9,11,10,8,8
101007,10/7/2010,7,7,5,9,9,7,5,4
101008,10/8/2010,10,11,8,12,12,10,7,7
101009,10/9/2010,5,4,2,7,8,4,2,2
101010,10/10/2010,7,7,5,9,11,6,3,3
101011,10/11/2010,7,7,5,9,9,6,4,3
101012,10/12/2010,7,7,5,8,7,7,5,4
101013,10/13/2010,7,7,5,8,7,6,4,5
101014,10/14/2010,6,7,4,7,6,5,5,4
101015,10/15/2010,4,3,3,5,7,3,2,3
101016,10/16/2010,2,2,2,4,6,2,1,1
101017,10/17/2010,5,6,4,6,8,5,2,4
101018,10/18/2010,4,4,1,4,6,2,0,1
101019,10/19/2010,3,4,1,5,4,2,1,1
101020,10/20/2010,7,7,5,8,7,6,4,5
101021,10/21/2010,0,1,-1,2,2,1,0,-1
101022,10/22/2010,0,-1,-4,1,2,-2,-4,-4
101023,10/23/2010,1,1,-2,2,3,-1,-3,-2
101024,10/24/2010,0,0,-2,1,1,1,1,-1
101025,10/25/2010,4,3,3,6,6,5,5,4
101026,10/26/2010,12,13,11,14,14,12,12,11
101027,10/27/2010,11,13,11,12,11,12,12,12
101028,10/28/2010,10,10,7,12,11,9,7,8
101029,10/29/2010,2,1,-1,4,5,1,0,0
101030,10/30/2010,-2,-2,-3,-1,1,-1,-2,-2
101031,10/31/2010,-1,-2,-3,0,1,-1,-3,-3
101101,11/1/2010,-1,-2,-4,0,2,-2,-4,-4
101102,11/2/2010,-1,-1,-4,0,0,-2,-4,-4
101103,11/3/2010,-1,-1,-4,0,-1,-2,-3,-3
101104,11/4/2010,-1,-2,-3,1,-1,0,-1,-1
101105,11/5/2010,3,2,1,4,5,4,2,2
101106,11/6/2010,1,1,-2,3,4,0,-2,-2
101107,11/7/2010,-2,-2,-4,-1,2,-1,-3,-3
101108,11/8/2010,0,0,-2,1,3,0,-1,-1
101109,11/9/2010,4,4,1,5,6,4,1,2
101110,11/10/2010,5,6,1,7,6,4,2,2
101111,11/11/2010,5,6,1,7,4,4,3,2
101112,11/12/2010,7,5,3,8,6,6,3,4
101113,11/13/2010,9,9,6,11,8,7,7,6
101114,11/14/2010,5,4,2,6,4,4,2,4
101115,11/15/2010,3,3,1,4,5,3,2,2
101116,11/16/2010,7,7,3,8,8,6,4,5
101117,11/17/2010,4,4,2,5,6,4,3,4
101118,11/18/2010,0,0,-4,1,2,-1,-2,-2
101119,11/19/2010,-4,-5,-8,-3,-2,-5,-6,-6
101120,11/20/2010,-2,-2,-6,-1,0,-3,-4,-4
101121,11/21/2010,-6,-6,-9,-4,-2,-7,-7,-8
101122,11/22/2010,-2,0,0,0,-1,-1,-1,-1
101123,11/23/2010,3,4,3,4,2,4,2,3
101124,11/24/2010,-4,-4,-5,-2,-2,-4,-6,-5
101125,11/25/2010,-6,-6,-7,-5,-3,-6,-7,-7
101126,11/26/2010,-4,-2,-4,-3,-2,-4,-5,-5
101127,11/27/2010,-6,-6,-8,-5,-3,-7,-8,-9
101128,11/28/2010,-7,-7,-8,-5,-3,-7,-9,-9
101129,11/29/2010,-1,0,-4,0,1,-3,-4,-5
101130,11/30/2010,-2,-3,-3,-1,-3,-3,-3,-3
101201,12/1/2010,2,0,2,4,3,2,1,2
101202,12/2/2010,0,-3,-2,1,2,-1,-1,-1
101203,12/3/2010,-3,-6,-4,-1,0,-4,-5,-5
101204,12/4/2010,-6,-8,-6,-4,-1,-6,-6,-7
101205,12/5/2010,-7,-8,-9,-6,-4,-9,-9,-11
101206,12/6/2010,-9,-9,-10,-7,-5,-10,-10,-11
101207,12/7/2010,-8,-10,-12,-8,-5,-9,-12,-12
101208,12/8/2010,-11,-13,-15,-9,-8,-12,-14,-13
101209,12/9/2010,-14,-14,-19,-12,-9,-14,-17,-16
101210,12/10/2010,-15,-15,-17,-14,-12,-14,-16,-16
101211,12/11/2010,-7,-7,-9,-6,-5,-7,-9,-8
101212,12/12/2010,1,-2,-3,1,1,0,-2,-1
101213,12/13/2010,2,1,-1,2,3,2,0,2
101214,12/14/2010,-10,-12,-13,-11,-7,-7,-11,-9
101215,12/15/2010,-16,-16,-17,-15,-11,-12,-16,-15
101216,12/16/2010,-14,-14,-15,-12,-10,-10,-14,-13
101217,12/17/2010,-10,-10,-12,-10,-8,-7,-12,-10
101218,12/18/2010,-7,-7,-9,-7,-6,-7,-9,-7
101219,12/19/2010,-7,-7,-9,-7,-4,-8,-9,-7
101220,12/20/2010,-10,-11,-10,-9,-5,-9,-10,-8
101221,12/21/2010,-7,-8,-7,-6,-3,-5,-8,-6
101222,12/22/2010,-5,-5,-6,-5,-2,-4,-7,-5
101223,12/23/2010,-6,-6,-7,-6,-3,-6,-8,-6
101224,12/24/2010,-9,-9,-11,-8,-5,-8,-11,-9
101225,12/25/2010,-9,-9,-8,-9,-6,-6,-8,-6
101226,12/26/2010,-11,-10,-10,-10,-8,-8,-10,-8
101227,12/27/2010,-12,-12,-13,-11,-7,-11,-14,-11
101228,12/28/2010,-14,-13,-15,-12,-9,-12,-15,-14
101229,12/29/2010,-9,-10,-9,-8,-6,-7,-10,-8
101230,12/30/2010,-2,-4,-6,-2,0,-4,-7,-6
101231,12/31/2010,2,1,1,2,0,1,-1,1
110101,1/1/2011,5,5,4,4,3,5,4,4
110102,1/2/2011,2,-1,-1,1,4,1,-1,-1
110103,1/3/2011,-7,-8,-8,-6,-2,-6,-8,-8
110104,1/4/2011,-7,-9,-9,-8,-5,-7,-10,-8
110105,1/5/2011,-9,-10,-11,-8,-5,-8,-11,-9
110106,1/6/2011,-11,-12,-13,-10,-9,-11,-14,-12
110107,1/7/2011,-11,-12,-11,-10,-8,-10,-12,-11
110108,1/8/2011,-8,-9,-8,-8,-5,-6,-9,-7
110109,1/9/2011,-8,-9,-11,-8,-3,-8,-11,-10
110110,1/10/2011,-9,-11,-12,-10,-6,-10,-13,-10
110111,1/11/2011,-7,-9,-12,-8,-6,-9,-12,-10
110112,1/12/2011,-7,-9,-9,-8,-6,-7,-10,-8
110113,1/13/2011,-11,-12,-13,-11,-8,-10,-13,-11
110114,1/14/2011,-12,-14,-15,-12,-10,-13,-16,-14
110115,1/15/2011,-13,-14,-14,-13,-11,-13,-15,-14
110116,1/16/2011,-11,-13,-12,-10,-7,-10,-12,-11
110117,1/17/2011,-15,-18,-20,-16,-12,-17,-21,-19
110118,1/18/2011,-8,-10,-10,-10,-10,-8,-11,-8
110119,1/19/2011,-4,-6,-6,-5,-1,-4,-6,-4
110120,1/20/2011,-8,-10,-11,-9,-6,-9,-11,-9
110121,1/21/2011,-10,-12,-13,-11,-7,-11,-13,-12
110122,1/22/2011,-13,-15,-17,-14,-10,-15,-18,-16
110123,1/23/2011,-19,-20,-23,-21,-15,-20,-23,-22
110124,1/24/2011,-22,-24,-27,-24,-19,-25,-26,-27
110125,1/25/2011,-14,-16,-14,-16,-14,-13,-14,-14
110126,1/26/2011,-5,-8,-6,-6,-6,-5,-7,-6
110127,1/27/2011,-6,-9,-9,-7,-4,-7,-11,-9
110128,1/28/2011,-7,-8,-9,-7,-5,-7,-10,-8
110129,1/29/2011,-5,-8,-7,-6,-3,-5,-9,-7
110130,1/30/2011,-10,-11,-11,-10,-8,-9,-12,-11
110131,1/31/2011,-14,-17,-17,-15,-11,-16,-18,-17
110201,2/1/2011,-13,-16,-14,-14,-12,-12,-14,-13
110202,2/2/2011,-8,-11,-9,-10,-7,-8,-11,-9
110203,2/3/2011,-9,-12,-14,-10,-9,-12,-14,-12
110204,2/4/2011,-8,-10,-11,-9,-10,-10,-12,-11
110205,2/5/2011,-4,-6,-7,-6,-6,-6,-7,-7
110206,2/6/2011,-1,-6,-4,-4,0,-3,-5,-4
110207,2/7/2011,-1,-6,-4,-4,-1,-2,-5,-4
110208,2/8/2011,-8,-13,-12,-11,-7,-10,-12,-11
110209,2/9/2011,-12,-16,-16,-15,-10,-13,-16,-15
110210,2/10/2011,-12,-13,-14,-13,-11,-12,-15,-14
110211,2/11/2011,-13,-14,-14,-14,-12,-14,-16,-14
110212,2/12/2011,-8,-9,-10,-9,-7,-8,-11,-9
110213,2/13/2011,-11,-10,-9,-12,-9,-9,-10,-10
110214,2/14/2011,-2,-6,-4,-4,-1,-4,-5,-4
110215,2/15/2011,-13,-16,-18,-14,-9,-14,-16,-15
110216,2/16/2011,-8,-10,-11,-9,-9,-9,-11,-9
110217,2/17/2011,3,2,0,3,5,2,-2,1
110218,2/18/2011,5,4,4,5,6,5,3,4
110219,2/19/2011,-6,-7,-9,-7,-2,-6,-9,-7
110220,2/20/2011,-12,-12,-16,-12,-7,-12,-16,-13
110221,2/21/2011,-13,-14,-17,-14,-9,-16,-17,-14
110222,2/22/2011,-11,-11,-15,-12,-7,-15,-15,-12
110223,2/23/2011,-8,-9,-10,-9,-5,-5,-10,-7
110224,2/24/2011,-7,-7,-7,-7,-7,-6,-7,-6
110225,2/25/2011,-4,-7,-6,-6,-2,-5,-6,-6
110226,2/26/2011,-11,-12,-12,-12,-6,-10,-12,-12
110227,2/27/2011,-8,-9,-10,-9,-6,-8,-10,-9
110228,2/28/2011,-4,-6,-6,-5,-2,-5,-6,-4
110301,3/1/2011,-6,-9,-9,-6,-7,-7,-9,-8
110302,3/2/2011,-7,-10,-11,-8,-6,-8,-12,-11
110303,3/3/2011,-14,-17,-17,-15,-12,-15,-19,-17
110304,3/4/2011,-9,-12,-12,-11,-10,-11,-13,-11
110305,3/5/2011,-2,-4,-2,-3,-1,-1,-4,-2
110306,3/6/2011,2,1,2,1,3,3,2,3
110307,3/7/2011,-5,-6,-6,-6,-2,-4,-7,-5
110308,3/8/2011,-5,-7,-7,-6,-1,-6,-9,-6
110309,3/9/2011,-6,-7,-7,-6,-3,-6,-8,-6
110310,3/10/2011,-4,-5,-6,-5,-2,-3,-6,-5
110311,3/11/2011,1,0,0,0,2,2,-1,1
110312,3/12/2011,-1,-1,-2,-1,2,1,-2,1
110313,3/13/2011,-1,-2,-2,-1,3,0,-4,-2
110314,3/14/2011,-3,-3,-4,-4,1,-4,-6,-3
110315,3/15/2011,-2,-2,-3,-2,-1,-2,-4,-2
110316,3/16/2011,-2,-3,-2,-2,-1,-1,-2,-1
110317,3/17/2011,4,4,4,4,6,4,1,4
110318,3/18/2011,6,4,6,6,8,6,3,6
110319,3/19/2011,-4,-6,-4,-4,1,-3,-6,-4
110320,3/20/2011,-2,-4,-4,-2,0,-2,-5,-4
110321,3/21/2011,-4,-5,-5,-4,-2,-3,-5,-4
110322,3/22/2011,-4,-6,-4,-4,-1,-3,-4,-4
110323,3/23/2011,-6,-7,-7,-5,-2,-6,-7,-6
110324,3/24/2011,-6,-6,-6,-5,-3,-5,-7,-5
110325,3/25/2011,-7,-7,-7,-7,-2,-6,-7,-7
110326,3/26/2011,-10,-10,-9,-9,-4,-8,-9,-8
110327,3/27/2011,-8,-9,-9,-8,-3,-8,-10,-8
110328,3/28/2011,-6,-7,-7,-6,-1,-6,-7,-6
110329,3/29/2011,-4,-4,-5,-4,0,-4,-6,-4
110330,3/30/2011,-1,-1,-1,-1,3,1,-2,0
110331,3/31/2011,0,0,-1,0,1,1,-1,0
110401,4/1/2011,-2,-2,-2,-2,1,0,-3,-1
110402,4/2/2011,1,0,-1,1,5,1,-2,0
110403,4/3/2011,1,1,0,0,4,1,-3,0
110404,4/4/2011,0,-2,-2,0,0,0,-1,-1
110405,4/5/2011,3,0,0,3,2,2,0,1
110406,4/6/2011,-1,-4,-3,-1,0,-2,-5,-3
110407,4/7/2011,1,-2,-2,1,1,-1,-4,-1
110408,4/8/2011,3,1,1,3,3,1,-1,1
110409,4/9/2011,7,6,5,7,6,5,2,4
110410,4/10/2011,9,7,7,9,9,7,6,7
110411,4/11/2011,9,7,6,8,9,6,6,7
110412,4/12/2011,8,5,6,9,9,5,3,6
110413,4/13/2011,2,3,2,5,5,4,2,4
110414,4/14/2011,2,1,2,4,6,3,1,3
110415,4/15/2011,-2,-2,-1,1,3,0,-2,0
110416,4/16/2011,-3,-3,-2,0,0,-1,-2,-1
110417,4/17/2011,3,2,2,6,7,3,2,3
110418,4/18/2011,4,1,2,5,6,3,1,3
110419,4/19/2011,5,2,3,5,6,4,2,4
110420,4/20/2011,2,-1,1,3,2,2,-1,2
110421,4/21/2011,1,-1,-1,2,3,1,-3,1
110422,4/22/2011,4,1,2,5,5,3,1,3
110423,4/23/2011,2,1,1,1,2,2,1,2
110424,4/24/2011,8,7,7,8,8,7,6,7
110425,4/25/2011,10,8,7,11,10,8,7,7
110426,4/26/2011,9,7,4,10,10,6,8,5
110427,4/27/2011,15,14,10,16,15,11,11,9
110428,4/28/2011,13,10,11,13,14,10,9,8
110429,4/29/2011,10,9,7,11,11,7,6,4
110430,4/30/2011,9,7,7,10,12,6,5,3
110501,5/1/2011,11,8,9,11,11,8,8,5
110502,5/2/2011,12,10,10,11,12,9,9,6
110503,5/3/2011,14,10,10,14,16,11,8,7
110504,5/4/2011,6,5,5,7,8,6,4,2
110505,5/5/2011,4,4,4,6,6,4,3,1
110506,5/6/2011,9,7,7,11,10,8,6,4
110507,5/7/2011,13,12,11,13,12,11,10,7
110508,5/8/2011,11,10,11,12,12,9,9,7
110509,5/9/2011,11,9,10,12,12,10,8,6
110510,5/10/2011,11,9,11,11,11,10,9,7
110511,5/11/2011,13,11,11,13,13,10,10,7
110512,5/12/2011,13,11,12,13,12,10,10,8
110513,5/13/2011,14,13,14,15,14,13,13,11
110514,5/14/2011,11,8,9,11,12,9,9,8
110515,5/15/2011,9,8,9,11,11,9,9,7
110516,5/16/2011,10,8,9,10,10,9,8,6
110517,5/17/2011,10,9,9,11,11,9,9,7
110518,5/18/2011,13,11,11,14,13,12,11,10
110519,5/19/2011,16,14,14,17,16,14,13,12
110520,5/20/2011,19,16,16,19,18,17,15,14
110521,5/21/2011,16,13,14,16,16,14,13,12
110522,5/22/2011,12,9,9,12,12,10,9,8
110523,5/23/2011,8,8,7,10,10,8,7,6
110524,5/24/2011,17,16,15,18,18,16,15,14
110525,5/25/2011,16,14,14,17,17,15,14,13
110526,5/26/2011,20,16,17,20,18,17,17,16
110527,5/27/2011,23,18,20,23,23,20,20,19
110528,5/28/2011,18,14,15,17,18,16,16,15
110529,5/29/2011,20,18,19,21,23,20,19,18
110530,5/30/2011,22,21,21,24,22,20,20,19
110531,5/31/2011,23,20,20,23,21,20,20,19
110601,6/1/2011,22,19,20,22,21,21,21,20
110602,6/2/2011,12,9,11,13,13,12,9,9
110603,6/3/2011,12,9,11,13,13,10,9,8
110604,6/4/2011,13,11,12,14,13,13,12,11
110605,6/5/2011,15,11,13,14,15,13,13,11
110606,6/6/2011,19,16,18,19,18,17,18,17
110607,6/7/2011,21,19,21,21,20,19,20,18
110608,6/8/2011,24,21,24,24,22,22,24,21
110609,6/9/2011,23,20,23,24,24,22,22,18
110610,6/10/2011,19,15,19,19,20,18,17,16
110611,6/11/2011,12,9,11,12,12,11,10,9
110612,6/12/2011,10,7,8,10,11,8,7,7
110613,6/13/2011,14,11,12,14,15,12,11,11
110614,6/14/2011,12,10,9,12,12,10,9,9
110615,6/15/2011,17,16,17,18,17,16,15,15
110616,6/16/2011,20,18,20,20,19,18,19,17
110617,6/17/2011,19,18,18,20,18,17,17,16
110618,6/18/2011,18,16,19,19,19,18,17,16
110619,6/19/2011,16,13,15,16,16,14,14,13
110620,6/20/2011,17,14,17,17,17,16,17,14
110621,6/21/2011,19,17,20,19,19,18,19,17
110622,6/22/2011,19,16,18,18,17,17,19,16
110623,6/23/2011,15,12,14,14,15,13,13,12
110624,6/24/2011,12,9,10,11,12,10,10,9
110625,6/25/2011,13,11,12,13,15,12,11,10
110626,6/26/2011,18,16,17,17,19,17,16,15
110627,6/27/2011,21,19,20,21,22,19,19,18
110628,6/28/2011,20,18,18,19,19,18,19,17
110629,6/29/2011,19,16,17,19,20,18,17,17
110630,6/30/2011,17,14,15,17,18,15,13,14
110701,7/1/2011,18,16,17,18,19,16,16,16
110702,7/2/2011,20,17,19,20,20,18,18,17
110703,7/3/2011,18,16,17,18,19,16,17,16
110704,7/4/2011,22,20,21,22,22,20,21,19
110705,7/5/2011,22,21,22,22,21,21,22,19
110706,7/6/2011,22,21,22,22,22,22,22,21
110707,7/7/2011,19,16,16,19,19,17,17,16
110708,7/8/2011,18,16,16,18,18,17,17,15
110709,7/9/2011,18,16,16,17,18,18,16,16
110710,7/10/2011,20,17,18,19,21,19,18,17
110711,7/11/2011,24,22,22,22,26,22,22,21
110712,7/12/2011,24,21,22,24,25,22,22,22
110713,7/13/2011,19,17,17,19,21,18,17,17
110714,7/14/2011,16,14,15,17,18,16,15,14
110715,7/15/2011,19,17,18,20,19,19,19,18
110716,7/16/2011,20,19,19,21,21,20,20,19
110717,7/17/2011,22,22,22,21,23,21,23,22
110718,7/18/2011,21,20,20,22,22,20,20,19
110719,7/19/2011,21,19,20,21,21,20,21,20
110720,7/20/2011,22,21,21,22,22,21,22,21
110721,7/21/2011,24,23,25,24,26,25,26,25
110722,7/22/2011,28,25,27,28,30,26,27,26
110723,7/23/2011,25,23,25,25,27,24,26,25
110724,7/24/2011,21,18,19,21,22,19,21,19
110725,7/25/2011,17,14,14,16,18,16,16,15
110726,7/26/2011,17,14,15,17,18,17,16,16
110727,7/27/2011,16,15,16,17,16,17,16,16
110728,7/28/2011,19,17,18,19,19,19,19,18
110729,7/29/2011,18,16,17,18,18,18,18,17
110730,7/30/2011,19,17,17,19,22,19,17,17
110731,7/31/2011,19,17,18,20,21,19,18,18
110801,8/1/2011,22,21,20,22,23,21,22,21
110802,8/2/2011,17,16,17,17,19,18,18,17
110803,8/3/2011,17,16,15,18,18,17,16,16
110804,8/4/2011,19,17,17,19,19,18,19,17
110805,8/5/2011,21,18,18,19,21,19,19,19
110806,8/6/2011,23,20,21,23,24,22,22,21
110807,8/7/2011,20,17,18,20,22,19,19,19
110808,8/8/2011,22,20,20,22,23,21,20,19
110809,8/9/2011,20,17,17,20,20,18,18,17
110810,8/10/2011,17,16,16,18,19,17,16,16
110811,8/11/2011,17,16,15,17,19,17,16,16
110812,8/12/2011,16,15,15,17,18,16,16,15
110813,8/13/2011,19,17,17,19,20,18,17,16
110814,8/14/2011,18,16,16,18,19,17,16,16
110815,8/15/2011,14,13,14,15,16,15,13,13
110816,8/16/2011,14,13,13,15,16,14,13,13
110817,8/17/2011,19,17,16,19,19,18,17,17
110818,8/18/2011,20,19,17,20,20,19,20,18
110819,8/19/2011,21,19,18,21,21,19,20,19
110820,8/20/2011,21,19,19,21,22,20,21,19
110821,8/21/2011,21,19,19,21,21,20,21,19
110822,8/22/2011,13,13,13,15,17,14,13,13
110823,8/23/2011,13,13,12,15,16,14,13,13
110824,8/24/2011,20,16,15,18,17,17,17,16
110825,8/25/2011,17,15,15,18,19,17,16,17
110826,8/26/2011,21,18,19,21,21,18,18,17
110827,8/27/2011,20,19,17,20,19,18,18,18
110828,8/28/2011,16,16,14,17,18,15,15,15
110829,8/29/2011,15,14,14,16,17,14,13,14
110830,8/30/2011,16,15,12,16,17,15,14,14
110831,8/31/2011,19,17,16,19,18,17,17,17
110901,9/1/2011,17,16,14,17,17,16,16,15
110902,9/2/2011,19,16,15,19,19,17,16,15
110903,9/3/2011,20,18,18,20,21,19,19,19
110904,9/4/2011,24,21,21,23,24,22,21,21
110905,9/5/2011,17,15,14,17,21,16,15,15
110906,9/6/2011,14,13,12,15,16,14,12,13
110907,9/7/2011,12,11,9,13,14,12,9,11
110908,9/8/2011,16,15,14,16,14,15,14,15
110909,9/9/2011,17,16,14,17,18,16,14,14
110910,9/10/2011,13,12,9,13,15,12,12,11
110911,9/11/2011,12,12,9,13,13,12,11,11
110912,9/12/2011,18,15,17,18,20,17,18,17
110913,9/13/2011,20,18,17,19,19,18,17,17
110914,9/14/2011,17,16,15,17,18,16,16,16
110915,9/15/2011,10,8,7,10,11,9,9,8
110916,9/16/2011,7,6,4,7,9,6,4,4
110917,9/17/2011,10,7,6,9,9,8,7,6
110918,9/18/2011,12,11,8,12,12,10,9,8
110919,9/19/2011,11,10,8,12,11,9,9,8
110920,9/20/2011,10,9,8,11,11,9,10,9
110921,9/21/2011,15,14,12,15,15,14,13,13
110922,9/22/2011,16,15,14,16,16,15,16,15
110923,9/23/2011,19,17,16,19,20,17,17,17
110924,9/24/2011,20,18,18,20,22,19,18,18
110925,9/25/2011,19,17,16,19,21,18,16,17
110926,9/26/2011,20,17,16,19,20,17,17,15
110927,9/27/2011,18,17,15,18,17,16,17,15
110928,9/28/2011,16,14,13,16,16,15,14,14
110929,9/29/2011,13,12,11,14,15,13,13,11
110930,9/30/2011,12,12,11,14,14,12,12,11
111001,10/1/2011,11,11,9,12,13,12,11,11
111002,10/2/2011,11,11,9,12,12,11,11,11
111003,10/3/2011,12,12,9,13,13,11,11,10
111004,10/4/2011,11,10,7,11,12,10,9,9
111005,10/5/2011,6,5,3,6,9,7,5,5
111006,10/6/2011,4,4,2,5,6,4,2,2
111007,10/7/2011,9,8,5,9,9,7,6,6
111008,10/8/2011,16,15,14,17,15,15,14,14
111009,10/9/2011,20,18,17,20,18,19,16,17
111010,10/10/2011,19,17,16,18,18,17,16,16
111011,10/11/2011,13,12,11,14,13,12,10,11
111012,10/12/2011,9,9,6,11,9,9,8,8
111013,10/13/2011,9,9,8,11,11,10,10,9
111014,10/14/2011,11,12,12,14,14,13,13,13
111015,10/15/2011,9,8,6,10,11,10,8,8
111016,10/16/2011,9,7,4,9,9,7,5,5
111017,10/17/2011,8,7,4,9,9,5,5,5
111018,10/18/2011,9,9,6,10,10,7,7,6
111019,10/19/2011,9,7,7,10,9,9,8,7
111020,10/20/2011,10,8,6,10,11,7,8,8
111021,10/21/2011,7,6,4,9,9,4,5,4
111022,10/22/2011,6,6,3,7,8,3,5,4
111023,10/23/2011,4,4,1,5,7,1,3,2
111024,10/24/2011,6,6,3,7,6,4,4,3
111025,10/25/2011,6,5,1,7,8,5,2,2
111026,10/26/2011,3,2,0,5,5,2,1,1
111027,10/27/2011,0,-1,-3,1,3,0,-1,-2
111028,10/28/2011,-1,-1,-5,1,2,-2,-3,-5
111029,10/29/2011,-1,-3,-6,-1,0,-3,-4,-5
111030,10/30/2011,-1,-2,-5,0,2,-2,-3,-4
111031,10/31/2011,1,1,-2,2,4,2,-1,-1
111101,11/1/2011,3,3,-1,4,4,2,1,0
111102,11/2/2011,5,5,0,6,4,2,2,0
111103,11/3/2011,6,6,2,7,5,5,4,2
111104,11/4/2011,2,0,-3,2,4,0,-1,-3
111105,11/5/2011,2,1,-3,2,3,0,-2,-3
111106,11/6/2011,6,5,1,5,4,2,2,-1
111107,11/7/2011,9,10,4,9,7,7,7,5
111108,11/8/2011,12,10,8,12,12,9,7,7
111109,11/9/2011,13,10,9,13,11,10,10,9
111110,11/10/2011,9,7,9,10,11,8,8,7
111111,11/11/2011,2,0,-2,2,4,0,-1,-2
111112,11/12/2011,2,0,-2,2,4,0,-1,-4
111113,11/13/2011,6,6,3,6,5,4,4,2
111114,11/14/2011,8,9,7,9,9,10,8,6
111115,11/15/2011,8,7,5,9,8,7,7,5
111116,11/16/2011,7,5,4,6,4,5,5,4
111117,11/17/2011,3,1,-1,3,4,2,1,0
111118,11/18/2011,0,-2,-5,0,1,-2,-4,-6
111119,11/19/2011,2,0,-2,1,2,0,-1,-4
111120,11/20/2011,6,5,4,6,6,6,4,2
111121,11/21/2011,0,-1,-4,0,1,-1,-2,-3
111122,11/22/2011,0,-1,-6,0,-1,-3,-3,-4
111123,11/23/2011,-1,-3,-5,-1,0,-3,-3,-3
111124,11/24/2011,-4,-4,-7,-3,-2,-4,-4,-4
111125,11/25/2011,2,5,1,2,1,3,2,2
111126,11/26/2011,6,7,2,6,5,4,3,5
111127,11/27/2011,5,3,0,4,3,3,3,4
111128,11/28/2011,9,7,5,8,5,6,7,8
111129,11/29/2011,10,9,6,10,9,9,9,10
111130,11/30/2011,8,6,3,7,9,6,5,7
111201,12/1/2011,1,-2,-5,1,2,-2,-2,-1
111202,12/2/2011,-1,-2,-5,-1,-1,-2,-3,-2
111203,12/3/2011,0,-3,-7,0,0,-4,-5,-4
111204,12/4/2011,1,-2,-5,1,0,-3,-2,-1
111205,12/5/2011,5,3,4,5,2,4,3,4
111206,12/6/2011,8,6,7,8,5,8,6,6
111207,12/7/2011,6,1,2,5,5,4,2,4
111208,12/8/2011,-2,-6,-4,-2,-1,-2,-4,-2
111209,12/9/2011,-3,-5,-4,-2,-2,-2,-6,-3
111210,12/10/2011,-6,-8,-7,-6,-3,-5,-8,-7
111211,12/11/2011,-7,-10,-9,-6,-4,-7,-7,-9
111212,12/12/2011,0,2,-2,1,0,-3,-3,-5
111213,12/13/2011,1,-1,-2,2,-1,0,-3,-1
111214,12/14/2011,-1,-1,-2,-1,0,-1,-4,-1
111215,12/15/2011,2,2,0,2,-1,2,-1,1
111216,12/16/2011,2,1,1,3,2,2,-2,0
111217,12/17/2011,-8,-8,-9,-7,-6,-8,-12,-10
111218,12/18/2011,-10,-12,-16,-11,-9,-15,-17,-16
111219,12/19/2011,-6,-6,-7,-6,-6,-6,-8,-8
111220,12/20/2011,-4,-7,-6,-4,-4,-6,-7,-6
111221,12/21/2011,-2,-3,-1,-3,-6,-2,-3,-3
111222,12/22/2011,4,1,3,2,3,2,0,1
111223,12/23/2011,-5,-7,-7,-5,-2,-6,-8,-6
111224,12/24/2011,-12,-14,-15,-11,-9,-14,-16,-15
111225,12/25/2011,-11,-11,-11,-11,-11,-11,-12,-11
111226,12/26/2011,-6,-7,-6,-6,-5,-6,-8,-7
111227,12/27/2011,-2,-4,-2,-2,-4,-2,-4,-2
111228,12/28/2011,-2,-5,-5,-2,-2,-4,-6,-4
111229,12/29/2011,-12,-14,-15,-12,-9,-14,-17,-14
111230,12/30/2011,-7,-8,-8,-7,-8,-7,-9,-7
111231,12/31/2011,1,-1,0,-1,-1,0,-1,1
120101,1/1/2012,3,1,1,2,5,1,-1,1
120102,1/2/2012,-2,-5,-5,-3,0,-4,-6,-4
120103,1/3/2012,-16,-16,-17,-16,-9,-14,-17,-15
120104,1/4/2012,-15,-18,-17,-15,-13,-16,-19,-16
120105,1/5/2012,-9,-9,-9,-8,-6,-8,-12,-9
120106,1/6/2012,-6,-7,-6,-6,-6,-7,-8,-6
120107,1/7/2012,0,0,1,0,-3,0,-2,0
120108,1/8/2012,-6,-8,-8,-6,-4,-7,-9,-7
120109,1/9/2012,-6,-9,-9,-7,-5,-7,-11,-9
120110,1/10/2012,-3,-6,-6,-4,-3,-3,-7,-4
120111,1/11/2012,-5,-8,-8,-6,-4,-5,-10,-7
120112,1/12/2012,-2,-5,-4,-3,-2,-2,-6,-4
120113,1/13/2012,-3,-6,-5,-4,-2,-2,-7,-4
120114,1/14/2012,-13,-16,-16,-13,-10,-13,-17,-15
120115,1/15/2012,-19,-22,-23,-19,-16,-22,-24,-22
120116,1/16/2012,-12,-14,-16,-12,-11,-15,-16,-15
120117,1/17/2012,-4,-5,-4,-4,-3,-3,-6,-3
120118,1/18/2012,-11,-7,-8,-11,-5,-6,-10,-8
120119,1/19/2012,-14,-12,-14,-14,-11,-12,-15,-13
120120,1/20/2012,-13,-11,-13,-14,-8,-11,-14,-12
120121,1/21/2012,-16,-14,-14,-16,-13,-12,-16,-14
120122,1/22/2012,-12,-10,-12,-12,-12,-12,-14,-12
120123,1/23/2012,-4,-4,-4,-4,-5,-3,-6,-4
120124,1/24/2012,-1,2,-1,-1,3,1,-2,-1
120125,1/25/2012,-3,-5,-6,-4,-1,-4,-7,-5
120126,1/26/2012,-1,-5,-6,-2,-1,-5,-7,-6
120127,1/27/2012,-1,-3,-3,-2,0,-2,-4,-2
120128,1/28/2012,1,-2,-3,1,2,-2,-5,-3
120129,1/29/2012,-2,-4,-6,-2,1,-4,-8,-6
120130,1/30/2012,-7,-9,-9,-7,-5,-9,-10,-9
120131,1/31/2012,-7,-8,-8,-7,-7,-8,-7,-7
120201,2/1/2012,1,0,0,1,-1,1,-1,1
120202,2/2/2012,-2,-7,-6,-3,-3,-6,-7,-6
120203,2/3/2012,-6,-9,-11,-6,-6,-11,-12,-9
120204,2/4/2012,-8,-11,-11,-8,-4,-11,-11,-11
120205,2/5/2012,-7,-9,-12,-7,-6,-11,-12,-11
120206,2/6/2012,-3,-2,-4,-3,1,-3,-5,-3
120207,2/7/2012,-5,-8,-9,-5,-3,-8,-10,-9
120208,2/8/2012,-7,-8,-11,-7,-6,-10,-12,-10
120209,2/9/2012,-1,-4,-6,-1,0,-5,-7,-5
120210,2/10/2012,0,-2,-4,-1,-1,-3,-4,-3
120211,2/11/2012,-7,-9,-10,-7,-3,-10,-11,-10
120212,2/12/2012,-17,-19,-19,-16,-13,-18,-20,-19
120213,2/13/2012,-8,-11,-12,-8,-6,-12,-14,-12
120214,2/14/2012,-2,-4,-5,-3,-4,-6,-7,-6
120215,2/15/2012,0,-1,-2,-1,0,-2,-3,-2
120216,2/16/2012,1,1,-1,1,2,0,-2,-1
120217,2/17/2012,2,0,-2,2,3,-1,-4,-1
120218,2/18/2012,0,-2,-4,-1,2,-4,-6,-4
120219,2/19/2012,-4,-6,-8,-5,-1,-8,-10,-8
120220,2/20/2012,-5,-7,-8,-5,-1,-6,-8,-7
120221,2/21/2012,-4,-6,-7,-5,-3,-7,-8,-6
120222,2/22/2012,3,1,-1,2,3,-1,-3,-1
120223,2/23/2012,1,-1,-3,0,1,-2,-4,-2
120224,2/24/2012,-1,-4,-4,-2,-1,-4,-6,-4
120225,2/25/2012,-4,-8,-8,-4,-2,-7,-9,-7
120226,2/26/2012,-7,-9,-11,-7,-5,-11,-14,-11
120227,2/27/2012,-6,-7,-9,-6,-6,-8,-9,-8
120228,2/28/2012,-5,-6,-8,-5,-4,-8,-8,-7
120229,2/29/2012,-5,-7,-8,-6,-6,-7,-8,-7
120301,3/1/2012,-7,-9,-9,-7,-5,-9,-10,-8
120302,3/2/2012,-7,-9,-9,-7,-5,-8,-9,-8
120303,3/3/2012,-1,-3,-4,-1,1,-3,-4,-2
120304,3/4/2012,-1,-2,-4,-1,1,-4,-5,-3
120305,3/5/2012,-9,-10,-14,-9,-6,-12,-14,-12
120306,3/6/2012,-8,-9,-12,-8,-5,-11,-13,-12
120307,3/7/2012,2,1,0,2,1,-1,-2,-2
120308,3/8/2012,9,7,7,9,8,8,6,6
120309,3/9/2012,0,-3,-4,0,0,-3,-5,-5
120310,3/10/2012,-2,-3,-6,-2,-1,-6,-6,-6
120311,3/11/2012,1,1,-1,1,3,-2,-3,-3
120312,3/12/2012,10,10,7,10,8,7,6,5
120313,3/13/2012,9,10,6,9,8,7,6,6
120314,3/14/2012,4,4,3,4,4,2,3,1
120315,3/15/2012,2,1,-1,2,2,0,-1,-1
120316,3/16/2012,3,1,0,3,3,0,0,-1
120317,3/17/2012,7,5,3,7,7,4,3,2
120318,3/18/2012,14,13,11,14,14,9,11,7
120319,3/19/2012,15,14,7,15,14,10,7,8
120320,3/20/2012,17,16,9,17,15,12,14,9
120321,3/21/2012,19,19,12,19,16,14,17,11
120322,3/22/2012,19,19,14,19,16,16,16,12
120323,3/23/2012,12,11,8,12,14,10,9,6
120324,3/24/2012,9,7,4,9,10,6,7,2
120325,3/25/2012,4,4,1,4,5,2,3,0
120326,3/26/2012,0,-2,-5,0,-1,-3,-3,-5
120327,3/27/2012,-2,-5,-6,-2,-2,-6,-9,-6
120328,3/28/2012,-1,-2,-4,-1,0,-3,-5,-2
120329,3/29/2012,1,-1,-3,1,1,-2,-5,-2
120330,3/30/2012,1,-3,-5,1,1,-3,-7,-4
120331,3/31/2012,4,2,-4,4,4,0,-4,0
120401,4/1/2012,4,3,-1,4,3,1,-2,1
120402,4/2/2012,3,2,-1,3,5,1,-2,1
120403,4/3/2012,4,2,0,4,5,1,-2,1
120404,4/4/2012,5,5,2,5,6,3,-1,4
120405,4/5/2012,2,1,-2,2,2,-1,-3,-1
120406,4/6/2012,3,2,0,2,4,1,-2,1
120407,4/7/2012,3,2,0,3,4,1,-2,1
120408,4/8/2012,3,1,-2,3,5,0,-3,0
120409,4/9/2012,5,1,-1,5,4,1,-2,2
120410,4/10/2012,6,3,1,6,6,3,-1,3
120411,4/11/2012,5,3,2,5,5,2,0,2
120412,4/12/2012,6,4,3,6,5,4,1,4
120413,4/13/2012,8,6,4,8,6,5,3,6
120414,4/14/2012,10,10,8,10,10,9,7,10
120415,4/15/2012,16,15,12,16,14,13,11,14
120416,4/16/2012,22,21,19,22,22,20,17,20
120417,4/17/2012,15,13,11,15,16,12,10,12
120418,4/18/2012,9,8,5,9,9,6,4,7
120419,4/19/2012,11,11,8,11,10,9,8,10
120420,4/20/2012,16,16,14,16,14,14,14,15
120421,4/21/2012,15,13,12,15,16,13,12,14
120422,4/22/2012,6,5,3,6,8,4,3,6
120423,4/23/2012,9,6,6,9,9,6,4,7
120424,4/24/2012,6,5,2,6,6,3,0,4
120425,4/25/2012,6,7,2,6,6,4,2,5
120426,4/26/2012,6,8,4,6,7,5,3,6
120427,4/27/2012,1,3,-2,1,3,0,-2,1
120428,4/28/2012,1,2,-3,1,3,-1,-4,0
120429,4/29/2012,3,4,-1,3,4,1,-2,2
120430,4/30/2012,7,7,5,7,9,5,3,6
120501,5/1/2012,6,4,1,6,6,2,2,4
120502,5/2/2012,7,4,3,7,7,4,3,5
120503,5/3/2012,9,6,4,9,9,6,4,7
120504,5/4/2012,10,8,6,10,10,7,6,9
120505,5/5/2012,12,11,9,12,12,9,7,10
120506,5/6/2012,12,11,8,12,12,9,7,9
120507,5/7/2012,14,12,10,14,12,8,10,11
120508,5/8/2012,8,6,4,8,9,5,5,5
120509,5/9/2012,12,10,8,12,12,10,11,10
120510,5/10/2012,9,7,6,9,10,6,6,6
120511,5/11/2012,11,8,6,11,9,7,5,5
120512,5/12/2012,14,14,11,14,12,11,10,10
120513,5/13/2012,19,19,15,19,17,16,16,14
120514,5/14/2012,14,12,11,11,14,11,11,11
120515,5/15/2012,14,12,11,14,14,11,11,11
120516,5/16/2012,17,14,14,17,16,14,14,14
120517,5/17/2012,12,10,8,12,11,9,8,8
120518,5/18/2012,14,12,11,14,13,12,11,11
120519,5/19/2012,18,18,16,18,17,16,16,15
120520,5/20/2012,22,21,19,22,20,19,20,18
120521,5/21/2012,21,18,16,21,18,17,17,16
120522,5/22/2012,18,16,14,18,19,16,15,15
120523,5/23/2012,21,19,17,21,20,17,17,16
120524,5/24/2012,19,16,15,19,19,16,15,15
120525,5/25/2012,15,14,13,15,16,14,14,14
120526,5/26/2012,22,19,17,22,21,18,14,17
120527,5/27/2012,19,17,16,19,19,17,16,16
120528,5/28/2012,20,18,17,20,19,18,17,16
120529,5/29/2012,14,14,12,14,15,13,13,13
120530,5/30/2012,20,18,17,20,19,17,17,16
120531,5/31/2012,17,15,14,17,17,15,14,14
120601,6/1/2012,16,13,12,16,14,12,12,11
120602,6/2/2012,11,9,7,11,12,9,7,7
120603,6/3/2012,13,11,8,13,13,10,9,8
120604,6/4/2012,10,7,5,10,10,7,6,6
120605,6/5/2012,12,10,8,12,12,9,8,8
120606,6/6/2012,14,10,10,14,12,11,11,10
120607,6/7/2012,15,14,11,15,14,12,11,11
120608,6/8/2012,16,14,14,16,17,14,14,13
120609,6/9/2012,16,12,13,16,17,14,13,13
120610,6/10/2012,19,16,17,19,18,16,17,16
120611,6/11/2012,19,15,16,19,18,16,18,16
120612,6/12/2012,19,15,16,19,17,17,18,16
120613,6/13/2012,18,14,16,18,19,15,15,14
120614,6/14/2012,18,14,15,18,17,16,15,14
120615,6/15/2012,19,15,15,19,16,15,15,13
120616,6/16/2012,19,15,16,19,17,16,17,15
120617,6/17/2012,18,13,14,18,18,16,15,14
120618,6/18/2012,16,11,12,16,15,13,13,12
120619,6/19/2012,18,14,16,18,17,16,16,16
120620,6/20/2012,26,22,24,26,25,24,24,24
120621,6/21/2012,27,24,25,27,26,26,24,26
120622,6/22/2012,24,21,22,24,24,22,22,22
120623,6/23/2012,21,17,19,21,22,20,19,20
120624,6/24/2012,21,16,18,21,21,18,17,18
120625,6/25/2012,16,12,11,16,16,13,13,13
120626,6/26/2012,14,9,11,14,14,11,11,11
120627,6/27/2012,15,10,11,15,14,12,10,11
120628,6/28/2012,19,14,16,19,19,16,14,16
120629,6/29/2012,22,18,19,22,20,19,19,19
120630,6/30/2012,23,19,21,23,22,21,20,20
120701,7/1/2012,22,17,20,22,22,20,19,20
120702,7/2/2012,20,14,18,20,20,18,18,19
120703,7/3/2012,19,14,17,19,19,16,17,17
120704,7/4/2012,21,17,19,21,21,19,19,19
120705,7/5/2012,21,15,17,21,20,17,16,17
120706,7/6/2012,22,17,20,22,22,19,19,19
120707,7/7/2012,22,17,21,22,23,21,21,21
120708,7/8/2012,19,15,17,19,21,17,17,17
120709,7/9/2012,18,13,16,18,18,16,16,16
120710,7/10/2012,18,14,16,18,17,16,16,17
120711,7/11/2012,21,17,19,21,19,19,20,19
120712,7/12/2012,22,19,21,22,22,20,22,21
120713,7/13/2012,24,20,23,24,23,22,23,22
120714,7/14/2012,25,21,24,25,24,22,24,23
120715,7/15/2012,25,21,24,25,25,23,24,23
120716,7/16/2012,25,19,23,25,25,22,21,21
120717,7/17/2012,25,19,23,25,24,23,23,23
120718,7/18/2012,21,16,18,21,22,18,18,18
120719,7/19/2012,18,12,15,18,17,15,15,15
120720,7/20/2012,19,13,16,19,18,16,16,15
120721,7/21/2012,21,16,18,21,19,18,18,17
120722,7/22/2012,22,17,21,22,23,19,21,20
120723,7/23/2012,22,18,21,22,24,22,21,21
120724,7/24/2012,21,15,17,21,22,18,17,17
120725,7/25/2012,19,13,16,19,19,16,16,16
120726,7/26/2012,17,12,14,17,16,14,14,14
120727,7/27/2012,21,16,18,21,20,18,18,17
120728,7/28/2012,22,16,19,22,22,19,19,18
120729,7/29/2012,20,14,17,20,20,17,17,16
120730,7/30/2012,22,17,20,22,23,19,18,19
120731,7/31/2012,22,17,20,23,21,19,19,19
120801,8/1/2012,20,15,18,20,21,18,17,18
120802,8/2/2012,21,19,20,21,24,21,21,21
120803,8/3/2012,25,19,23,25,24,22,22,21
120804,8/4/2012,25,22,23,25,24,22,22,21
120805,8/5/2012,24,17,21,24,23,20,20,20
120806,8/6/2012,19,13,15,19,18,17,15,17
120807,8/7/2012,20,15,16,20,20,17,17,17
120808,8/8/2012,22,18,19,22,21,20,21,19
120809,8/9/2012,23,18,19,23,21,20,21,20
120810,8/10/2012,20,14,16,20,20,18,17,17
120811,8/11/2012,20,15,16,20,21,18,17,17
120812,8/12/2012,22,17,18,22,23,19,19,19
120813,8/13/2012,21,20,17,21,22,18,18,18
120814,8/14/2012,22,20,17,22,21,19,18,18
120815,8/15/2012,22,19,17,22,21,19,18,18
120816,8/16/2012,20,18,16,20,19,17,16,16
120817,8/17/2012,21,19,19,21,20,18,17,18
120818,8/18/2012,19,18,18,19,19,16,18,17
120819,8/19/2012,18,16,15,18,17,15,14,16
120820,8/20/2012,20,18,17,20,18,16,18,16
120821,8/21/2012,19,17,15,19,18,16,16,15
120822,8/22/2012,20,17,16,20,17,16,17,16
120823,8/23/2012,21,19,19,21,19,19,19,19
120824,8/24/2012,21,20,20,21,21,19,20,19
120825,8/25/2012,22,20,18,22,20,19,19,19
120826,8/26/2012,23,21,19,23,22,19,20,19
120827,8/27/2012,22,17,18,22,22,19,19,19
120828,8/28/2012,19,13,13,19,19,16,14,15
120829,8/29/2012,16,11,11,16,16,13,12,12
120830,8/30/2012,18,13,14,18,17,16,15,15
120831,8/31/2012,21,17,18,21,20,19,18,19
120901,9/1/2012,21,20,19,21,20,17,18,17
120902,9/2/2012,19,18,17,19,19,16,16,15
120903,9/3/2012,19,18,17,19,18,16,17,15
120904,9/4/2012,16,15,14,16,15,13,13,14
120905,9/5/2012,21,20,19,21,20,18,17,17
120906,9/6/2012,21,21,20,21,21,17,17,17
120907,9/7/2012,22,21,20,22,22,18,18,18
120908,9/8/2012,20,19,19,20,21,17,15,16
120909,9/9/2012,16,15,15,16,16,12,11,12
120910,9/10/2012,12,10,11,12,13,9,8,9
120911,9/11/2012,14,14,13,14,15,11,9,10
120912,9/12/2012,18,16,15,18,15,15,14,14
120913,9/13/2012,21,18,18,21,17,18,17,17
120914,9/14/2012,21,20,19,21,19,19,18,18
120915,9/15/2012,15,13,13,14,14,11,10,10
120916,9/16/2012,12,8,10,12,11,8,7,7
120917,9/17/2012,15,11,13,15,14,12,11,11
120918,9/18/2012,15,13,13,15,14,13,13,13
120919,9/19/2012,12,11,10,12,10,9,9,9
120920,9/20/2012,11,9,9,11,9,7,6,6
120921,9/21/2012,13,12,11,13,11,10,9,9
120922,9/22/2012,14,13,13,14,14,12,11,11
120923,9/23/2012,12,7,10,12,12,9,7,8
120924,9/24/2012,11,8,9,11,9,7,7,7
120925,9/25/2012,12,11,10,12,11,10,9,8
120926,9/26/2012,12,8,9,12,9,10,10,9
120927,9/27/2012,10,8,8,10,9,7,6,6
120928,9/28/2012,7,5,5,7,5,4,4,3
120929,9/29/2012,11,8,9,11,11,9,8,8
120930,9/30/2012,12,7,9,12,11,9,7,8
121001,10/1/2012,12,7,9,12,12,9,8,8
121002,10/2/2012,14,11,12,14,14,12,11,11
121003,10/3/2012,15,14,13,15,14,13,12,13
121004,10/4/2012,14,13,12,14,14,12,12,12
121005,10/5/2012,16,16,15,16,17,14,12,13
121006,10/6/2012,12,11,10,12,13,10,8,8
121007,10/7/2012,7,6,5,7,8,4,3,3
121008,10/8/2012,8,7,6,8,7,4,2,2
121009,10/9/2012,8,6,5,8,6,4,3,2
121010,10/10/2012,8,7,6,8,7,6,4,5
121011,10/11/2012,8,7,6,8,8,4,1,1
121012,10/12/2012,4,3,2,4,4,1,-1,-1
121013,10/13/2012,4,3,2,4,4,0,-3,-2
121014,10/14/2012,6,5,4,6,5,4,3,3
121015,10/15/2012,13,10,10,13,11,10,10,10
121016,10/16/2012,6,8,5,6,7,3,3,3
121017,10/17/2012,9,5,6,9,8,4,2,2
121018,10/18/2012,12,10,9,12,9,7,6,6
121019,10/19/2012,12,11,10,12,11,9,9,7
121020,10/20/2012,15,14,13,15,15,11,9,9
121021,10/21/2012,9,7,7,9,9,6,4,4
121022,10/22/2012,10,6,7,10,10,6,4,4
121023,10/23/2012,9,4,6,9,8,6,3,4
121024,10/24/2012,9,6,6,9,6,5,4,3
121025,10/25/2012,11,7,8,11,9,7,6,6
121026,10/26/2012,14,10,11,14,12,10,11,10
121027,10/27/2012,16,12,12,16,13,11,11,11
121028,10/28/2012,13,9,10,13,12,9,8,7
121029,10/29/2012,12,8,10,12,13,9,8,8
121030,10/30/2012,13,9,11,13,14,11,9,10
121031,10/31/2012,9,5,7,9,9,7,5,6
121101,11/1/2012,6,1,3,6,6,3,1,1
121102,11/2/2012,6,1,3,6,7,2,0,0
121103,11/3/2012,4,-1,1,4,5,1,-1,-1
121104,11/4/2012,2,-3,-1,2,3,-2,-3,-3
121105,11/5/2012,0,-6,-4,0,0,-4,-6,-6
121106,11/6/2012,-2,-6,-5,-1,-2,-6,-8,-9
121107,11/7/2012,-2,-6,-5,-2,-3,-5,-6,-8
121108,11/8/2012,0,-4,-2,1,1,-2,-4,-4
121109,11/9/2012,2,-2,0,3,4,-1,-3,-4
121110,11/10/2012,3,0,1,4,4,0,-2,-3
121111,11/11/2012,6,2,4,7,6,2,2,0
121112,11/12/2012,10,9,8,12,9,7,8,8
121113,11/13/2012,6,1,4,7,7,4,2,2
121114,11/14/2012,1,-3,-2,2,1,-3,-2,-5
121115,11/15/2012,-1,-4,-3,0,-1,-3,-3,-6
121116,11/16/2012,1,-2,-1,2,1,-2,-1,-5
121117,11/17/2012,2,-1,0,3,3,-2,0,-5
121118,11/18/2012,1,-2,-1,2,1,-2,-1,-5
121119,11/19/2012,2,-1,-1,2,2,-3,-3,-6
121120,11/20/2012,3,2,0,3,1,1,0,-2
121121,11/21/2012,4,2,2,4,4,1,-1,-1
121122,11/22/2012,5,3,2,4,4,2,1,-1
121123,11/23/2012,6,4,3,5,5,3,1,2
121124,11/24/2012,1,0,-1,0,2,-2,-3,-3
121125,11/25/2012,-4,-6,-6,-5,-2,-6,-9,-8
121126,11/26/2012,-3,-4,-5,-3,-1,-5,-7,-6
121127,11/27/2012,-3,-4,-5,-3,-1,-4,-6,-5
121128,11/28/2012,-2,-5,-5,-3,-2,-5,-5,-5
121129,11/29/2012,-2,-6,-5,-2,0,-5,-7,-6
121130,11/30/2012,-8,-10,-10,-9,-6,-10,-13,-13
121201,12/1/2012,-6,-6,-7,-5,-5,-7,-8,-7
121202,12/2/2012,-1,-1,-2,0,0,-2,0,0
121203,12/3/2012,2,1,1,2,2,1,1,1
121204,12/4/2012,2,2,0,2,-1,2,2,2
121205,12/5/2012,1,1,0,1,2,1,-1,-1
121206,12/6/2012,-3,-5,-5,-3,-3,-5,-8,-7
121207,12/7/2012,-2,-3,-4,-2,-3,-3,-5,-4
121208,12/8/2012,2,2,0,2,0,2,0,0
121209,12/9/2012,2,1,1,2,3,1,-2,-1
121210,12/10/2012,2,1,1,2,3,1,-1,0
121211,12/11/2012,-1,-2,-3,-2,1,-2,-4,-4
121212,12/12/2012,-2,-3,-4,-3,-1,-4,-7,-7
121213,12/13/2012,-1,-2,-3,-2,-1,-3,-5,-5
121214,12/14/2012,0,-2,-2,-1,-1,-3,-4,-4
121215,12/15/2012,-3,-4,-5,-4,-2,-5,-7,-7
121216,12/16/2012,-6,-8,-8,-7,-6,-8,-9,-9
121217,12/17/2012,-2,-3,-4,-2,-2,-3,-4,-4
121218,12/18/2012,1,1,0,1,1,1,-1,1
121219,12/19/2012,0,-1,-1,0,0,-1,-2,-2
121220,12/20/2012,-1,-2,-2,-1,1,-2,-4,-3
121221,12/21/2012,3,1,2,2,4,1,-1,0
121222,12/22/2012,-3,-4,-5,-4,-1,-6,-8,-6
121223,12/23/2012,-6,-7,-7,-7,-3,-7,-11,-9
121224,12/24/2012,-4,-5,-5,-5,-2,-7,-7,-8
121225,12/25/2012,-5,-6,-6,-6,-4,-8,-9,-7
121226,12/26/2012,-4,-6,-7,-5,-6,-7,-9,-9
121227,12/27/2012,-2,-3,-3,-3,-1,-4,-6,-5
121228,12/28/2012,-6,-6,-7,-6,-4,-7,-10,-9
121229,12/29/2012,-6,-7,-8,-7,-6,-7,-9,-9
121230,12/30/2012,-10,-10,-11,-11,-7,-10,-12,-11
121231,12/31/2012,-7,-8,-9,-10,-5,-9,-9,-11